Date,Country,Population,Confirmed_Cases,New_Cases,Deaths,New_Deaths,Recovered,Active_Cases,Vaccinations,Death_Rate_Percent,Recovery_Rate_Percent
2020-01-01,India,1380000000,43,43,0,0,33,10,0,0,76.74
2020-01-02,India,1380000000,102,59,1,1,85,16,0,0.98,83.33
2020-01-03,India,1380000000,154,52,1,0,128,25,0,0.65,83.12
2020-01-04,India,1380000000,208,54,1,0,174,33,0,0.48,83.65
2020-01-05,India,1380000000,280,72,1,0,233,46,0,0.36,83.21
2020-01-06,India,1380000000,329,49,1,0,275,53,0,0.3,83.59
2020-01-07,India,1380000000,389,60,1,0,328,60,0,0.26,84.32
2020-01-08,India,1380000000,467,78,1,0,397,69,0,0.21,85.01
2020-01-09,India,1380000000,532,65,1,0,455,76,0,0.19,85.53
2020-01-10,India,1380000000,622,90,2,1,527,93,0,0.32,84.73
2020-01-11,India,1380000000,693,71,3,1,585,105,0,0.43,84.42
2020-01-12,India,1380000000,774,81,4,1,652,118,0,0.52,84.24
2020-01-13,India,1380000000,914,140,5,1,785,124,0,0.55,85.89
2020-01-14,India,1380000000,1023,109,7,2,888,128,0,0.68,86.8
2020-01-15,India,1380000000,1118,95,8,1,963,147,0,0.72,86.14
2020-01-16,India,1380000000,1229,111,9,1,1050,170,0,0.73,85.44
2020-01-17,India,1380000000,1311,82,9,0,1126,176,0,0.69,85.89
2020-01-18,India,1380000000,1387,76,9,0,1189,189,0,0.65,85.72
2020-01-19,India,1380000000,1473,86,10,1,1257,206,0,0.68,85.34
2020-01-20,India,1380000000,1585,112,12,2,1359,214,0,0.76,85.74
2020-01-21,India,1380000000,1711,126,14,2,1474,223,0,0.82,86.15
2020-01-22,India,1380000000,1849,138,14,0,1590,245,0,0.76,85.99
2020-01-23,India,1380000000,1942,93,14,0,1667,261,0,0.72,85.84
2020-01-24,India,1380000000,2096,154,15,1,1807,274,0,0.72,86.21
2020-01-25,India,1380000000,2248,152,17,2,1928,303,0,0.76,85.77
2020-01-26,India,1380000000,2390,142,19,2,2058,313,0,0.79,86.11
2020-01-27,India,1380000000,2573,183,21,2,2217,335,0,0.82,86.16
2020-01-28,India,1380000000,2727,154,22,1,2337,368,0,0.81,85.7
2020-01-29,India,1380000000,2843,116,23,1,2446,374,0,0.81,86.04
2020-01-30,India,1380000000,3030,187,24,1,2605,401,0,0.79,85.97
2020-01-31,India,1380000000,3169,139,25,1,2720,424,0,0.79,85.83
2020-02-01,India,1380000000,3358,189,26,1,2899,433,0,0.77,86.33
2020-02-02,India,1380000000,3545,187,29,3,3071,445,0,0.82,86.63
2020-02-03,India,1380000000,3763,218,30,1,3276,457,0,0.8,87.06
2020-02-04,India,1380000000,3997,234,34,4,3471,492,0,0.85,86.84
2020-02-05,India,1380000000,4191,194,35,1,3630,526,0,0.84,86.61
2020-02-06,India,1380000000,4436,245,39,4,3821,576,0,0.88,86.14
2020-02-07,India,1380000000,4627,191,41,2,3984,602,0,0.89,86.1
2020-02-08,India,1380000000,4820,193,43,2,4167,610,0,0.89,86.45
2020-02-09,India,1380000000,5023,203,45,2,4344,634,0,0.9,86.48
2020-02-10,India,1380000000,5209,186,49,4,4521,639,0,0.94,86.79
2020-02-11,India,1380000000,5502,293,51,2,4775,676,0,0.93,86.79
2020-02-12,India,1380000000,5695,193,52,1,4946,697,0,0.91,86.85
2020-02-13,India,1380000000,5897,202,54,2,5105,738,0,0.92,86.57
2020-02-14,India,1380000000,6169,272,56,2,5324,789,0,0.91,86.3
2020-02-15,India,1380000000,6414,245,59,3,5558,797,0,0.92,86.65
2020-02-16,India,1380000000,6718,304,64,5,5808,846,0,0.95,86.45
2020-02-17,India,1380000000,6940,222,67,3,5995,878,0,0.97,86.38
2020-02-18,India,1380000000,7302,362,72,5,6283,947,0,0.99,86.04
2020-02-19,India,1380000000,7674,372,79,7,6594,1001,0,1.03,85.93
2020-02-20,India,1380000000,8079,405,81,2,6947,1051,0,1,85.99
2020-02-21,India,1380000000,8438,359,84,3,7268,1086,0,1,86.13
2020-02-22,India,1380000000,8785,347,88,4,7597,1100,0,1,86.48
2020-02-23,India,1380000000,9060,275,90,2,7828,1142,0,0.99,86.4
2020-02-24,India,1380000000,9373,313,95,5,8118,1160,0,1.01,86.61
2020-02-25,India,1380000000,9752,379,100,5,8449,1203,0,1.03,86.64
2020-02-26,India,1380000000,10085,333,106,6,8762,1217,0,1.05,86.88
2020-02-27,India,1380000000,10434,349,111,5,9055,1268,0,1.06,86.78
2020-02-28,India,1380000000,10905,471,120,9,9497,1288,0,1.1,87.09
2020-02-29,India,1380000000,11232,327,126,6,9789,1317,0,1.12,87.15
2020-03-01,India,1380000000,11642,410,128,2,10116,1398,0,1.1,86.89
2020-03-02,India,1380000000,12112,470,135,7,10483,1494,0,1.11,86.55
2020-03-03,India,1380000000,12540,428,142,7,10867,1531,0,1.13,86.66
2020-03-04,India,1380000000,12882,342,145,3,11177,1560,0,1.13,86.76
2020-03-05,India,1380000000,13263,381,151,6,11518,1594,0,1.14,86.84
2020-03-06,India,1380000000,13628,365,158,7,11845,1625,0,1.16,86.92
2020-03-07,India,1380000000,14021,393,162,4,12170,1689,0,1.16,86.8
2020-03-08,India,1380000000,14505,484,166,4,12632,1707,0,1.14,87.09
2020-03-09,India,1380000000,15071,566,175,9,13154,1742,0,1.16,87.28
2020-03-10,India,1380000000,15545,474,181,6,13572,1792,0,1.16,87.31
2020-03-11,India,1380000000,15939,394,187,6,13899,1853,0,1.17,87.2
2020-03-12,India,1380000000,16456,517,190,3,14362,1904,0,1.15,87.28
2020-03-13,India,1380000000,16977,521,201,11,14858,1918,0,1.18,87.52
2020-03-14,India,1380000000,17600,623,213,12,15376,2011,0,1.21,87.36
2020-03-15,India,1380000000,18274,674,220,7,15922,2132,0,1.2,87.13
2020-03-16,India,1380000000,18812,538,228,8,16432,2152,0,1.21,87.35
2020-03-17,India,1380000000,19468,656,232,4,17016,2220,0,1.19,87.4
2020-03-18,India,1380000000,20291,823,249,17,17678,2364,0,1.23,87.12
2020-03-19,India,1380000000,21032,741,262,13,18348,2422,0,1.25,87.24
2020-03-20,India,1380000000,21664,632,272,10,18881,2511,0,1.26,87.15
2020-03-21,India,1380000000,22418,754,286,14,19586,2546,0,1.28,87.37
2020-03-22,India,1380000000,23006,588,298,12,20098,2610,0,1.3,87.36
2020-03-23,India,1380000000,23873,867,312,14,20883,2678,0,1.31,87.48
2020-03-24,India,1380000000,24558,685,324,12,21527,2707,0,1.32,87.66
2020-03-25,India,1380000000,25126,568,328,4,22029,2769,0,1.31,87.67
2020-03-26,India,1380000000,25671,545,331,3,22499,2841,0,1.29,87.64
2020-03-27,India,1380000000,26199,528,339,8,22913,2947,0,1.29,87.46
2020-03-28,India,1380000000,26993,794,344,5,23649,3000,0,1.27,87.61
2020-03-29,India,1380000000,27640,647,353,9,24243,3044,0,1.28,87.71
2020-03-30,India,1380000000,28370,730,359,6,24894,3117,0,1.27,87.75
2020-03-31,India,1380000000,29587,1217,378,19,26002,3207,0,1.28,87.88
2020-04-01,India,1380000000,30712,1125,402,24,26984,3326,0,1.31,87.86
2020-04-02,India,1380000000,31706,994,412,10,27837,3457,0,1.3,87.8
2020-04-03,India,1380000000,32455,749,417,5,28424,3614,0,1.28,87.58
2020-04-04,India,1380000000,33200,745,423,6,29026,3751,0,1.27,87.43
2020-04-05,India,1380000000,34376,1176,434,11,30059,3883,0,1.26,87.44
2020-04-06,India,1380000000,35429,1053,445,11,31061,3923,0,1.26,87.67
2020-04-07,India,1380000000,36566,1137,465,20,32061,4040,0,1.27,87.68
2020-04-08,India,1380000000,37292,726,472,7,32673,4147,0,1.27,87.61
2020-04-09,India,1380000000,38600,1308,495,23,33696,4409,0,1.28,87.3
2020-04-10,India,1380000000,39516,916,501,6,34491,4524,0,1.27,87.28
2020-04-11,India,1380000000,40879,1363,519,18,35596,4764,0,1.27,87.08
2020-04-12,India,1380000000,41570,691,529,10,36213,4828,0,1.27,87.11
2020-04-13,India,1380000000,42367,797,534,5,36888,4945,0,1.26,87.07
2020-04-14,India,1380000000,43402,1035,554,20,37818,5030,0,1.28,87.13
2020-04-15,India,1380000000,44992,1590,567,13,39078,5347,0,1.26,86.86
2020-04-16,India,1380000000,46013,1021,582,15,40047,5384,0,1.26,87.03
2020-04-17,India,1380000000,47101,1088,598,16,40971,5532,0,1.27,86.99
2020-04-18,India,1380000000,48080,979,612,14,41900,5568,0,1.27,87.15
2020-04-19,India,1380000000,49706,1626,631,19,43449,5626,0,1.27,87.41
2020-04-20,India,1380000000,50740,1034,642,11,44412,5686,0,1.27,87.53
2020-04-21,India,1380000000,51930,1190,649,7,45514,5767,0,1.25,87.64
2020-04-22,India,1380000000,52971,1041,666,17,46443,5862,0,1.26,87.68
2020-04-23,India,1380000000,54080,1109,688,22,47454,5938,0,1.27,87.75
2020-04-24,India,1380000000,55151,1071,697,9,48434,6020,0,1.26,87.82
2020-04-25,India,1380000000,56576,1425,723,26,49799,6054,0,1.28,88.02
2020-04-26,India,1380000000,57471,895,739,16,50552,6180,0,1.29,87.96
2020-04-27,India,1380000000,58476,1005,759,20,51491,6226,0,1.3,88.05
2020-04-28,India,1380000000,60156,1680,789,30,52832,6535,0,1.31,87.82
2020-04-29,India,1380000000,61346,1190,813,24,53868,6665,0,1.33,87.81
2020-04-30,India,1380000000,62534,1188,837,24,54877,6820,0,1.34,87.76
2020-05-01,India,1380000000,64103,1569,846,9,56356,6901,0,1.32,87.91
2020-05-02,India,1380000000,65379,1276,873,27,57569,6937,0,1.34,88.05
2020-05-03,India,1380000000,66594,1215,891,18,58654,7049,0,1.34,88.08
2020-05-04,India,1380000000,67589,995,902,11,59550,7137,0,1.33,88.11
2020-05-05,India,1380000000,68873,1284,925,23,60734,7214,0,1.34,88.18
2020-05-06,India,1380000000,70115,1242,943,18,61801,7371,0,1.34,88.14
2020-05-07,India,1380000000,71538,1423,971,28,63000,7567,0,1.36,88.07
2020-05-08,India,1380000000,73149,1611,983,12,64280,7886,0,1.34,87.88
2020-05-09,India,1380000000,75012,1863,1015,32,65757,8240,0,1.35,87.66
2020-05-10,India,1380000000,76644,1632,1026,11,67054,8564,0,1.34,87.49
2020-05-11,India,1380000000,78390,1746,1064,38,68533,8793,0,1.36,87.43
2020-05-12,India,1380000000,80247,1857,1103,39,70311,8833,0,1.37,87.62
2020-05-13,India,1380000000,81646,1399,1128,25,71496,9022,0,1.38,87.57
2020-05-14,India,1380000000,82714,1068,1149,21,72350,9215,0,1.39,87.47
2020-05-15,India,1380000000,84779,2065,1177,28,73964,9638,0,1.39,87.24
2020-05-16,India,1380000000,86169,1390,1187,10,75077,9905,0,1.38,87.13
2020-05-17,India,1380000000,87743,1574,1212,25,76516,10015,0,1.38,87.2
2020-05-18,India,1380000000,89495,1752,1233,21,77972,10290,0,1.38,87.12
2020-05-19,India,1380000000,91139,1644,1265,32,79320,10554,0,1.39,87.03
2020-05-20,India,1380000000,92792,1653,1301,36,80631,10860,0,1.4,86.89
2020-05-21,India,1380000000,94758,1966,1330,29,82507,10921,0,1.4,87.07
2020-05-22,India,1380000000,97261,2503,1372,42,84664,11225,0,1.41,87.05
2020-05-23,India,1380000000,99064,1803,1400,28,86259,11405,0,1.41,87.07
2020-05-24,India,1380000000,100720,1656,1426,26,87633,11661,0,1.42,87.01
2020-05-25,India,1380000000,102751,2031,1444,18,89386,11921,0,1.41,86.99
2020-05-26,India,1380000000,104819,2068,1458,14,91361,12000,0,1.39,87.16
2020-05-27,India,1380000000,106068,1249,1485,27,92492,12091,0,1.4,87.2
2020-05-28,India,1380000000,107303,1235,1508,23,93607,12188,0,1.41,87.24
2020-05-29,India,1380000000,109177,1874,1524,16,95375,12278,0,1.4,87.36
2020-05-30,India,1380000000,111197,2020,1549,25,97289,12359,0,1.39,87.49
2020-05-31,India,1380000000,113519,2322,1595,46,99119,12805,0,1.41,87.31
2020-06-01,India,1380000000,115287,1768,1628,33,100812,12847,0,1.41,87.44
2020-06-02,India,1380000000,117001,1714,1642,14,102332,13027,0,1.4,87.46
2020-06-03,India,1380000000,118930,1929,1679,37,104127,13124,0,1.41,87.55
2020-06-04,India,1380000000,120727,1797,1703,24,105662,13362,0,1.41,87.52
2020-06-05,India,1380000000,122527,1800,1738,35,107329,13460,0,1.42,87.6
2020-06-06,India,1380000000,124354,1827,1778,40,109081,13495,0,1.43,87.72
2020-06-07,India,1380000000,126791,2437,1829,51,111354,13608,0,1.44,87.82
2020-06-08,India,1380000000,128763,1972,1848,19,113052,13863,0,1.44,87.8
2020-06-09,India,1380000000,130227,1464,1872,24,114356,13999,0,1.44,87.81
2020-06-10,India,1380000000,132300,2073,1896,24,116015,14389,0,1.43,87.69
2020-06-11,India,1380000000,134275,1975,1932,36,117740,14603,0,1.44,87.69
2020-06-12,India,1380000000,137020,2745,1985,53,120153,14882,0,1.45,87.69
2020-06-13,India,1380000000,139313,2293,2013,28,121996,15304,0,1.44,87.57
2020-06-14,India,1380000000,141285,1972,2025,12,123802,15458,0,1.43,87.63
2020-06-15,India,1380000000,143796,2511,2048,23,125822,15926,0,1.42,87.5
2020-06-16,India,1380000000,146053,2257,2062,14,127724,16267,0,1.41,87.45
2020-06-17,India,1380000000,147469,1416,2080,18,129058,16331,0,1.41,87.52
2020-06-18,India,1380000000,149984,2515,2109,29,131252,16623,0,1.41,87.51
2020-06-19,India,1380000000,151765,1781,2137,28,132917,16711,0,1.41,87.58
2020-06-20,India,1380000000,154244,2479,2189,52,134916,17139,0,1.42,87.47
2020-06-21,India,1380000000,156193,1949,2208,19,136597,17388,0,1.41,87.45
2020-06-22,India,1380000000,158453,2260,2256,48,138560,17637,0,1.42,87.45
2020-06-23,India,1380000000,160854,2401,2279,23,140465,18110,0,1.42,87.32
2020-06-24,India,1380000000,162370,1516,2291,12,141682,18397,0,1.41,87.26
2020-06-25,India,1380000000,163984,1614,2309,18,143201,18474,0,1.41,87.33
2020-06-26,India,1380000000,166136,2152,2338,29,145138,18660,0,1.41,87.36
2020-06-27,India,1380000000,167957,1821,2350,12,146613,18994,0,1.4,87.29
2020-06-28,India,1380000000,169770,1813,2368,18,148084,19318,0,1.39,87.23
2020-06-29,India,1380000000,171297,1527,2386,18,149413,19498,0,1.39,87.22
2020-06-30,India,1380000000,173208,1911,2418,32,150917,19873,0,1.4,87.13
2020-07-01,India,1380000000,175379,2171,2433,15,152951,19995,0,1.39,87.21
2020-07-02,India,1380000000,177837,2458,2483,50,154895,20459,0,1.4,87.1
2020-07-03,India,1380000000,180144,2307,2524,41,156771,20849,0,1.4,87.03
2020-07-04,India,1380000000,181913,1769,2540,16,158268,21105,0,1.4,87
2020-07-05,India,1380000000,184945,3032,2576,36,160885,21484,0,1.39,86.99
2020-07-06,India,1380000000,186814,1869,2609,33,162355,21850,0,1.4,86.91
2020-07-07,India,1380000000,189116,2302,2655,46,164362,22099,0,1.4,86.91
2020-07-08,India,1380000000,190767,1651,2678,23,165681,22408,0,1.4,86.85
2020-07-09,India,1380000000,193359,2592,2703,25,167828,22828,0,1.4,86.8
2020-07-10,India,1380000000,194623,1264,2718,15,168818,23087,0,1.4,86.74
2020-07-11,India,1380000000,196246,1623,2736,18,170118,23392,0,1.39,86.69
2020-07-12,India,1380000000,197989,1743,2771,35,171663,23555,0,1.4,86.7
2020-07-13,India,1380000000,200356,2367,2804,33,173546,24006,0,1.4,86.62
2020-07-14,India,1380000000,202553,2197,2836,32,175491,24226,0,1.4,86.64
2020-07-15,India,1380000000,204353,1800,2850,14,176986,24517,0,1.39,86.61
2020-07-16,India,1380000000,206938,2585,2880,30,179302,24756,0,1.39,86.65
2020-07-17,India,1380000000,208312,1374,2909,29,180523,24880,0,1.4,86.66
2020-07-18,India,1380000000,210603,2291,2931,22,182351,25321,0,1.39,86.59
2020-07-19,India,1380000000,212378,1775,2946,15,183795,25637,0,1.39,86.54
2020-07-20,India,1380000000,214095,1717,2964,18,185187,25944,0,1.38,86.5
2020-07-21,India,1380000000,215316,1221,2990,26,186164,26162,0,1.39,86.46
2020-07-22,India,1380000000,217475,2159,3016,26,188224,26235,0,1.39,86.55
2020-07-23,India,1380000000,219460,1985,3036,20,189833,26591,0,1.38,86.5
2020-07-24,India,1380000000,221450,1990,3069,33,191718,26663,0,1.39,86.57
2020-07-25,India,1380000000,224176,2726,3097,28,194221,26858,0,1.38,86.64
2020-07-26,India,1380000000,226691,2515,3119,22,196329,27243,0,1.38,86.61
2020-07-27,India,1380000000,228659,1968,3138,19,197904,27617,0,1.37,86.55
2020-07-28,India,1380000000,229796,1137,3155,17,198849,27792,0,1.37,86.53
2020-07-29,India,1380000000,231306,1510,3175,20,200171,27960,0,1.37,86.54
2020-07-30,India,1380000000,233243,1937,3188,13,201799,28256,0,1.37,86.52
2020-07-31,India,1380000000,234891,1648,3215,27,203309,28367,0,1.37,86.55
2020-08-01,India,1380000000,236986,2095,3247,32,205120,28619,0,1.37,86.55
2020-08-02,India,1380000000,238308,1322,3274,27,206348,28686,0,1.37,86.59
2020-08-03,India,1380000000,239809,1501,3306,32,207552,28951,0,1.38,86.55
2020-08-04,India,1380000000,241663,1854,3322,16,209020,29321,0,1.37,86.49
2020-08-05,India,1380000000,243481,1818,3354,32,210626,29501,0,1.38,86.51
2020-08-06,India,1380000000,245221,1740,3386,32,212046,29789,0,1.38,86.47
2020-08-07,India,1380000000,247026,1805,3401,15,213507,30118,0,1.38,86.43
2020-08-08,India,1380000000,248964,1938,3428,27,215143,30393,0,1.38,86.42
2020-08-09,India,1380000000,251069,2105,3470,42,216933,30666,0,1.38,86.4
2020-08-10,India,1380000000,252729,1660,3489,19,218366,30874,0,1.38,86.4
2020-08-11,India,1380000000,254910,2181,3512,23,220360,31038,0,1.38,86.45
2020-08-12,India,1380000000,256200,1290,3538,26,221455,31207,0,1.38,86.44
2020-08-13,India,1380000000,257908,1708,3563,25,223065,31280,0,1.38,86.49
2020-08-14,India,1380000000,259351,1443,3593,30,224353,31405,0,1.39,86.51
2020-08-15,India,1380000000,261121,1770,3613,20,225777,31731,0,1.38,86.46
2020-08-16,India,1380000000,262951,1830,3639,26,227498,31814,0,1.38,86.52
2020-08-17,India,1380000000,265027,2076,3677,38,229173,32177,0,1.39,86.47
2020-08-18,India,1380000000,266380,1353,3701,24,230236,32443,0,1.39,86.43
2020-08-19,India,1380000000,267792,1412,3722,21,231531,32539,0,1.39,86.46
2020-08-20,India,1380000000,269318,1526,3751,29,232751,32816,0,1.39,86.42
2020-08-21,India,1380000000,271191,1873,3787,36,234254,33150,0,1.4,86.38
2020-08-22,India,1380000000,273210,2019,3803,16,235912,33495,0,1.39,86.35
2020-08-23,India,1380000000,274678,1468,3828,25,237247,33603,0,1.39,86.37
2020-08-24,India,1380000000,276704,2026,3857,29,238919,33928,0,1.39,86.34
2020-08-25,India,1380000000,278584,1880,3878,21,240446,34260,0,1.39,86.31
2020-08-26,India,1380000000,280189,1605,3897,19,241831,34461,0,1.39,86.31
2020-08-27,India,1380000000,281985,1796,3934,37,243281,34770,0,1.4,86.27
2020-08-28,India,1380000000,283569,1584,3959,25,244521,35089,0,1.4,86.23
2020-08-29,India,1380000000,286020,2451,4007,48,246844,35169,0,1.4,86.3
2020-08-30,India,1380000000,288103,2083,4050,43,248733,35320,0,1.41,86.33
2020-08-31,India,1380000000,289772,1669,4064,14,250207,35501,0,1.4,86.35
2020-09-01,India,1380000000,290942,1170,4084,20,251316,35542,0,1.4,86.38
2020-09-02,India,1380000000,293019,2077,4127,43,253104,35788,0,1.41,86.38
2020-09-03,India,1380000000,295338,2319,4155,28,254935,36248,0,1.41,86.32
2020-09-04,India,1380000000,296940,1602,4173,18,256416,36351,0,1.41,86.35
2020-09-05,India,1380000000,298627,1687,4207,34,257837,36583,0,1.41,86.34
2020-09-06,India,1380000000,299573,946,4217,10,258700,36656,0,1.41,86.36
2020-09-07,India,1380000000,300662,1089,4231,14,259577,36854,0,1.41,86.34
2020-09-08,India,1380000000,302014,1352,4242,11,260752,37020,0,1.4,86.34
2020-09-09,India,1380000000,303641,1627,4261,19,262191,37189,0,1.4,86.35
2020-09-10,India,1380000000,305000,1359,4282,21,263254,37464,0,1.4,86.31
2020-09-11,India,1380000000,306156,1156,4306,24,264186,37664,0,1.41,86.29
2020-09-12,India,1380000000,307670,1514,4325,19,265390,37955,0,1.41,86.26
2020-09-13,India,1380000000,309041,1371,4346,21,266475,38220,0,1.41,86.23
2020-09-14,India,1380000000,310442,1401,4371,25,267620,38451,0,1.41,86.21
2020-09-15,India,1380000000,311768,1326,4383,12,268663,38722,0,1.41,86.17
2020-09-16,India,1380000000,313151,1383,4401,18,269882,38868,0,1.41,86.18
2020-09-17,India,1380000000,314868,1717,4423,22,271345,39100,0,1.4,86.18
2020-09-18,India,1380000000,315691,823,4435,12,272009,39247,0,1.4,86.16
2020-09-19,India,1380000000,317084,1393,4464,29,273189,39431,0,1.41,86.16
2020-09-20,India,1380000000,318340,1256,4476,12,274314,39550,0,1.41,86.17
2020-09-21,India,1380000000,319565,1225,4486,10,275427,39652,0,1.4,86.19
2020-09-22,India,1380000000,320850,1285,4507,21,276435,39908,0,1.4,86.16
2020-09-23,India,1380000000,321990,1140,4526,19,277328,40136,0,1.41,86.13
2020-09-24,India,1380000000,323120,1130,4534,8,278372,40214,0,1.4,86.15
2020-09-25,India,1380000000,324524,1404,4547,13,279492,40485,0,1.4,86.12
2020-09-26,India,1380000000,325580,1056,4557,10,280452,40571,0,1.4,86.14
2020-09-27,India,1380000000,326907,1327,4573,16,281646,40688,0,1.4,86.15
2020-09-28,India,1380000000,328233,1326,4585,12,282750,40898,0,1.4,86.14
2020-09-29,India,1380000000,329168,935,4603,18,283616,40949,0,1.4,86.16
2020-09-30,India,1380000000,330897,1729,4622,19,285045,41230,0,1.4,86.14
2020-10-01,India,1380000000,332487,1590,4638,16,286463,41386,0,1.39,86.16
2020-10-02,India,1380000000,333399,912,4649,11,287264,41486,0,1.39,86.16
2020-10-03,India,1380000000,334309,910,4668,19,288098,41543,0,1.4,86.18
2020-10-04,India,1380000000,335437,1128,4677,9,289154,41606,0,1.39,86.2
2020-10-05,India,1380000000,336916,1479,4704,27,290420,41792,0,1.4,86.2
2020-10-06,India,1380000000,338149,1233,4711,7,291441,41997,0,1.39,86.19
2020-10-07,India,1380000000,339973,1824,4729,18,292909,42335,0,1.39,86.16
2020-10-08,India,1380000000,341368,1395,4756,27,294244,42368,0,1.39,86.2
2020-10-09,India,1380000000,342347,979,4766,10,295010,42571,0,1.39,86.17
2020-10-10,India,1380000000,343604,1257,4791,25,296017,42796,0,1.39,86.15
2020-10-11,India,1380000000,344524,920,4804,13,296842,42878,0,1.39,86.16
2020-10-12,India,1380000000,345886,1362,4830,26,297954,43102,0,1.4,86.14
2020-10-13,India,1380000000,347538,1652,4857,27,299294,43387,0,1.4,86.12
2020-10-14,India,1380000000,349176,1638,4890,33,300695,43591,0,1.4,86.12
2020-10-15,India,1380000000,350499,1323,4898,8,301766,43835,0,1.4,86.1
2020-10-16,India,1380000000,351306,807,4912,14,302407,43987,0,1.4,86.08
2020-10-17,India,1380000000,352262,956,4923,11,303202,44137,0,1.4,86.07
2020-10-18,India,1380000000,353639,1377,4939,16,304454,44246,0,1.4,86.09
2020-10-19,India,1380000000,355017,1378,4957,18,305693,44367,0,1.4,86.11
2020-10-20,India,1380000000,355925,908,4976,19,306520,44429,0,1.4,86.12
2020-10-21,India,1380000000,357318,1393,4985,9,307730,44603,0,1.4,86.12
2020-10-22,India,1380000000,358270,952,4999,14,308529,44742,0,1.4,86.12
2020-10-23,India,1380000000,359449,1179,5007,8,309603,44839,0,1.39,86.13
2020-10-24,India,1380000000,360765,1316,5025,18,310792,44948,0,1.39,86.15
2020-10-25,India,1380000000,361720,955,5043,18,311674,45003,0,1.39,86.16
2020-10-26,India,1380000000,362901,1181,5063,20,312653,45185,0,1.4,86.15
2020-10-27,India,1380000000,363829,928,5069,6,313530,45230,0,1.39,86.18
2020-10-28,India,1380000000,365403,1574,5081,12,315026,45296,0,1.39,86.21
2020-10-29,India,1380000000,366418,1015,5095,14,315977,45346,0,1.39,86.23
2020-10-30,India,1380000000,367660,1242,5117,22,317126,45417,0,1.39,86.26
2020-10-31,India,1380000000,369299,1639,5149,32,318478,45672,0,1.39,86.24
2020-11-01,India,1380000000,370881,1582,5170,21,319774,45937,0,1.39,86.22
2020-11-02,India,1380000000,372404,1523,5179,9,321153,46072,0,1.39,86.24
2020-11-03,India,1380000000,373758,1354,5193,14,322434,46131,0,1.39,86.27
2020-11-04,India,1380000000,375388,1630,5224,31,323799,46365,0,1.39,86.26
2020-11-05,India,1380000000,376708,1320,5249,25,324837,46622,0,1.39,86.23
2020-11-06,India,1380000000,377754,1046,5257,8,325667,46830,0,1.39,86.21
2020-11-07,India,1380000000,379239,1485,5282,25,326916,47041,0,1.39,86.2
2020-11-08,India,1380000000,380542,1303,5296,14,328058,47188,0,1.39,86.21
2020-11-09,India,1380000000,381952,1410,5322,26,329238,47392,0,1.39,86.2
2020-11-10,India,1380000000,383572,1620,5347,25,330569,47656,0,1.39,86.18
2020-11-11,India,1380000000,385041,1469,5356,9,331944,47741,0,1.39,86.21
2020-11-12,India,1380000000,386641,1600,5386,30,333479,47776,0,1.39,86.25
2020-11-13,India,1380000000,388071,1430,5402,16,334791,47878,0,1.39,86.27
2020-11-14,India,1380000000,389375,1304,5422,20,336013,47940,0,1.39,86.3
2020-11-15,India,1380000000,390296,921,5442,20,336858,47996,0,1.39,86.31
2020-11-16,India,1380000000,391369,1073,5461,19,337741,48167,0,1.4,86.3
2020-11-17,India,1380000000,392436,1067,5469,8,338641,48326,0,1.39,86.29
2020-11-18,India,1380000000,393669,1233,5481,12,339612,48576,0,1.39,86.27
2020-11-19,India,1380000000,394902,1233,5488,7,340792,48622,0,1.39,86.3
2020-11-20,India,1380000000,395963,1061,5505,17,341661,48797,0,1.39,86.29
2020-11-21,India,1380000000,397183,1220,5530,25,342785,48868,0,1.39,86.3
2020-11-22,India,1380000000,398668,1485,5559,29,344195,48914,0,1.39,86.34
2020-11-23,India,1380000000,399999,1331,5576,17,345380,49043,0,1.39,86.35
2020-11-24,India,1380000000,401921,1922,5603,27,346958,49360,0,1.39,86.32
2020-11-25,India,1380000000,404026,2105,5621,18,348683,49722,0,1.39,86.3
2020-11-26,India,1380000000,405780,1754,5641,20,350069,50070,0,1.39,86.27
2020-11-27,India,1380000000,407212,1432,5671,30,351413,50128,0,1.39,86.3
2020-11-28,India,1380000000,408723,1511,5698,27,352780,50245,0,1.39,86.31
2020-11-29,India,1380000000,410044,1321,5709,11,354004,50331,0,1.39,86.33
2020-11-30,India,1380000000,411494,1450,5730,21,355289,50475,0,1.39,86.34
2020-12-01,India,1380000000,412959,1465,5752,22,356455,50752,0,1.39,86.32
2020-12-02,India,1380000000,414531,1572,5764,12,357932,50835,0,1.39,86.35
2020-12-03,India,1380000000,416413,1882,5804,40,359692,50917,0,1.39,86.38
2020-12-04,India,1380000000,418299,1886,5831,27,361192,51276,0,1.39,86.35
2020-12-05,India,1380000000,420397,2098,5857,26,362969,51571,0,1.39,86.34
2020-12-06,India,1380000000,422440,2043,5885,28,364592,51963,0,1.39,86.31
2020-12-07,India,1380000000,423923,1483,5899,14,365931,52093,0,1.39,86.32
2020-12-08,India,1380000000,424872,949,5913,14,366812,52147,0,1.39,86.33
2020-12-09,India,1380000000,426405,1533,5930,17,368194,52281,0,1.39,86.35
2020-12-10,India,1380000000,427752,1347,5957,27,369438,52357,0,1.39,86.37
2020-12-11,India,1380000000,429738,1986,5989,32,371291,52458,0,1.39,86.4
2020-12-12,India,1380000000,431722,1984,6027,38,373087,52608,0,1.4,86.42
2020-12-13,India,1380000000,433839,2117,6062,35,374973,52804,0,1.4,86.43
2020-12-14,India,1380000000,435511,1672,6095,33,376539,52877,0,1.4,86.46
2020-12-15,India,1380000000,437579,2068,6108,13,378459,53012,0,1.4,86.49
2020-12-16,India,1380000000,439370,1791,6140,32,379907,53323,0,1.4,86.47
2020-12-17,India,1380000000,441033,1663,6171,31,381453,53409,0,1.4,86.49
2020-12-18,India,1380000000,442905,1872,6190,19,383121,53594,0,1.4,86.5
2020-12-19,India,1380000000,444874,1969,6232,42,384880,53762,0,1.4,86.51
2020-12-20,India,1380000000,447148,2274,6265,33,386972,53911,0,1.4,86.54
2020-12-21,India,1380000000,448719,1571,6277,12,388412,54030,0,1.4,86.56
2020-12-22,India,1380000000,450946,2227,6302,25,390402,54242,0,1.4,86.57
2020-12-23,India,1380000000,453003,2057,6345,43,392044,54614,0,1.4,86.54
2020-12-24,India,1380000000,455126,2123,6360,15,393814,54952,0,1.4,86.53
2020-12-25,India,1380000000,457359,2233,6398,38,395582,55379,0,1.4,86.49
2020-12-26,India,1380000000,458870,1511,6422,24,396773,55675,0,1.4,86.47
2020-12-27,India,1380000000,461382,2512,6472,50,399172,55738,0,1.4,86.52
2020-12-28,India,1380000000,463657,2275,6486,14,400955,56216,0,1.4,86.48
2020-12-29,India,1380000000,465610,1953,6507,21,402650,56453,0,1.4,86.48
2020-12-30,India,1380000000,468080,2470,6539,32,404698,56843,0,1.4,86.46
2020-12-31,India,1380000000,470731,2651,6597,58,406969,57165,0,1.4,86.45
2021-01-01,India,1380000000,472495,1764,6630,33,408565,57300,0,1.4,86.47
2021-01-02,India,1380000000,474644,2149,6650,20,410273,57721,1979514,1.4,86.44
2021-01-03,India,1380000000,477381,2737,6678,28,412876,57827,3959028,1.4,86.49
2021-01-04,India,1380000000,480235,2854,6702,24,415324,58209,5938543,1.4,86.48
2021-01-05,India,1380000000,482460,2225,6738,36,417218,58504,7918057,1.4,86.48
2021-01-06,India,1380000000,485026,2566,6764,26,419673,58589,9897571,1.39,86.53
2021-01-07,India,1380000000,487737,2711,6790,26,421891,59056,11877086,1.39,86.5
2021-01-08,India,1380000000,489976,2239,6804,14,423900,59272,13856600,1.39,86.51
2021-01-09,India,1380000000,492754,2778,6841,37,426550,59363,15836114,1.39,86.56
2021-01-10,India,1380000000,494971,2217,6860,19,428625,59486,17815629,1.39,86.6
2021-01-11,India,1380000000,497669,2698,6912,52,431099,59658,19795143,1.39,86.62
2021-01-12,India,1380000000,500393,2724,6955,43,433288,60150,21774658,1.39,86.59
2021-01-13,India,1380000000,503409,3016,6996,41,435704,60709,23754172,1.39,86.55
2021-01-14,India,1380000000,506059,2650,7017,21,438098,60944,25733686,1.39,86.57
2021-01-15,India,1380000000,507971,1912,7043,26,439611,61317,27713201,1.39,86.54
2021-01-16,India,1380000000,510293,2322,7078,35,441534,61681,29692715,1.39,86.53
2021-01-17,India,1380000000,512500,2207,7107,29,443260,62133,31672229,1.39,86.49
2021-01-18,India,1380000000,515479,2979,7128,21,445794,62557,33651744,1.38,86.48
2021-01-19,India,1380000000,519390,3911,7169,41,449333,62888,35631258,1.38,86.51
2021-01-20,India,1380000000,521696,2306,7214,45,451455,63027,37610772,1.38,86.54
2021-01-21,India,1380000000,524222,2526,7233,19,453535,63454,39590287,1.38,86.52
2021-01-22,India,1380000000,526525,2303,7283,50,455390,63852,41569801,1.38,86.49
2021-01-23,India,1380000000,530481,3956,7351,68,458874,64256,43549316,1.39,86.5
2021-01-24,India,1380000000,533053,2572,7366,15,461031,64656,45528830,1.38,86.49
2021-01-25,India,1380000000,535271,2218,7391,25,462774,65106,47508344,1.38,86.46
2021-01-26,India,1380000000,537900,2629,7410,19,465012,65478,49487859,1.38,86.45
2021-01-27,India,1380000000,540619,2719,7456,46,467524,65639,51467373,1.38,86.48
2021-01-28,India,1380000000,542798,2179,7476,20,469289,66033,53446887,1.38,86.46
2021-01-29,India,1380000000,545585,2787,7524,48,471478,66583,55426402,1.38,86.42
2021-01-30,India,1380000000,547894,2309,7572,48,473300,67022,57405916,1.38,86.39
2021-01-31,India,1380000000,551606,3712,7646,74,476672,67288,59385430,1.39,86.42
2021-02-01,India,1380000000,554477,2871,7700,54,479086,67691,61364945,1.39,86.4
2021-02-02,India,1380000000,557238,2761,7752,52,481464,68022,63344459,1.39,86.4
2021-02-03,India,1380000000,560462,3224,7804,52,484284,68374,65323974,1.39,86.41
2021-02-04,India,1380000000,563015,2553,7821,17,486388,68806,67303488,1.39,86.39
2021-02-05,India,1380000000,565859,2844,7845,24,489052,68962,69283002,1.39,86.43
2021-02-06,India,1380000000,568145,2286,7887,42,491106,69152,71262517,1.39,86.44
2021-02-07,India,1380000000,570658,2513,7922,35,493317,69419,73242031,1.39,86.45
2021-02-08,India,1380000000,573004,2346,7973,51,495558,69473,75221545,1.39,86.48
2021-02-09,India,1380000000,576194,3190,8025,52,498160,70009,77201060,1.39,86.46
2021-02-10,India,1380000000,578748,2554,8041,16,500270,70437,79180574,1.39,86.44
2021-02-11,India,1380000000,581663,2915,8080,39,502999,70584,81160088,1.39,86.48
2021-02-12,India,1380000000,584993,3330,8122,42,505803,71068,83139603,1.39,86.46
2021-02-13,India,1380000000,588299,3306,8161,39,508969,71169,85119117,1.39,86.52
2021-02-14,India,1380000000,590439,2140,8198,37,510825,71416,87098632,1.39,86.52
2021-02-15,India,1380000000,594516,4077,8279,81,514666,71571,89078146,1.39,86.57
2021-02-16,India,1380000000,596641,2125,8311,32,516672,71658,91057660,1.39,86.6
2021-02-17,India,1380000000,599221,2580,8335,24,518973,71913,93037175,1.39,86.61
2021-02-18,India,1380000000,602895,3674,8364,29,522312,72219,95016689,1.39,86.63
2021-02-19,India,1380000000,606202,3307,8431,67,524998,72773,96996203,1.39,86.6
2021-02-20,India,1380000000,609257,3055,8473,42,527516,73268,98975718,1.39,86.58
2021-02-21,India,1380000000,611999,2742,8527,54,529874,73598,100955232,1.39,86.58
2021-02-22,India,1380000000,613936,1937,8556,29,531441,73939,102934747,1.39,86.56
2021-02-23,India,1380000000,616964,3028,8593,37,534331,74040,104914261,1.39,86.61
2021-02-24,India,1380000000,620327,3363,8630,37,537422,74275,106893775,1.39,86.64
2021-02-25,India,1380000000,622655,2328,8648,18,539644,74363,108873290,1.39,86.67
2021-02-26,India,1380000000,624861,2206,8663,15,541432,74766,110852804,1.39,86.65
2021-02-27,India,1380000000,627645,2784,8702,39,543772,75171,112832318,1.39,86.64
2021-02-28,India,1380000000,630440,2795,8729,27,546262,75449,114811833,1.38,86.65
2021-03-01,India,1380000000,634102,3662,8792,63,549228,76082,116791347,1.39,86.62
2021-03-02,India,1380000000,637522,3420,8838,46,552415,76269,118770861,1.39,86.65
2021-03-03,India,1380000000,641185,3663,8907,69,555658,76620,120750376,1.39,86.66
2021-03-04,India,1380000000,643972,2787,8928,21,557967,77077,122729890,1.39,86.64
2021-03-05,India,1380000000,647126,3154,8949,21,560728,77449,124709405,1.38,86.65
2021-03-06,India,1380000000,650006,2880,9009,60,563138,77859,126688919,1.39,86.64
2021-03-07,India,1380000000,652455,2449,9043,34,565066,78346,128668433,1.39,86.61
2021-03-08,India,1380000000,655482,3027,9103,60,567674,78705,130647948,1.39,86.6
2021-03-09,India,1380000000,658686,3204,9148,45,570455,79083,132627462,1.39,86.6
2021-03-10,India,1380000000,661212,2526,9164,16,572565,79483,134606976,1.39,86.59
2021-03-11,India,1380000000,664390,3178,9218,54,575159,80013,136586491,1.39,86.57
2021-03-12,India,1380000000,667497,3107,9258,40,578067,80172,138566005,1.39,86.6
2021-03-13,India,1380000000,670126,2629,9281,23,580445,80400,140545519,1.38,86.62
2021-03-14,India,1380000000,673066,2940,9327,46,583198,80541,142525034,1.39,86.65
2021-03-15,India,1380000000,677305,4239,9391,64,586527,81387,144504548,1.39,86.6
2021-03-16,India,1380000000,680367,3062,9442,51,589034,81891,146484063,1.39,86.58
2021-03-17,India,1380000000,683569,3202,9494,52,591758,82317,148463577,1.39,86.57
2021-03-18,India,1380000000,686138,2569,9536,42,594223,82379,150443091,1.39,86.6
2021-03-19,India,1380000000,689250,3112,9557,21,597197,82496,152422606,1.39,86.64
2021-03-20,India,1380000000,692783,3533,9622,65,600313,82848,154402120,1.39,86.65
2021-03-21,India,1380000000,695598,2815,9672,50,602953,82973,156381634,1.39,86.68
2021-03-22,India,1380000000,697771,2173,9708,36,604963,83100,158361149,1.39,86.7
2021-03-23,India,1380000000,700256,2485,9753,45,607258,83245,160340663,1.39,86.72
2021-03-24,India,1380000000,703960,3704,9782,29,610510,83668,162320177,1.39,86.73
2021-03-25,India,1380000000,706758,2798,9799,17,612855,84104,164299692,1.39,86.71
2021-03-26,India,1380000000,709085,2327,9838,39,614832,84415,166279206,1.39,86.71
2021-03-27,India,1380000000,711260,2175,9866,28,616621,84773,168258721,1.39,86.69
2021-03-28,India,1380000000,713573,2313,9882,16,618676,85015,170238235,1.38,86.7
2021-03-29,India,1380000000,716189,2616,9925,43,621008,85256,172217749,1.39,86.71
2021-03-30,India,1380000000,718130,1941,9963,38,622703,85464,174197264,1.39,86.71
2021-03-31,India,1380000000,720698,2568,9998,35,624717,85983,176176778,1.39,86.68
2021-04-01,India,1380000000,723052,2354,10027,29,626798,86227,178156292,1.39,86.69
2021-04-02,India,1380000000,725247,2195,10058,31,628750,86439,180135807,1.39,86.69
2021-04-03,India,1380000000,728509,3262,10115,57,631855,86539,182115321,1.39,86.73
2021-04-04,India,1380000000,731703,3194,10135,20,634458,87110,184094835,1.39,86.71
2021-04-05,India,1380000000,734448,2745,10192,57,636628,87628,186074350,1.39,86.68
2021-04-06,India,1380000000,737524,3076,10256,64,639221,88047,188053864,1.39,86.67
2021-04-07,India,1380000000,740365,2841,10284,28,641582,88499,190033379,1.39,86.66
2021-04-08,India,1380000000,742768,2403,10310,26,643803,88655,192012893,1.39,86.68
2021-04-09,India,1380000000,744783,2015,10341,31,645634,88808,193992407,1.39,86.69
2021-04-10,India,1380000000,747828,3045,10372,31,648235,89221,195971922,1.39,86.68
2021-04-11,India,1380000000,750588,2760,10418,46,650477,89693,197951436,1.39,86.66
2021-04-12,India,1380000000,753327,2739,10457,39,652962,89908,199930950,1.39,86.68
2021-04-13,India,1380000000,756220,2893,10486,29,655719,90015,201910465,1.39,86.71
2021-04-14,India,1380000000,758586,2366,10518,32,657907,90161,203889979,1.39,86.73
2021-04-15,India,1380000000,761102,2516,10558,40,660300,90244,205869494,1.39,86.76
2021-04-16,India,1380000000,763917,2815,10601,43,662910,90406,207849008,1.39,86.78
2021-04-17,India,1380000000,766553,2636,10625,24,665255,90673,209828522,1.39,86.79
2021-04-18,India,1380000000,769524,2971,10662,37,668021,90841,211808037,1.39,86.81
2021-04-19,India,1380000000,772145,2621,10687,25,670433,91025,213787551,1.38,86.83
2021-04-20,India,1380000000,775287,3142,10719,32,673348,91220,215767065,1.38,86.85
2021-04-21,India,1380000000,779081,3794,10747,28,676733,91601,217746580,1.38,86.86
2021-04-22,India,1380000000,781428,2347,10778,31,678811,91839,219726094,1.38,86.87
2021-04-23,India,1380000000,784410,2982,10837,59,681253,92320,221705608,1.38,86.85
2021-04-24,India,1380000000,786778,2368,10854,17,683110,92814,223685123,1.38,86.82
2021-04-25,India,1380000000,790135,3357,10903,49,685868,93364,225664637,1.38,86.8
2021-04-26,India,1380000000,793727,3592,10947,44,689054,93726,227644152,1.38,86.81
2021-04-27,India,1380000000,796553,2826,10970,23,691611,93972,229623666,1.38,86.83
2021-04-28,India,1380000000,799212,2659,11003,33,693889,94320,231603180,1.38,86.82
2021-04-29,India,1380000000,802370,3158,11072,69,696425,94873,233582695,1.38,86.8
2021-04-30,India,1380000000,805587,3217,11096,24,699353,95138,235562209,1.38,86.81
2021-05-01,India,1380000000,807548,1961,11110,14,700912,95526,237541723,1.38,86.8
2021-05-02,India,1380000000,810442,2894,11168,58,703269,96005,239521238,1.38,86.78
2021-05-03,India,1380000000,812577,2135,11192,24,704960,96425,241500752,1.38,86.76
2021-05-04,India,1380000000,814857,2280,11224,32,706766,96867,243480266,1.38,86.73
2021-05-05,India,1380000000,817164,2307,11257,33,708930,96977,245459781,1.38,86.75
2021-05-06,India,1380000000,820078,2914,11304,47,711482,97292,247439295,1.38,86.76
2021-05-07,India,1380000000,822148,2070,11338,34,713467,97343,249418810,1.38,86.78
2021-05-08,India,1380000000,824186,2038,11371,33,715261,97554,251398324,1.38,86.78
2021-05-09,India,1380000000,826603,2417,11387,16,717390,97826,253377838,1.38,86.79
2021-05-10,India,1380000000,830043,3440,11460,73,720181,98402,255357353,1.38,86.76
2021-05-11,India,1380000000,832142,2099,11490,30,721854,98798,257336867,1.38,86.75
2021-05-12,India,1380000000,834939,2797,11526,36,724416,98997,259316381,1.38,86.76
2021-05-13,India,1380000000,838088,3149,11584,58,727397,99107,261295896,1.38,86.79
2021-05-14,India,1380000000,840076,1988,11603,19,729090,99383,263275410,1.38,86.79
2021-05-15,India,1380000000,842570,2494,11651,48,731269,99650,265254924,1.38,86.79
2021-05-16,India,1380000000,845389,2819,11696,45,733513,100180,267234439,1.38,86.77
2021-05-17,India,1380000000,847606,2217,11738,42,735554,100314,269213953,1.38,86.78
2021-05-18,India,1380000000,850195,2589,11782,44,737590,100823,271193468,1.39,86.76
2021-05-19,India,1380000000,852186,1991,11805,23,739174,101207,273172982,1.39,86.74
2021-05-20,India,1380000000,854233,2047,11847,42,740974,101412,275152496,1.39,86.74
2021-05-21,India,1380000000,856285,2052,11873,26,742796,101616,277132011,1.39,86.75
2021-05-22,India,1380000000,858068,1783,11898,25,744481,101689,279111525,1.39,86.76
2021-05-23,India,1380000000,860545,2477,11946,48,746506,102093,281091039,1.39,86.75
2021-05-24,India,1380000000,862900,2355,11995,49,748392,102513,283070554,1.39,86.73
2021-05-25,India,1380000000,865066,2166,12038,43,750419,102609,285050068,1.39,86.75
2021-05-26,India,1380000000,867944,2878,12092,54,753073,102779,287029582,1.39,86.77
2021-05-27,India,1380000000,870063,2119,12118,26,754792,103153,289009097,1.39,86.75
2021-05-28,India,1380000000,872277,2214,12155,37,756656,103466,290988611,1.39,86.74
2021-05-29,India,1380000000,874597,2320,12199,44,758520,103878,292968126,1.39,86.73
2021-05-30,India,1380000000,876956,2359,12245,46,760751,103960,294947640,1.4,86.75
2021-05-31,India,1380000000,880504,3548,12309,64,763630,104565,296927154,1.4,86.73
2021-06-01,India,1380000000,882651,2147,12339,30,765458,104854,298906669,1.4,86.72
2021-06-02,India,1380000000,884760,2109,12353,14,767112,105295,300886183,1.4,86.7
2021-06-03,India,1380000000,886637,1877,12368,15,768901,105368,302865697,1.39,86.72
2021-06-04,India,1380000000,889085,2448,12399,31,770947,105739,304845212,1.39,86.71
2021-06-05,India,1380000000,891330,2245,12430,31,772875,106025,306824726,1.39,86.71
2021-06-06,India,1380000000,893659,2329,12452,22,774951,106256,308804241,1.39,86.72
2021-06-07,India,1380000000,895569,1910,12483,31,776493,106593,310783755,1.39,86.7
2021-06-08,India,1380000000,897506,1937,12525,42,778024,106957,312763269,1.4,86.69
2021-06-09,India,1380000000,899665,2159,12561,36,780090,107014,314742784,1.4,86.71
2021-06-10,India,1380000000,901629,1964,12576,15,781729,107324,316722298,1.39,86.7
2021-06-11,India,1380000000,903639,2010,12591,15,783547,107501,318701812,1.39,86.71
2021-06-12,India,1380000000,905800,2161,12638,47,785549,107613,320681327,1.4,86.72
2021-06-13,India,1380000000,907682,1882,12667,29,787120,107895,322660841,1.4,86.72
2021-06-14,India,1380000000,910020,2338,12696,29,788998,108326,324640355,1.4,86.7
2021-06-15,India,1380000000,913233,3213,12760,64,791764,108709,326619870,1.4,86.7
2021-06-16,India,1380000000,915167,1934,12784,24,793560,108823,328599384,1.4,86.71
2021-06-17,India,1380000000,916876,1709,12814,30,795129,108933,330578899,1.4,86.72
2021-06-18,India,1380000000,918967,2091,12842,28,796767,109358,332558413,1.4,86.7
2021-06-19,India,1380000000,920996,2029,12862,20,798627,109507,334537927,1.4,86.71
2021-06-20,India,1380000000,923124,2128,12882,20,800291,109951,336517442,1.4,86.69
2021-06-21,India,1380000000,924823,1699,12898,16,801914,110011,338496956,1.39,86.71
2021-06-22,India,1380000000,926555,1732,12923,25,803406,110226,340476470,1.39,86.71
2021-06-23,India,1380000000,928607,2052,12963,40,805042,110602,342455985,1.4,86.69
2021-06-24,India,1380000000,930266,1659,12981,18,806556,110729,344435499,1.4,86.7
2021-06-25,India,1380000000,932301,2035,13008,27,808280,111013,346415013,1.4,86.7
2021-06-26,India,1380000000,934046,1745,13040,32,809921,111085,348394528,1.4,86.71
2021-06-27,India,1380000000,935398,1352,13068,28,811167,111163,350374042,1.4,86.72
2021-06-28,India,1380000000,937892,2494,13100,32,813226,111566,352353557,1.4,86.71
2021-06-29,India,1380000000,939547,1655,13132,32,814528,111887,354333071,1.4,86.69
2021-06-30,India,1380000000,941534,1987,13164,32,816313,112057,356312585,1.4,86.7
2021-07-01,India,1380000000,943911,2377,13212,48,818439,112260,358292100,1.4,86.71
2021-07-02,India,1380000000,945700,1789,13237,25,819882,112581,360271614,1.4,86.7
2021-07-03,India,1380000000,947765,2065,13273,36,821683,112809,362251128,1.4,86.7
2021-07-04,India,1380000000,949682,1917,13287,14,823425,112970,364230643,1.4,86.71
2021-07-05,India,1380000000,951708,2026,13301,14,825031,113376,366210157,1.4,86.69
2021-07-06,India,1380000000,953429,1721,13319,18,826481,113629,368189671,1.4,86.69
2021-07-07,India,1380000000,955937,2508,13365,46,828735,113837,370169186,1.4,86.69
2021-07-08,India,1380000000,957763,1826,13378,13,830376,114009,372148700,1.4,86.7
2021-07-09,India,1380000000,959591,1828,13411,33,831889,114291,374128215,1.4,86.69
2021-07-10,India,1380000000,961793,2202,13437,26,833688,114668,376107729,1.4,86.68
2021-07-11,India,1380000000,964288,2495,13456,19,835910,114922,378087243,1.4,86.69
2021-07-12,India,1380000000,966496,2208,13487,31,837648,115361,380066758,1.4,86.67
2021-07-13,India,1380000000,968945,2449,13539,52,839910,115496,382046272,1.4,86.68
2021-07-14,India,1380000000,971495,2550,13584,45,842271,115640,384025786,1.4,86.7
2021-07-15,India,1380000000,974204,2709,13628,44,844446,116130,386005301,1.4,86.68
2021-07-16,India,1380000000,976368,2164,13648,20,846278,116442,387984815,1.4,86.68
2021-07-17,India,1380000000,978251,1883,13672,24,847895,116684,389964330,1.4,86.67
2021-07-18,India,1380000000,980420,2169,13693,21,849634,117093,391943844,1.4,86.66
2021-07-19,India,1380000000,982426,2006,13711,18,851518,117197,393923358,1.4,86.68
2021-07-20,India,1380000000,983959,1533,13740,29,852951,117268,395902873,1.4,86.69
2021-07-21,India,1380000000,986258,2299,13784,44,855124,117350,397882387,1.4,86.7
2021-07-22,India,1380000000,988526,2268,13814,30,857236,117476,399861901,1.4,86.72
2021-07-23,India,1380000000,990210,1684,13843,29,858784,117583,401841416,1.4,86.73
2021-07-24,India,1380000000,991827,1617,13866,23,860331,117630,403820930,1.4,86.74
2021-07-25,India,1380000000,993961,2134,13910,44,862012,118039,405800444,1.4,86.72
2021-07-26,India,1380000000,995878,1917,13943,33,863789,118146,407779959,1.4,86.74
2021-07-27,India,1380000000,997798,1920,13961,18,865461,118376,409759473,1.4,86.74
2021-07-28,India,1380000000,999931,2133,13992,31,867351,118588,411738988,1.4,86.74
2021-07-29,India,1380000000,1002155,2224,14023,31,869204,118928,413718502,1.4,86.73
2021-07-30,India,1380000000,1004861,2706,14077,54,871624,119160,415698016,1.4,86.74
2021-07-31,India,1380000000,1007048,2187,14116,39,873392,119540,417677531,1.4,86.73
2021-08-01,India,1380000000,1008918,1870,14134,18,875095,119689,419657045,1.4,86.74
2021-08-02,India,1380000000,1010869,1951,14176,42,876651,120042,421636559,1.4,86.72
2021-08-03,India,1380000000,1013341,2472,14198,22,878826,120317,423616074,1.4,86.73
2021-08-04,India,1380000000,1015159,1818,14230,32,880445,120484,425595588,1.4,86.73
2021-08-05,India,1380000000,1016950,1791,14263,33,882020,120667,427575102,1.4,86.73
2021-08-06,India,1380000000,1018561,1611,14272,9,883497,120792,429554617,1.4,86.74
2021-08-07,India,1380000000,1020078,1517,14284,12,884763,121031,431534131,1.4,86.73
2021-08-08,India,1380000000,1021695,1617,14316,32,886314,121065,433513646,1.4,86.75
2021-08-09,India,1380000000,1023401,1706,14345,29,887916,121140,435493160,1.4,86.76
2021-08-10,India,1380000000,1024759,1358,14366,21,889070,121323,437472674,1.4,86.76
2021-08-11,India,1380000000,1027444,2685,14382,16,891463,121599,439452189,1.4,86.77
2021-08-12,India,1380000000,1029180,1736,14402,20,893065,121713,441431703,1.4,86.77
2021-08-13,India,1380000000,1031237,2057,14430,28,894907,121900,443411217,1.4,86.78
2021-08-14,India,1380000000,1032954,1717,14442,12,896425,122087,445390732,1.4,86.78
2021-08-15,India,1380000000,1035750,2796,14485,43,898946,122319,447370246,1.4,86.79
2021-08-16,India,1380000000,1038565,2815,14538,53,901278,122749,449349760,1.4,86.78
2021-08-17,India,1380000000,1040571,2006,14552,14,902863,123156,451329275,1.4,86.77
2021-08-18,India,1380000000,1043122,2551,14580,28,905213,123329,453308789,1.4,86.78
2021-08-19,India,1380000000,1045517,2395,14614,34,907270,123633,455288304,1.4,86.78
2021-08-20,India,1380000000,1047806,2289,14633,19,909190,123983,457267818,1.4,86.77
2021-08-21,India,1380000000,1049550,1744,14649,16,910738,124163,459247332,1.4,86.77
2021-08-22,India,1380000000,1051536,1986,14684,35,912643,124209,461226847,1.4,86.79
2021-08-23,India,1380000000,1053648,2112,14710,26,914532,124406,463206361,1.4,86.8
2021-08-24,India,1380000000,1055918,2270,14752,42,916350,124816,465185875,1.4,86.78
2021-08-25,India,1380000000,1058441,2523,14782,30,918577,125082,467165390,1.4,86.79
2021-08-26,India,1380000000,1060390,1949,14812,30,920161,125417,469144904,1.4,86.78
2021-08-27,India,1380000000,1061991,1601,14822,10,921416,125753,471124418,1.4,86.76
2021-08-28,India,1380000000,1063667,1676,14854,32,922805,126008,473103933,1.4,86.76
2021-08-29,India,1380000000,1065144,1477,14885,31,924025,126234,475083447,1.4,86.75
2021-08-30,India,1380000000,1067293,2149,14912,27,926038,126343,477062962,1.4,86.77
2021-08-31,India,1380000000,1069249,1956,14948,36,927724,126577,479042476,1.4,86.76
2021-09-01,India,1380000000,1071504,2255,14978,30,929537,126989,481021990,1.4,86.75
2021-09-02,India,1380000000,1073688,2184,15008,30,931412,127268,483001505,1.4,86.75
2021-09-03,India,1380000000,1075660,1972,15042,34,933221,127397,484981019,1.4,86.76
2021-09-04,India,1380000000,1077918,2258,15060,18,935287,127571,486960533,1.4,86.77
2021-09-05,India,1380000000,1079662,1744,15088,28,936947,127627,488940048,1.4,86.78
2021-09-06,India,1380000000,1081451,1789,15105,17,938634,127712,490919562,1.4,86.79
2021-09-07,India,1380000000,1083273,1822,15123,18,940144,128006,492899077,1.4,86.79
2021-09-08,India,1380000000,1085306,2033,15160,37,941753,128393,494878591,1.4,86.77
2021-09-09,India,1380000000,1088164,2858,15199,39,943999,128966,496858105,1.4,86.75
2021-09-10,India,1380000000,1090367,2203,15226,27,945855,129286,498837620,1.4,86.75
2021-09-11,India,1380000000,1092137,1770,15262,36,947242,129633,500817134,1.4,86.73
2021-09-12,India,1380000000,1094414,2277,15296,34,949402,129716,502796648,1.4,86.75
2021-09-13,India,1380000000,1096634,2220,15311,15,951300,130023,504776163,1.4,86.75
2021-09-14,India,1380000000,1099206,2572,15366,55,953424,130416,506755677,1.4,86.74
2021-09-15,India,1380000000,1101072,1866,15396,30,954946,130730,508735191,1.4,86.73
2021-09-16,India,1380000000,1102810,1738,15433,37,956492,130885,510714706,1.4,86.73
2021-09-17,India,1380000000,1106234,3424,15472,39,959233,131529,512694220,1.4,86.71
2021-09-18,India,1380000000,1108294,2060,15492,20,961155,131647,514673735,1.4,86.72
2021-09-19,India,1380000000,1110319,2025,15522,30,962925,131872,516653249,1.4,86.73
2021-09-20,India,1380000000,1112444,2125,15558,36,964790,132096,518632763,1.4,86.73
2021-09-21,India,1380000000,1114756,2312,15574,16,966784,132398,520612278,1.4,86.73
2021-09-22,India,1380000000,1116553,1797,15611,37,968460,132482,522591792,1.4,86.74
2021-09-23,India,1380000000,1118795,2242,15648,37,970395,132752,524571306,1.4,86.74
2021-09-24,India,1380000000,1121921,3126,15694,46,972868,133359,526550821,1.4,86.71
2021-09-25,India,1380000000,1123815,1894,15720,26,974620,133475,528530335,1.4,86.72
2021-09-26,India,1380000000,1125852,2037,15757,37,976282,133813,530509849,1.4,86.71
2021-09-27,India,1380000000,1128125,2273,15780,23,978122,134223,532489364,1.4,86.7
2021-09-28,India,1380000000,1130967,2842,15820,40,980443,134704,534468878,1.4,86.69
2021-09-29,India,1380000000,1132981,2014,15860,40,982332,134789,536448393,1.4,86.7
2021-09-30,India,1380000000,1135156,2175,15888,28,984414,134854,538427907,1.4,86.72
2021-10-01,India,1380000000,1137710,2554,15934,46,986418,135358,540407421,1.4,86.7
2021-10-02,India,1380000000,1140021,2311,15981,47,988444,135596,542386936,1.4,86.7
2021-10-03,India,1380000000,1142075,2054,16009,28,990085,135981,544366450,1.4,86.69
2021-10-04,India,1380000000,1144911,2836,16043,34,992693,136175,546345964,1.4,86.7
2021-10-05,India,1380000000,1147496,2585,16098,55,994804,136594,548325479,1.4,86.69
2021-10-06,India,1380000000,1149199,1703,16129,31,996309,136761,550304993,1.4,86.7
2021-10-07,India,1380000000,1151662,2463,16168,39,998583,136911,552284507,1.4,86.71
2021-10-08,India,1380000000,1154397,2735,16207,39,1000794,137396,554264022,1.4,86.69
2021-10-09,India,1380000000,1156707,2310,16246,39,1002925,137536,556243536,1.4,86.71
2021-10-10,India,1380000000,1159494,2787,16303,57,1005237,137954,558223051,1.41,86.7
2021-10-11,India,1380000000,1161721,2227,16351,48,1007030,138340,560202565,1.41,86.68
2021-10-12,India,1380000000,1163908,2187,16395,44,1008993,138520,562182079,1.41,86.69
2021-10-13,India,1380000000,1166114,2206,16413,18,1010888,138813,564161594,1.41,86.69
2021-10-14,India,1380000000,1168240,2126,16455,42,1012853,138932,566141108,1.41,86.7
2021-10-15,India,1380000000,1170765,2525,16490,35,1015262,139013,568120622,1.41,86.72
2021-10-16,India,1380000000,1173326,2561,16532,42,1017552,139242,570100137,1.41,86.72
2021-10-17,India,1380000000,1175755,2429,16553,21,1019832,139370,572079651,1.41,86.74
2021-10-18,India,1380000000,1177737,1982,16565,12,1021577,139595,574059165,1.41,86.74
2021-10-19,India,1380000000,1180088,2351,16598,33,1023715,139775,576038680,1.41,86.75
2021-10-20,India,1380000000,1182223,2135,16640,42,1025695,139888,578018194,1.41,86.76
2021-10-21,India,1380000000,1184978,2755,16680,40,1028196,140102,579997709,1.41,86.77
2021-10-22,India,1380000000,1187327,2349,16724,44,1030222,140381,581977223,1.41,86.77
2021-10-23,India,1380000000,1189076,1749,16744,20,1031741,140591,583956737,1.41,86.77
2021-10-24,India,1380000000,1191355,2279,16764,20,1033810,140781,585936252,1.41,86.78
2021-10-25,India,1380000000,1194343,2988,16821,57,1036194,141328,587915766,1.41,86.76
2021-10-26,India,1380000000,1196606,2263,16847,26,1038142,141617,589895280,1.41,86.76
2021-10-27,India,1380000000,1198938,2332,16888,41,1040234,141816,591874795,1.41,86.76
2021-10-28,India,1380000000,1200852,1914,16925,37,1041889,142038,593854309,1.41,86.76
2021-10-29,India,1380000000,1204007,3155,16993,68,1044710,142304,595833824,1.41,86.77
2021-10-30,India,1380000000,1206709,2702,17023,30,1047151,142535,597813338,1.41,86.78
2021-10-31,India,1380000000,1208905,2196,17038,15,1048933,142934,599792852,1.41,86.77
2021-11-01,India,1380000000,1211265,2360,17083,45,1050892,143290,601772367,1.41,86.76
2021-11-02,India,1380000000,1214058,2793,17128,45,1053419,143511,603751881,1.41,86.77
2021-11-03,India,1380000000,1215855,1797,17144,16,1054831,143880,605731395,1.41,86.76
2021-11-04,India,1380000000,1218464,2609,17172,28,1057172,144120,607710910,1.41,86.76
2021-11-05,India,1380000000,1221375,2911,17220,48,1059578,144577,609690424,1.41,86.75
2021-11-06,India,1380000000,1224261,2886,17279,59,1062177,144805,611669938,1.41,86.76
2021-11-07,India,1380000000,1226415,2154,17307,28,1064035,145073,613649453,1.41,86.76
2021-11-08,India,1380000000,1229053,2638,17359,52,1066352,145342,615628967,1.41,86.76
2021-11-09,India,1380000000,1231744,2691,17379,20,1068655,145710,617608482,1.41,86.76
2021-11-10,India,1380000000,1234289,2545,17395,16,1070979,145915,619587996,1.41,86.77
2021-11-11,India,1380000000,1236766,2477,17443,48,1073041,146282,621567510,1.41,86.76
2021-11-12,India,1380000000,1239551,2785,17500,57,1075591,146460,623547025,1.41,86.77
2021-11-13,India,1380000000,1242583,3032,17531,31,1078432,146620,625526539,1.41,86.79
2021-11-14,India,1380000000,1244936,2353,17549,18,1080565,146822,627506053,1.41,86.8
2021-11-15,India,1380000000,1247134,2198,17570,21,1082284,147280,629485568,1.41,86.78
2021-11-16,India,1380000000,1249769,2635,17605,35,1084482,147682,631465082,1.41,86.77
2021-11-17,India,1380000000,1251711,1942,17625,20,1086256,147830,633444596,1.41,86.78
2021-11-18,India,1380000000,1254698,2987,17645,20,1089071,147982,635424111,1.41,86.8
2021-11-19,India,1380000000,1257504,2806,17688,43,1091710,148106,637403625,1.41,86.82
2021-11-20,India,1380000000,1260560,3056,17715,27,1094137,148708,639383140,1.41,86.8
2021-11-21,India,1380000000,1263529,2969,17734,19,1096764,149031,641362654,1.4,86.8
2021-11-22,India,1380000000,1265844,2315,17784,50,1098926,149134,643342168,1.4,86.81
2021-11-23,India,1380000000,1268125,2281,17828,44,1100951,149346,645321683,1.41,86.82
2021-11-24,India,1380000000,1270746,2621,17848,20,1103039,149859,647301197,1.4,86.8
2021-11-25,India,1380000000,1273478,2732,17900,52,1105602,149976,649280711,1.41,86.82
2021-11-26,India,1380000000,1276402,2924,17944,44,1108155,150303,651260226,1.41,86.82
2021-11-27,India,1380000000,1278283,1881,17968,24,1109884,150431,653239740,1.41,86.83
2021-11-28,India,1380000000,1280585,2302,18003,35,1112049,150533,655219254,1.41,86.84
2021-11-29,India,1380000000,1284391,3806,18064,61,1115423,150904,657198769,1.41,86.84
2021-11-30,India,1380000000,1286523,2132,18100,36,1117177,151246,659178283,1.41,86.84
2021-12-01,India,1380000000,1288712,2189,18126,26,1119076,151510,661157798,1.41,86.84
2021-12-02,India,1380000000,1291330,2618,18169,43,1121565,151596,663137312,1.41,86.85
2021-12-03,India,1380000000,1294727,3397,18216,47,1124602,151909,665116826,1.41,86.86
2021-12-04,India,1380000000,1297631,2904,18236,20,1127000,152395,667096341,1.41,86.85
2021-12-05,India,1380000000,1300033,2402,18252,16,1128934,152847,669075855,1.4,86.84
2021-12-06,India,1380000000,1301779,1746,18270,18,1130601,152908,671055369,1.4,86.85
2021-12-07,India,1380000000,1304275,2496,18292,22,1132822,153161,673034884,1.4,86.85
2021-12-08,India,1380000000,1306063,1788,18310,18,1134283,153470,675014398,1.4,86.85
2021-12-09,India,1380000000,1308561,2498,18325,15,1136329,153907,676993913,1.4,86.84
2021-12-10,India,1380000000,1311154,2593,18342,17,1138401,154411,678973427,1.4,86.82
2021-12-11,India,1380000000,1314299,3145,18389,47,1141144,154766,680952941,1.4,86.83
2021-12-12,India,1380000000,1316628,2329,18413,24,1143351,154864,682932456,1.4,86.84
2021-12-13,India,1380000000,1318871,2243,18448,35,1145146,155277,684911970,1.4,86.83
2021-12-14,India,1380000000,1321360,2489,18476,28,1147314,155570,686891484,1.4,86.83
2021-12-15,India,1380000000,1323926,2566,18520,44,1149774,155632,688870999,1.4,86.85
2021-12-16,India,1380000000,1327046,3120,18545,25,1152361,156140,690850513,1.4,86.84
2021-12-17,India,1380000000,1329049,2003,18570,25,1154250,156229,692830027,1.4,86.85
2021-12-18,India,1380000000,1330883,1834,18601,31,1155881,156401,694809542,1.4,86.85
2021-12-19,India,1380000000,1333903,3020,18665,64,1158683,156555,696789056,1.4,86.86
2021-12-20,India,1380000000,1336219,2316,18678,13,1160754,156787,698768571,1.4,86.87
2021-12-21,India,1380000000,1338835,2616,18722,44,1162848,157265,700748085,1.4,86.86
2021-12-22,India,1380000000,1341113,2278,18749,27,1164811,157553,702727599,1.4,86.85
2021-12-23,India,1380000000,1343277,2164,18776,27,1166791,157710,704707114,1.4,86.86
2021-12-24,India,1380000000,1345674,2397,18793,17,1168695,158186,706686628,1.4,86.85
2021-12-25,India,1380000000,1348446,2772,18839,46,1171195,158412,708666142,1.4,86.86
2021-12-26,India,1380000000,1350893,2447,18867,28,1173365,158661,710645657,1.4,86.86
2021-12-27,India,1380000000,1353505,2612,18919,52,1175742,158844,712625171,1.4,86.87
2021-12-28,India,1380000000,1356383,2878,18941,22,1178454,158988,714604685,1.4,86.88
2021-12-29,India,1380000000,1358913,2530,18961,20,1180432,159520,716584200,1.4,86.87
2021-12-30,India,1380000000,1361097,2184,18988,27,1182251,159858,718563714,1.4,86.86
2021-12-31,India,1380000000,1365130,4033,19015,27,1185486,160629,720543229,1.39,86.84
2022-01-01,India,1380000000,1367406,2276,19048,33,1187401,160957,722522743,1.39,86.84
2022-01-02,India,1380000000,1370295,2889,19104,56,1190014,161177,724502257,1.39,86.84
2022-01-03,India,1380000000,1373408,3113,19144,40,1192819,161445,726481772,1.39,86.85
2022-01-04,India,1380000000,1375485,2077,19182,38,1194605,161698,728461286,1.39,86.85
2022-01-05,India,1380000000,1377500,2015,19219,37,1196474,161807,730440800,1.4,86.86
2022-01-06,India,1380000000,1379263,1763,19246,27,1197966,162051,732420315,1.4,86.86
2022-01-07,India,1380000000,1381415,2152,19279,33,1199917,162219,734399829,1.4,86.86
2022-01-08,India,1380000000,1383449,2034,19296,17,1201661,162492,736379343,1.39,86.86
2022-01-09,India,1380000000,1386610,3161,19322,26,1204633,162655,738358858,1.39,86.88
2022-01-10,India,1380000000,1388638,2028,19334,12,1206450,162854,740338372,1.39,86.88
2022-01-11,India,1380000000,1390862,2224,19370,36,1208321,163171,742317887,1.39,86.88
2022-01-12,India,1380000000,1393193,2331,19395,25,1210423,163375,744297401,1.39,86.88
2022-01-13,India,1380000000,1395291,2098,19427,32,1212197,163667,746276915,1.39,86.88
2022-01-14,India,1380000000,1398631,3340,19454,27,1215094,164083,748256430,1.39,86.88
2022-01-15,India,1380000000,1400809,2178,19468,14,1216990,164351,750235944,1.39,86.88
2022-01-16,India,1380000000,1403123,2314,19483,15,1218807,164833,752215458,1.39,86.86
2022-01-17,India,1380000000,1405650,2527,19513,30,1220850,165287,754194973,1.39,86.85
2022-01-18,India,1380000000,1407339,1689,19547,34,1222202,165590,756174487,1.39,86.84
2022-01-19,India,1380000000,1409522,2183,19593,46,1224028,165901,758154001,1.39,86.84
2022-01-20,India,1380000000,1411941,2419,19639,46,1226343,165959,760133516,1.39,86.86
2022-01-21,India,1380000000,1414655,2714,19667,28,1228929,166059,762113030,1.39,86.87
2022-01-22,India,1380000000,1416395,1740,19686,19,1230455,166254,764092545,1.39,86.87
2022-01-23,India,1380000000,1418143,1748,19700,14,1231992,166451,766072059,1.39,86.87
2022-01-24,India,1380000000,1421161,3018,19758,58,1234585,166818,768051573,1.39,86.87
2022-01-25,India,1380000000,1423528,2367,19783,25,1236541,167204,770031088,1.39,86.86
2022-01-26,India,1380000000,1425322,1794,19821,38,1238120,167381,772010602,1.39,86.87
2022-01-27,India,1380000000,1427239,1917,19843,22,1239815,167581,773990116,1.39,86.87
2022-01-28,India,1380000000,1429400,2161,19877,34,1241690,167833,775969631,1.39,86.87
2022-01-29,India,1380000000,1431216,1816,19899,22,1243431,167886,777949145,1.39,86.88
2022-01-30,India,1380000000,1433540,2324,19934,35,1245503,168103,779928660,1.39,86.88
2022-01-31,India,1380000000,1436119,2579,19957,23,1247698,168464,781908174,1.39,86.88
2022-02-01,India,1380000000,1438289,2170,19988,31,1249479,168822,783887688,1.39,86.87
2022-02-02,India,1380000000,1440248,1959,20029,41,1251327,168892,785867203,1.39,86.88
2022-02-03,India,1380000000,1442511,2263,20074,45,1253145,169292,787846717,1.39,86.87
2022-02-04,India,1380000000,1445460,2949,20128,54,1255511,169821,789826231,1.39,86.86
2022-02-05,India,1380000000,1447351,1891,20165,37,1257307,169879,791805746,1.39,86.87
2022-02-06,India,1380000000,1449831,2480,20185,20,1259447,170199,793785260,1.39,86.87
2022-02-07,India,1380000000,1451933,2102,20226,41,1261309,170398,795764774,1.39,86.87
2022-02-08,India,1380000000,1454180,2247,20252,26,1263177,170751,797744289,1.39,86.87
2022-02-09,India,1380000000,1456515,2335,20280,28,1265213,171022,799723803,1.39,86.87
2022-02-10,India,1380000000,1458330,1815,20305,25,1266817,171208,801703318,1.39,86.87
2022-02-11,India,1380000000,1460878,2548,20351,46,1269067,171460,803682832,1.39,86.87
2022-02-12,India,1380000000,1462799,1921,20391,40,1270634,171774,805662346,1.39,86.86
2022-02-13,India,1380000000,1465301,2502,20441,50,1272613,172247,807641861,1.4,86.85
2022-02-14,India,1380000000,1467243,1942,20480,39,1274284,172479,809621375,1.4,86.85
2022-02-15,India,1380000000,1470289,3046,20543,63,1276670,173076,811600889,1.4,86.83
2022-02-16,India,1380000000,1472347,2058,20571,28,1278529,173247,813580404,1.4,86.84
2022-02-17,India,1380000000,1474690,2343,20590,19,1280482,173618,815559918,1.4,86.83
2022-02-18,India,1380000000,1477080,2390,20618,28,1282692,173770,817539432,1.4,86.84
2022-02-19,India,1380000000,1478737,1657,20653,35,1283987,174097,819518947,1.4,86.83
2022-02-20,India,1380000000,1480446,1709,20690,37,1285528,174228,821498461,1.4,86.83
2022-02-21,India,1380000000,1482188,1742,20700,10,1287118,174370,823477976,1.4,86.84
2022-02-22,India,1380000000,1484410,2222,20742,42,1289147,174521,825457490,1.4,86.85
2022-02-23,India,1380000000,1486449,2039,20779,37,1290979,174691,827437004,1.4,86.85
2022-02-24,India,1380000000,1488135,1686,20809,30,1292550,174776,829416519,1.4,86.86
2022-02-25,India,1380000000,1489757,1622,20831,22,1293837,175089,831396033,1.4,86.85
2022-02-26,India,1380000000,1491677,1920,20855,24,1295475,175347,833375547,1.4,86.85
2022-02-27,India,1380000000,1493448,1771,20868,13,1297114,175466,835355062,1.4,86.85
2022-02-28,India,1380000000,1495096,1648,20902,34,1298420,175774,837334576,1.4,86.85
2022-03-01,India,1380000000,1496910,1814,20921,19,1299860,176129,839314090,1.4,86.84
2022-03-02,India,1380000000,1498907,1997,20948,27,1301703,176256,841293605,1.4,86.84
2022-03-03,India,1380000000,1500626,1719,20960,12,1303168,176498,843273119,1.4,86.84
2022-03-04,India,1380000000,1502413,1787,20979,19,1304636,176798,845252634,1.4,86.84
2022-03-05,India,1380000000,1504457,2044,21021,42,1306379,177057,847232148,1.4,86.83
2022-03-06,India,1380000000,1506003,1546,21052,31,1307674,177277,849211662,1.4,86.83
2022-03-07,India,1380000000,1507304,1301,21073,21,1308918,177313,851191177,1.4,86.84
2022-03-08,India,1380000000,1508966,1662,21099,26,1310321,177546,853170691,1.4,86.84
2022-03-09,India,1380000000,1510413,1447,21128,29,1311580,177705,855150205,1.4,86.84
2022-03-10,India,1380000000,1512190,1777,21151,23,1313153,177886,857129720,1.4,86.84
2022-03-11,India,1380000000,1513665,1475,21175,24,1314367,178123,859109234,1.4,86.83
2022-03-12,India,1380000000,1515366,1701,21204,29,1315945,178217,861088748,1.4,86.84
2022-03-13,India,1380000000,1517066,1700,21228,24,1317314,178524,863068263,1.4,86.83
2022-03-14,India,1380000000,1519131,2065,21266,38,1319025,178840,865047777,1.4,86.83
2022-03-15,India,1380000000,1520281,1150,21275,9,1320052,178954,867027292,1.4,86.83
2022-03-16,India,1380000000,1521857,1576,21285,10,1321493,179079,869006806,1.4,86.83
2022-03-17,India,1380000000,1523259,1402,21299,14,1322764,179196,870986320,1.4,86.84
2022-03-18,India,1380000000,1524818,1559,21309,10,1324215,179294,872965835,1.4,86.84
2022-03-19,India,1380000000,1526137,1319,21319,10,1325329,179489,874945349,1.4,86.84
2022-03-20,India,1380000000,1528005,1868,21338,19,1327069,179598,876924863,1.4,86.85
2022-03-21,India,1380000000,1529822,1817,21374,36,1328628,179820,878904378,1.4,86.85
2022-03-22,India,1380000000,1531149,1327,21401,27,1329753,179995,880883892,1.4,86.85
2022-03-23,India,1380000000,1532613,1464,21418,17,1331061,180134,882863407,1.4,86.85
2022-03-24,India,1380000000,1534708,2095,21454,36,1332696,180558,884842921,1.4,86.84
2022-03-25,India,1380000000,1536303,1595,21480,26,1334217,180606,886822435,1.4,86.85
2022-03-26,India,1380000000,1537543,1240,21502,22,1335396,180645,888801950,1.4,86.85
2022-03-27,India,1380000000,1538719,1176,21511,9,1336478,180730,890781464,1.4,86.86
2022-03-28,India,1380000000,1540422,1703,21538,27,1337821,181063,892760978,1.4,86.85
2022-03-29,India,1380000000,1541921,1499,21558,20,1339106,181257,894740493,1.4,86.85
2022-03-30,India,1380000000,1543269,1348,21575,17,1340208,181486,896720007,1.4,86.84
2022-03-31,India,1380000000,1544328,1059,21582,7,1341180,181566,898699521,1.4,86.85
2022-04-01,India,1380000000,1545373,1045,21595,13,1342149,181629,900679036,1.4,86.85
2022-04-02,India,1380000000,1546616,1243,21615,20,1343224,181777,902658550,1.4,86.85
2022-04-03,India,1380000000,1548056,1440,21643,28,1344403,182010,904638065,1.4,86.84
2022-04-04,India,1380000000,1549611,1555,21659,16,1345654,182298,906617579,1.4,86.84
2022-04-05,India,1380000000,1551334,1723,21687,28,1347227,182420,908597093,1.4,86.84
2022-04-06,India,1380000000,1552884,1550,21706,19,1348634,182544,910576608,1.4,86.85
2022-04-07,India,1380000000,1553871,987,21715,9,1349562,182594,912556122,1.4,86.85
2022-04-08,India,1380000000,1554937,1066,21722,7,1350414,182801,914535636,1.4,86.85
2022-04-09,India,1380000000,1555894,957,21735,13,1351206,182953,916515151,1.4,86.84
2022-04-10,India,1380000000,1556821,927,21740,5,1351949,183132,918494665,1.4,86.84
2022-04-11,India,1380000000,1557804,983,21752,12,1352802,183250,920474179,1.4,86.84
2022-04-12,India,1380000000,1559176,1372,21773,21,1353874,183529,922453694,1.4,86.83
2022-04-13,India,1380000000,1559939,763,21783,10,1354601,183555,924433208,1.4,86.84
2022-04-14,India,1380000000,1561613,1674,21801,18,1356139,183673,926412723,1.4,86.84
2022-04-15,India,1380000000,1562809,1196,21822,21,1357184,183803,928392237,1.4,86.84
2022-04-16,India,1380000000,1563898,1089,21833,11,1358036,184029,930371751,1.4,86.84
2022-04-17,India,1380000000,1565060,1162,21845,12,1359104,184111,932351266,1.4,86.84
2022-04-18,India,1380000000,1565812,752,21853,8,1359690,184269,934330780,1.4,86.84
2022-04-19,India,1380000000,1566959,1147,21865,12,1360718,184376,936310294,1.4,86.84
2022-04-20,India,1380000000,1568180,1221,21881,16,1361757,184542,938289809,1.4,86.84
2022-04-21,India,1380000000,1569387,1207,21894,13,1362712,184781,940269323,1.4,86.83
2022-04-22,India,1380000000,1570310,923,21906,12,1363556,184848,942248837,1.4,86.83
2022-04-23,India,1380000000,1571213,903,21918,12,1364269,185026,944228352,1.39,86.83
2022-04-24,India,1380000000,1572346,1133,21926,8,1365227,185193,946207866,1.39,86.83
2022-04-25,India,1380000000,1573371,1025,21935,9,1366062,185374,948187381,1.39,86.82
2022-04-26,India,1380000000,1574437,1066,21954,19,1367004,185479,950166895,1.39,86.82
2022-04-27,India,1380000000,1575264,827,21960,6,1367769,185535,952146409,1.39,86.83
2022-04-28,India,1380000000,1576037,773,21972,12,1368408,185657,954125924,1.39,86.83
2022-04-29,India,1380000000,1577318,1281,21986,14,1369618,185714,956105438,1.39,86.83
2022-04-30,India,1380000000,1578225,907,22004,18,1370441,185780,958084952,1.39,86.83
2022-05-01,India,1380000000,1578899,674,22008,4,1370984,185907,960064467,1.39,86.83
2022-05-02,India,1380000000,1579660,761,22024,16,1371650,185986,962043981,1.39,86.83
2022-05-03,India,1380000000,1580548,888,22032,8,1372422,186094,964023495,1.39,86.83
2022-05-04,India,1380000000,1581367,819,22040,8,1373179,186148,966003010,1.39,86.83
2022-05-05,India,1380000000,1582292,925,22052,12,1373991,186249,967982524,1.39,86.84
2022-05-06,India,1380000000,1583084,792,22058,6,1374672,186354,969962039,1.39,86.84
2022-05-07,India,1380000000,1583936,852,22065,7,1375344,186527,971941553,1.39,86.83
2022-05-08,India,1380000000,1584860,924,22074,9,1376224,186562,973921067,1.39,86.84
2022-05-09,India,1380000000,1585759,899,22082,8,1377079,186598,975900582,1.39,86.84
2022-05-10,India,1380000000,1586595,836,22090,8,1377796,186709,977880096,1.39,86.84
2022-05-11,India,1380000000,1587462,867,22103,13,1378483,186876,979859610,1.39,86.84
2022-05-12,India,1380000000,1588291,829,22110,7,1379247,186934,981839125,1.39,86.84
2022-05-13,India,1380000000,1589091,800,22126,16,1380006,186959,983818639,1.39,86.84
2022-05-14,India,1380000000,1589877,786,22143,17,1380726,187008,985798154,1.39,86.84
2022-05-15,India,1380000000,1590732,855,22150,7,1381466,187116,987777668,1.39,86.84
2022-05-16,India,1380000000,1591371,639,22160,10,1382041,187170,989757182,1.39,86.85
2022-05-17,India,1380000000,1592240,869,22167,7,1382807,187266,989757182,1.39,86.85
2022-05-18,India,1380000000,1592977,737,22171,4,1383383,187423,989757182,1.39,86.84
2022-05-19,India,1380000000,1593939,962,22182,11,1384293,187464,989757182,1.39,86.85
2022-05-20,India,1380000000,1594740,801,22189,7,1384964,187587,989757182,1.39,86.85
2022-05-21,India,1380000000,1595301,561,22199,10,1385475,187627,989757182,1.39,86.85
2022-05-22,India,1380000000,1595976,675,22203,4,1386059,187714,989757182,1.39,86.85
2022-05-23,India,1380000000,1596560,584,22212,9,1386526,187822,989757182,1.39,86.84
2022-05-24,India,1380000000,1597147,587,22224,12,1387088,187835,989757182,1.39,86.85
2022-05-25,India,1380000000,1597647,500,22227,3,1387546,187874,989757182,1.39,86.85
2022-05-26,India,1380000000,1598159,512,22236,9,1388030,187893,989757182,1.39,86.85
2022-05-27,India,1380000000,1598640,481,22246,10,1388455,187939,989757182,1.39,86.85
2022-05-28,India,1380000000,1599424,784,22253,7,1389146,188025,989757182,1.39,86.85
2022-05-29,India,1380000000,1599983,559,22259,6,1389648,188076,989757182,1.39,86.85
2022-05-30,India,1380000000,1600522,539,22270,11,1390078,188174,989757182,1.39,86.85
2022-05-31,India,1380000000,1601063,541,22277,7,1390521,188265,989757182,1.39,86.85
2022-06-01,India,1380000000,1601679,616,22283,6,1391106,188290,989757182,1.39,86.85
2022-06-02,India,1380000000,1602243,564,22291,8,1391590,188362,989757182,1.39,86.85
2022-06-03,India,1380000000,1602877,634,22302,11,1392116,188459,989757182,1.39,86.85
2022-06-04,India,1380000000,1603785,908,22312,10,1392970,188503,989757182,1.39,86.86
2022-06-05,India,1380000000,1604501,716,22321,9,1393592,188588,989757182,1.39,86.86
2022-06-06,India,1380000000,1605009,508,22325,4,1394042,188642,989757182,1.39,86.86
2022-06-07,India,1380000000,1605495,486,22334,9,1394439,188722,989757182,1.39,86.85
2022-06-08,India,1380000000,1605934,439,22337,3,1394786,188811,989757182,1.39,86.85
2022-06-09,India,1380000000,1606455,521,22343,6,1395268,188844,989757182,1.39,86.85
2022-06-10,India,1380000000,1607035,580,22354,11,1395755,188926,989757182,1.39,86.85
2022-06-11,India,1380000000,1607640,605,22363,9,1396243,189034,989757182,1.39,86.85
2022-06-12,India,1380000000,1608204,564,22374,11,1396737,189093,989757182,1.39,86.85
2022-06-13,India,1380000000,1608642,438,22376,2,1397088,189178,989757182,1.39,86.85
2022-06-14,India,1380000000,1608995,353,22382,6,1397363,189250,989757182,1.39,86.85
2022-06-15,India,1380000000,1609526,531,22385,3,1397870,189271,989757182,1.39,86.85
2022-06-16,India,1380000000,1609816,290,22387,2,1398112,189317,989757182,1.39,86.85
2022-06-17,India,1380000000,1610192,376,22389,2,1398454,189349,989757182,1.39,86.85
2022-06-18,India,1380000000,1610580,388,22397,8,1398772,189411,989757182,1.39,86.85
2022-06-19,India,1380000000,1611124,544,22407,10,1399237,189480,989757182,1.39,86.85
2022-06-20,India,1380000000,1611621,497,22412,5,1399653,189556,989757182,1.39,86.85
2022-06-21,India,1380000000,1612113,492,22416,4,1400069,189628,989757182,1.39,86.85
2022-06-22,India,1380000000,1612572,459,22425,9,1400493,189654,989757182,1.39,86.85
2022-06-23,India,1380000000,1613101,529,22433,8,1400913,189755,989757182,1.39,86.85
2022-06-24,India,1380000000,1613394,293,22437,4,1401178,189779,989757182,1.39,86.85
2022-06-25,India,1380000000,1613821,427,22443,6,1401584,189794,989757182,1.39,86.85
2022-06-26,India,1380000000,1614168,347,22445,2,1401871,189852,989757182,1.39,86.85
2022-06-27,India,1380000000,1614452,284,22449,4,1402131,189872,989757182,1.39,86.85
2022-06-28,India,1380000000,1614880,428,22452,3,1402504,189924,989757182,1.39,86.85
2022-06-29,India,1380000000,1615120,240,22457,5,1402726,189937,989757182,1.39,86.85
2022-06-30,India,1380000000,1615487,367,22463,6,1403059,189965,989757182,1.39,86.85
2022-07-01,India,1380000000,1615893,406,22469,6,1403428,189996,989757182,1.39,86.85
2022-07-02,India,1380000000,1616232,339,22475,6,1403709,190048,989757182,1.39,86.85
2022-07-03,India,1380000000,1616538,306,22478,3,1403966,190094,989757182,1.39,86.85
2022-07-04,India,1380000000,1616903,365,22485,7,1404306,190112,989757182,1.39,86.85
2022-07-05,India,1380000000,1617296,393,22490,5,1404679,190127,989757182,1.39,86.85
2022-07-06,India,1380000000,1617673,377,22495,5,1404998,190180,989757182,1.39,86.85
2022-07-07,India,1380000000,1618012,339,22501,6,1405285,190226,989757182,1.39,86.85
2022-07-08,India,1380000000,1618290,278,22502,1,1405543,190245,989757182,1.39,86.85
2022-07-09,India,1380000000,1618587,297,22504,2,1405812,190271,989757182,1.39,86.85
2022-07-10,India,1380000000,1618907,320,22510,6,1406093,190304,989757182,1.39,86.85
2022-07-11,India,1380000000,1619308,401,22517,7,1406418,190373,989757182,1.39,86.85
2022-07-12,India,1380000000,1619593,285,22522,5,1406668,190403,989757182,1.39,86.85
2022-07-13,India,1380000000,1619825,232,22526,4,1406855,190444,989757182,1.39,86.85
2022-07-14,India,1380000000,1620084,259,22528,2,1407070,190486,989757182,1.39,86.85
2022-07-15,India,1380000000,1620369,285,22533,5,1407305,190531,989757182,1.39,86.85
2022-07-16,India,1380000000,1620672,303,22537,4,1407572,190563,989757182,1.39,86.85
2022-07-17,India,1380000000,1620931,259,22539,2,1407788,190604,989757182,1.39,86.85
2022-07-18,India,1380000000,1621155,224,22541,2,1407987,190627,989757182,1.39,86.85
2022-07-19,India,1380000000,1621461,306,22544,3,1408229,190688,989757182,1.39,86.85
2022-07-20,India,1380000000,1621667,206,22547,3,1408400,190720,989757182,1.39,86.85
2022-07-21,India,1380000000,1621994,327,22550,3,1408658,190786,989757182,1.39,86.85
2022-07-22,India,1380000000,1622199,205,22552,2,1408852,190795,989757182,1.39,86.85
2022-07-23,India,1380000000,1622490,291,22556,4,1409089,190845,989757182,1.39,86.85
2022-07-24,India,1380000000,1622763,273,22559,3,1409338,190866,989757182,1.39,86.85
2022-07-25,India,1380000000,1622969,206,22561,2,1409514,190894,989757182,1.39,86.85
2022-07-26,India,1380000000,1623162,193,22565,4,1409666,190931,989757182,1.39,86.85
2022-07-27,India,1380000000,1623326,164,22568,3,1409797,190961,989757182,1.39,86.85
2022-07-28,India,1380000000,1623533,207,22570,2,1409985,190978,989757182,1.39,86.85
2022-07-29,India,1380000000,1623711,178,22572,2,1410136,191003,989757182,1.39,86.85
2022-07-30,India,1380000000,1623976,265,22574,2,1410352,191050,989757182,1.39,86.85
2022-07-31,India,1380000000,1624115,139,22575,1,1410476,191064,989757182,1.39,86.85
2022-08-01,India,1380000000,1624298,183,22578,3,1410638,191082,989757182,1.39,86.85
2022-08-02,India,1380000000,1624478,180,22579,1,1410797,191102,989757182,1.39,86.85
2022-08-03,India,1380000000,1624663,185,22581,2,1410962,191120,989757182,1.39,86.85
2022-08-04,India,1380000000,1624880,217,22584,3,1411143,191153,989757182,1.39,86.85
2022-08-05,India,1380000000,1625086,206,22586,2,1411325,191175,989757182,1.39,86.85
2022-08-06,India,1380000000,1625247,161,22588,2,1411470,191189,989757182,1.39,86.85
2022-08-07,India,1380000000,1625419,172,22590,2,1411616,191213,989757182,1.39,86.85
2022-08-08,India,1380000000,1625581,162,22591,1,1411755,191235,989757182,1.39,86.85
2022-08-09,India,1380000000,1625731,150,22594,3,1411882,191255,989757182,1.39,86.85
2022-08-10,India,1380000000,1625874,143,22596,2,1412018,191260,989757182,1.39,86.85
2022-08-11,India,1380000000,1626036,162,22597,1,1412144,191295,989757182,1.39,86.85
2022-08-12,India,1380000000,1626161,125,22599,2,1412262,191300,989757182,1.39,86.85
2022-08-13,India,1380000000,1626301,140,22600,1,1412377,191324,989757182,1.39,86.85
2022-08-14,India,1380000000,1626491,190,22601,1,1412545,191345,989757182,1.39,86.85
2022-08-15,India,1380000000,1626616,125,22602,1,1412656,191358,989757182,1.39,86.85
2022-08-16,India,1380000000,1626771,155,22603,1,1412782,191386,989757182,1.39,86.85
2022-08-17,India,1380000000,1626881,110,22605,2,1412882,191394,989757182,1.39,86.85
2022-08-18,India,1380000000,1626994,113,22606,1,1412971,191417,989757182,1.39,86.85
2022-08-19,India,1380000000,1627101,107,22607,1,1413068,191426,989757182,1.39,86.85
2022-08-20,India,1380000000,1627264,163,22608,1,1413223,191433,989757182,1.39,86.85
2022-08-21,India,1380000000,1627407,143,22610,2,1413355,191442,989757182,1.39,86.85
2022-08-22,India,1380000000,1627497,90,22611,1,1413437,191449,989757182,1.39,86.85
2022-08-23,India,1380000000,1627615,118,22613,2,1413540,191462,989757182,1.39,86.85
2022-08-24,India,1380000000,1627722,107,22615,2,1413634,191473,989757182,1.39,86.85
2022-08-25,India,1380000000,1627819,97,22616,1,1413714,191489,989757182,1.39,86.85
2022-08-26,India,1380000000,1627941,122,22618,2,1413826,191497,989757182,1.39,86.85
2022-08-27,India,1380000000,1628039,98,22619,1,1413913,191507,989757182,1.39,86.85
2022-08-28,India,1380000000,1628156,117,22620,1,1414013,191523,989757182,1.39,86.85
2022-08-29,India,1380000000,1628238,82,22621,1,1414090,191527,989757182,1.39,86.85
2022-08-30,India,1380000000,1628326,88,22621,0,1414163,191542,989757182,1.39,86.85
2022-08-31,India,1380000000,1628394,68,22621,0,1414216,191557,989757182,1.39,86.85
2022-09-01,India,1380000000,1628500,106,22621,0,1414313,191566,989757182,1.39,86.85
2022-09-02,India,1380000000,1628589,89,22622,1,1414392,191575,989757182,1.39,86.85
2022-09-03,India,1380000000,1628666,77,22622,0,1414453,191591,989757182,1.39,86.85
2022-09-04,India,1380000000,1628744,78,22622,0,1414523,191599,989757182,1.39,86.85
2022-09-05,India,1380000000,1628829,85,22623,1,1414590,191616,989757182,1.39,86.85
2022-09-06,India,1380000000,1628912,83,22623,0,1414659,191630,989757182,1.39,86.85
2022-09-07,India,1380000000,1628992,80,22624,1,1414726,191642,989757182,1.39,86.85
2022-09-08,India,1380000000,1629049,57,22624,0,1414778,191647,989757182,1.39,86.85
2022-09-09,India,1380000000,1629115,66,22625,1,1414840,191650,989757182,1.39,86.85
2022-09-10,India,1380000000,1629203,88,22625,0,1414914,191664,989757182,1.39,86.85
2022-09-11,India,1380000000,1629284,81,22626,1,1414978,191680,989757182,1.39,86.85
2022-09-12,India,1380000000,1629354,70,22626,0,1415039,191689,989757182,1.39,86.85
2022-09-13,India,1380000000,1629407,53,22627,1,1415086,191694,989757182,1.39,86.85
2022-09-14,India,1380000000,1629473,66,22628,1,1415147,191698,989757182,1.39,86.85
2022-09-15,India,1380000000,1629533,60,22628,0,1415195,191710,989757182,1.39,86.85
2022-09-16,India,1380000000,1629617,84,22629,1,1415263,191725,989757182,1.39,86.85
2022-09-17,India,1380000000,1629668,51,22629,0,1415304,191735,989757182,1.39,86.85
2022-09-18,India,1380000000,1629736,68,22629,0,1415365,191742,989757182,1.39,86.85
2022-09-19,India,1380000000,1629795,59,22629,0,1415411,191755,989757182,1.39,86.85
2022-09-20,India,1380000000,1629873,78,22629,0,1415474,191770,989757182,1.39,86.85
2022-09-21,India,1380000000,1629925,52,22629,0,1415515,191781,989757182,1.39,86.85
2022-09-22,India,1380000000,1629983,58,22629,0,1415565,191789,989757182,1.39,86.85
2022-09-23,India,1380000000,1630023,40,22629,0,1415599,191795,989757182,1.39,86.85
2022-09-24,India,1380000000,1630080,57,22629,0,1415645,191806,989757182,1.39,86.85
2022-09-25,India,1380000000,1630130,50,22629,0,1415687,191814,989757182,1.39,86.85
2022-09-26,India,1380000000,1630182,52,22629,0,1415732,191821,989757182,1.39,86.85
2022-09-27,India,1380000000,1630239,57,22629,0,1415781,191829,989757182,1.39,86.84
2022-09-28,India,1380000000,1630294,55,22629,0,1415832,191833,989757182,1.39,86.85
2022-09-29,India,1380000000,1630343,49,22629,0,1415875,191839,989757182,1.39,86.85
2022-09-30,India,1380000000,1630408,65,22629,0,1415929,191850,989757182,1.39,86.85
2022-10-01,India,1380000000,1630454,46,22629,0,1415968,191857,989757182,1.39,86.85
2022-10-02,India,1380000000,1630489,35,22629,0,1415996,191864,989757182,1.39,86.84
2022-10-03,India,1380000000,1630513,24,22629,0,1416018,191866,989757182,1.39,86.84
2022-10-04,India,1380000000,1630554,41,22629,0,1416053,191872,989757182,1.39,86.84
2022-10-05,India,1380000000,1630608,54,22629,0,1416097,191882,989757182,1.39,86.84
2022-10-06,India,1380000000,1630652,44,22629,0,1416137,191886,989757182,1.39,86.84
2022-10-07,India,1380000000,1630697,45,22629,0,1416178,191890,989757182,1.39,86.84
2022-10-08,India,1380000000,1630732,35,22629,0,1416207,191896,989757182,1.39,86.84
2022-10-09,India,1380000000,1630764,32,22629,0,1416236,191899,989757182,1.39,86.84
2022-10-10,India,1380000000,1630807,43,22629,0,1416273,191905,989757182,1.39,86.84
2022-10-11,India,1380000000,1630838,31,22629,0,1416302,191907,989757182,1.39,86.85
2022-10-12,India,1380000000,1630865,27,22629,0,1416323,191913,989757182,1.39,86.84
2022-10-13,India,1380000000,1630894,29,22629,0,1416350,191915,989757182,1.39,86.85
2022-10-14,India,1380000000,1630929,35,22629,0,1416381,191919,989757182,1.39,86.85
2022-10-15,India,1380000000,1630956,27,22629,0,1416404,191923,989757182,1.39,86.85
2022-10-16,India,1380000000,1630980,24,22629,0,1416425,191926,989757182,1.39,86.85
2022-10-17,India,1380000000,1631002,22,22629,0,1416443,191930,989757182,1.39,86.84
2022-10-18,India,1380000000,1631025,23,22629,0,1416462,191934,989757182,1.39,86.84
2022-10-19,India,1380000000,1631060,35,22629,0,1416493,191938,989757182,1.39,86.84
2022-10-20,India,1380000000,1631083,23,22629,0,1416511,191943,989757182,1.39,86.84
2022-10-21,India,1380000000,1631106,23,22629,0,1416532,191945,989757182,1.39,86.84
2022-10-22,India,1380000000,1631140,34,22629,0,1416561,191950,989757182,1.39,86.84
2022-10-23,India,1380000000,1631169,29,22629,0,1416587,191953,989757182,1.39,86.84
2022-10-24,India,1380000000,1631193,24,22629,0,1416606,191958,989757182,1.39,86.84
2022-10-25,India,1380000000,1631219,26,22629,0,1416627,191963,989757182,1.39,86.84
2022-10-26,India,1380000000,1631246,27,22629,0,1416652,191965,989757182,1.39,86.84
2022-10-27,India,1380000000,1631267,21,22629,0,1416670,191968,989757182,1.39,86.84
2022-10-28,India,1380000000,1631287,20,22629,0,1416688,191970,989757182,1.39,86.84
2022-10-29,India,1380000000,1631313,26,22629,0,1416710,191974,989757182,1.39,86.84
2022-10-30,India,1380000000,1631335,22,22629,0,1416728,191978,989757182,1.39,86.84
2022-10-31,India,1380000000,1631351,16,22629,0,1416741,191981,989757182,1.39,86.84
2022-11-01,India,1380000000,1631365,14,22629,0,1416754,191982,989757182,1.39,86.84
2022-11-02,India,1380000000,1631378,13,22629,0,1416765,191984,989757182,1.39,86.84
2022-11-03,India,1380000000,1631394,16,22629,0,1416779,191986,989757182,1.39,86.84
2022-11-04,India,1380000000,1631413,19,22629,0,1416796,191988,989757182,1.39,86.84
2022-11-05,India,1380000000,1631430,17,22629,0,1416812,191989,989757182,1.39,86.84
2022-11-06,India,1380000000,1631441,11,22629,0,1416820,191992,989757182,1.39,86.84
2022-11-07,India,1380000000,1631458,17,22629,0,1416833,191996,989757182,1.39,86.84
2022-11-08,India,1380000000,1631468,10,22629,0,1416842,191997,989757182,1.39,86.84
2022-11-09,India,1380000000,1631483,15,22629,0,1416855,191999,989757182,1.39,86.84
2022-11-10,India,1380000000,1631494,11,22629,0,1416863,192002,989757182,1.39,86.84
2022-11-11,India,1380000000,1631510,16,22629,0,1416875,192006,989757182,1.39,86.84
2022-11-12,India,1380000000,1631521,11,22629,0,1416883,192009,989757182,1.39,86.84
2022-11-13,India,1380000000,1631534,13,22629,0,1416893,192012,989757182,1.39,86.84
2022-11-14,India,1380000000,1631547,13,22629,0,1416905,192013,989757182,1.39,86.84
2022-11-15,India,1380000000,1631557,10,22629,0,1416913,192015,989757182,1.39,86.84
2022-11-16,India,1380000000,1631566,9,22629,0,1416921,192016,989757182,1.39,86.84
2022-11-17,India,1380000000,1631577,11,22629,0,1416931,192017,989757182,1.39,86.84
2022-11-18,India,1380000000,1631588,11,22629,0,1416940,192019,989757182,1.39,86.84
2022-11-19,India,1380000000,1631598,10,22629,0,1416948,192021,989757182,1.39,86.84
2022-11-20,India,1380000000,1631610,12,22629,0,1416958,192023,989757182,1.39,86.84
2022-11-21,India,1380000000,1631618,8,22629,0,1416964,192025,989757182,1.39,86.84
2022-11-22,India,1380000000,1631629,11,22629,0,1416974,192026,989757182,1.39,86.84
2022-11-23,India,1380000000,1631639,10,22629,0,1416982,192028,989757182,1.39,86.84
2022-11-24,India,1380000000,1631649,10,22629,0,1416990,192030,989757182,1.39,86.84
2022-11-25,India,1380000000,1631657,8,22629,0,1416997,192031,989757182,1.39,86.84
2022-11-26,India,1380000000,1631668,11,22629,0,1417006,192033,989757182,1.39,86.84
2022-11-27,India,1380000000,1631675,7,22629,0,1417012,192034,989757182,1.39,86.84
2022-11-28,India,1380000000,1631682,7,22629,0,1417017,192036,989757182,1.39,86.84
2022-11-29,India,1380000000,1631690,8,22629,0,1417024,192037,989757182,1.39,86.84
2022-11-30,India,1380000000,1631698,8,22629,0,1417031,192038,989757182,1.39,86.84
2022-12-01,India,1380000000,1631705,7,22629,0,1417037,192039,989757182,1.39,86.84
2022-12-02,India,1380000000,1631713,8,22629,0,1417044,192040,989757182,1.39,86.84
2022-12-03,India,1380000000,1631721,8,22629,0,1417050,192042,989757182,1.39,86.84
2022-12-04,India,1380000000,1631728,7,22629,0,1417055,192044,989757182,1.39,86.84
2022-12-05,India,1380000000,1631735,7,22629,0,1417061,192045,989757182,1.39,86.84
2022-12-06,India,1380000000,1631739,4,22629,0,1417064,192046,989757182,1.39,86.84
2022-12-07,India,1380000000,1631745,6,22629,0,1417069,192047,989757182,1.39,86.84
2022-12-08,India,1380000000,1631751,6,22629,0,1417074,192048,989757182,1.39,86.84
2022-12-09,India,1380000000,1631757,6,22629,0,1417079,192049,989757182,1.39,86.84
2022-12-10,India,1380000000,1631761,4,22629,0,1417082,192050,989757182,1.39,86.84
2022-12-11,India,1380000000,1631769,8,22629,0,1417088,192052,989757182,1.39,86.84
2022-12-12,India,1380000000,1631773,4,22629,0,1417091,192053,989757182,1.39,86.84
2022-12-13,India,1380000000,1631778,5,22629,0,1417094,192055,989757182,1.39,86.84
2022-12-14,India,1380000000,1631781,3,22629,0,1417096,192056,989757182,1.39,86.84
2022-12-15,India,1380000000,1631785,4,22629,0,1417099,192057,989757182,1.39,86.84
2022-12-16,India,1380000000,1631789,4,22629,0,1417102,192058,989757182,1.39,86.84
2022-12-17,India,1380000000,1631792,3,22629,0,1417104,192059,989757182,1.39,86.84
2022-12-18,India,1380000000,1631796,4,22629,0,1417107,192060,989757182,1.39,86.84
2022-12-19,India,1380000000,1631799,3,22629,0,1417109,192061,989757182,1.39,86.84
2022-12-20,India,1380000000,1631802,3,22629,0,1417111,192062,989757182,1.39,86.84
2022-12-21,India,1380000000,1631805,3,22629,0,1417113,192063,989757182,1.39,86.84
2022-12-22,India,1380000000,1631808,3,22629,0,1417115,192064,989757182,1.39,86.84
2022-12-23,India,1380000000,1631810,2,22629,0,1417116,192065,989757182,1.39,86.84
2022-12-24,India,1380000000,1631812,2,22629,0,1417117,192066,989757182,1.39,86.84
2022-12-25,India,1380000000,1631814,2,22629,0,1417118,192067,989757182,1.39,86.84
2022-12-26,India,1380000000,1631816,2,22629,0,1417119,192068,989757182,1.39,86.84
2022-12-27,India,1380000000,1631818,2,22629,0,1417120,192069,989757182,1.39,86.84
2022-12-28,India,1380000000,1631820,2,22629,0,1417121,192070,989757182,1.39,86.84
2022-12-29,India,1380000000,1631822,2,22629,0,1417122,192071,989757182,1.39,86.84
2022-12-30,India,1380000000,1631823,1,22629,0,1417122,192072,989757182,1.39,86.84
2022-12-31,India,1380000000,1631825,2,22629,0,1417123,192073,989757182,1.39,86.84
2020-01-01,United States,331000000,14,14,0,0,12,2,0,0,85.71
2020-01-02,United States,331000000,25,11,0,0,21,4,0,0,84
2020-01-03,United States,331000000,42,17,0,0,35,7,0,0,83.33
2020-01-04,United States,331000000,56,14,0,0,47,9,0,0,83.93
2020-01-05,United States,331000000,78,22,0,0,67,11,0,0,85.9
2020-01-06,United States,331000000,97,19,0,0,83,14,0,0,85.57
2020-01-07,United States,331000000,113,16,0,0,96,17,0,0,84.96
2020-01-08,United States,331000000,134,21,0,0,114,20,0,0,85.07
2020-01-09,United States,331000000,157,23,0,0,135,22,0,0,85.99
2020-01-10,United States,331000000,176,19,0,0,150,26,0,0,85.23
2020-01-11,United States,331000000,202,26,0,0,171,31,0,0,84.65
2020-01-12,United States,331000000,222,20,0,0,187,35,0,0,84.23
2020-01-13,United States,331000000,252,30,0,0,213,39,0,0,84.52
2020-01-14,United States,331000000,282,30,0,0,239,43,0,0,84.75
2020-01-15,United States,331000000,312,30,0,0,265,47,0,0,84.94
2020-01-16,United States,331000000,331,19,0,0,280,51,0,0,84.59
2020-01-17,United States,331000000,353,22,0,0,298,55,0,0,84.42
2020-01-18,United States,331000000,376,23,0,0,319,57,0,0,84.84
2020-01-19,United States,331000000,398,22,0,0,339,59,0,0,85.18
2020-01-20,United States,331000000,427,29,0,0,362,65,0,0,84.78
2020-01-21,United States,331000000,463,36,0,0,391,72,0,0,84.45
2020-01-22,United States,331000000,494,31,0,0,416,78,0,0,84.21
2020-01-23,United States,331000000,527,33,0,0,443,84,0,0,84.06
2020-01-24,United States,331000000,557,30,0,0,471,86,0,0,84.56
2020-01-25,United States,331000000,593,36,0,0,500,93,0,0,84.32
2020-01-26,United States,331000000,636,43,0,0,536,100,0,0,84.28
2020-01-27,United States,331000000,671,35,0,0,563,108,0,0,83.9
2020-01-28,United States,331000000,702,31,0,0,588,114,0,0,83.76
2020-01-29,United States,331000000,742,40,0,0,622,120,0,0,83.83
2020-01-30,United States,331000000,780,38,0,0,652,128,0,0,83.59
2020-01-31,United States,331000000,805,25,0,0,675,130,0,0,83.85
2020-02-01,United States,331000000,843,38,0,0,707,136,0,0,83.87
2020-02-02,United States,331000000,884,41,0,0,740,144,0,0,83.71
2020-02-03,United States,331000000,932,48,0,0,781,151,0,0,83.8
2020-02-04,United States,331000000,985,53,0,0,827,158,0,0,83.96
2020-02-05,United States,331000000,1035,50,0,0,866,169,0,0,83.67
2020-02-06,United States,331000000,1069,34,0,0,893,176,0,0,83.54
2020-02-07,United States,331000000,1139,70,0,0,953,186,0,0,83.67
2020-02-08,United States,331000000,1187,48,0,0,992,195,0,0,83.57
2020-02-09,United States,331000000,1245,58,0,0,1041,204,0,0,83.61
2020-02-10,United States,331000000,1297,52,0,0,1082,215,0,0,83.42
2020-02-11,United States,331000000,1370,73,1,1,1142,227,0,0.07,83.36
2020-02-12,United States,331000000,1438,68,2,1,1199,237,0,0.14,83.38
2020-02-13,United States,331000000,1524,86,2,0,1266,256,0,0.13,83.07
2020-02-14,United States,331000000,1589,65,3,1,1319,267,0,0.19,83.01
2020-02-15,United States,331000000,1672,83,3,0,1384,285,0,0.18,82.78
2020-02-16,United States,331000000,1741,69,4,1,1441,296,0,0.23,82.77
2020-02-17,United States,331000000,1814,73,5,1,1506,303,0,0.28,83.02
2020-02-18,United States,331000000,1898,84,6,1,1584,308,0,0.32,83.46
2020-02-19,United States,331000000,1966,68,7,1,1640,319,0,0.36,83.42
2020-02-20,United States,331000000,2055,89,8,1,1714,333,0,0.39,83.41
2020-02-21,United States,331000000,2157,102,9,1,1795,353,0,0.42,83.22
2020-02-22,United States,331000000,2217,60,9,0,1850,358,0,0.41,83.45
2020-02-23,United States,331000000,2294,77,10,1,1912,372,0,0.44,83.35
2020-02-24,United States,331000000,2390,96,10,0,1988,392,0,0.42,83.18
2020-02-25,United States,331000000,2475,85,10,0,2063,402,0,0.4,83.35
2020-02-26,United States,331000000,2567,92,10,0,2142,415,0,0.39,83.44
2020-02-27,United States,331000000,2621,54,10,0,2191,420,0,0.38,83.59
2020-02-28,United States,331000000,2725,104,12,2,2287,426,0,0.44,83.93
2020-02-29,United States,331000000,2854,129,14,2,2388,452,0,0.49,83.67
2020-03-01,United States,331000000,2939,85,15,1,2467,457,0,0.51,83.94
2020-03-02,United States,331000000,3081,142,17,2,2600,464,0,0.55,84.39
2020-03-03,United States,331000000,3211,130,18,1,2705,488,0,0.56,84.24
2020-03-04,United States,331000000,3300,89,18,0,2779,503,0,0.55,84.21
2020-03-05,United States,331000000,3439,139,19,1,2905,515,0,0.55,84.47
2020-03-06,United States,331000000,3548,109,20,1,2995,533,0,0.56,84.41
2020-03-07,United States,331000000,3631,83,21,1,3066,544,0,0.58,84.44
2020-03-08,United States,331000000,3750,119,22,1,3161,567,0,0.59,84.29
2020-03-09,United States,331000000,3896,146,23,1,3294,579,0,0.59,84.55
2020-03-10,United States,331000000,4025,129,25,2,3416,584,0,0.62,84.87
2020-03-11,United States,331000000,4161,136,27,2,3544,590,0,0.65,85.17
2020-03-12,United States,331000000,4328,167,29,2,3684,615,0,0.67,85.12
2020-03-13,United States,331000000,4461,133,31,2,3798,632,0,0.69,85.14
2020-03-14,United States,331000000,4603,142,32,1,3933,638,0,0.7,85.44
2020-03-15,United States,331000000,4791,188,33,1,4101,657,0,0.69,85.6
2020-03-16,United States,331000000,4954,163,35,2,4231,688,0,0.71,85.41
2020-03-17,United States,331000000,5111,157,36,1,4379,696,0,0.7,85.68
2020-03-18,United States,331000000,5233,122,38,2,4495,700,0,0.73,85.9
2020-03-19,United States,331000000,5344,111,38,0,4582,724,0,0.71,85.74
2020-03-20,United States,331000000,5481,137,40,2,4700,741,0,0.73,85.75
2020-03-21,United States,331000000,5662,181,41,1,4859,762,0,0.72,85.82
2020-03-22,United States,331000000,5794,132,42,1,4981,771,0,0.72,85.97
2020-03-23,United States,331000000,5963,169,43,1,5123,797,0,0.72,85.91
2020-03-24,United States,331000000,6186,223,47,4,5310,829,0,0.76,85.84
2020-03-25,United States,331000000,6322,136,49,2,5421,852,0,0.78,85.75
2020-03-26,United States,331000000,6432,110,50,1,5522,860,0,0.78,85.85
2020-03-27,United States,331000000,6605,173,52,2,5666,887,0,0.79,85.78
2020-03-28,United States,331000000,6840,235,56,4,5854,930,0,0.82,85.58
2020-03-29,United States,331000000,7041,201,58,2,6011,972,0,0.82,85.37
2020-03-30,United States,331000000,7256,215,60,2,6194,1002,0,0.83,85.36
2020-03-31,United States,331000000,7476,220,64,4,6387,1025,0,0.86,85.43
2020-04-01,United States,331000000,7649,173,67,3,6524,1058,0,0.88,85.29
2020-04-02,United States,331000000,7826,177,69,2,6691,1066,0,0.88,85.5
2020-04-03,United States,331000000,8033,207,72,3,6855,1106,0,0.9,85.34
2020-04-04,United States,331000000,8282,249,75,3,7086,1121,0,0.91,85.56
2020-04-05,United States,331000000,8436,154,77,2,7223,1136,0,0.91,85.62
2020-04-06,United States,331000000,8614,178,78,1,7373,1163,0,0.91,85.59
2020-04-07,United States,331000000,8818,204,80,2,7556,1182,0,0.91,85.69
2020-04-08,United States,331000000,9032,214,82,2,7729,1221,0,0.91,85.57
2020-04-09,United States,331000000,9282,250,84,2,7961,1237,0,0.9,85.77
2020-04-10,United States,331000000,9523,241,86,2,8187,1250,0,0.9,85.97
2020-04-11,United States,331000000,9750,227,89,3,8373,1288,0,0.91,85.88
2020-04-12,United States,331000000,10098,348,96,7,8658,1344,0,0.95,85.74
2020-04-13,United States,331000000,10357,259,101,5,8903,1353,0,0.98,85.96
2020-04-14,United States,331000000,10630,273,105,4,9135,1390,0,0.99,85.94
2020-04-15,United States,331000000,10932,302,110,5,9399,1423,0,1.01,85.98
2020-04-16,United States,331000000,11170,238,114,4,9619,1437,0,1.02,86.11
2020-04-17,United States,331000000,11553,383,117,3,9975,1461,0,1.01,86.34
2020-04-18,United States,331000000,11901,348,121,4,10270,1510,0,1.02,86.3
2020-04-19,United States,331000000,12193,292,127,6,10510,1556,0,1.04,86.2
2020-04-20,United States,331000000,12479,286,131,4,10748,1600,0,1.05,86.13
2020-04-21,United States,331000000,12845,366,136,5,11054,1655,0,1.06,86.06
2020-04-22,United States,331000000,13138,293,141,5,11300,1697,0,1.07,86.01
2020-04-23,United States,331000000,13465,327,146,5,11602,1717,0,1.08,86.16
2020-04-24,United States,331000000,13765,300,151,5,11850,1764,0,1.1,86.09
2020-04-25,United States,331000000,14111,346,158,7,12121,1832,0,1.12,85.9
2020-04-26,United States,331000000,14537,426,165,7,12462,1910,0,1.14,85.73
2020-04-27,United States,331000000,14926,389,173,8,12778,1975,0,1.16,85.61
2020-04-28,United States,331000000,15184,258,175,2,13004,2005,0,1.15,85.64
2020-04-29,United States,331000000,15550,366,179,4,13300,2071,0,1.15,85.53
2020-04-30,United States,331000000,15867,317,184,5,13598,2085,0,1.16,85.7
2020-05-01,United States,331000000,16140,273,186,2,13830,2124,0,1.15,85.69
2020-05-02,United States,331000000,16555,415,189,3,14171,2195,0,1.14,85.6
2020-05-03,United States,331000000,17024,469,191,2,14607,2226,0,1.12,85.8
2020-05-04,United States,331000000,17409,385,199,8,14936,2274,0,1.14,85.79
2020-05-05,United States,331000000,17743,334,201,2,15198,2344,0,1.13,85.66
2020-05-06,United States,331000000,17999,256,202,1,15424,2373,0,1.12,85.69
2020-05-07,United States,331000000,18462,463,204,2,15850,2408,0,1.1,85.85
2020-05-08,United States,331000000,18826,364,209,5,16159,2458,0,1.11,85.83
2020-05-09,United States,331000000,19198,372,217,8,16485,2496,0,1.13,85.87
2020-05-10,United States,331000000,19647,449,221,4,16908,2518,0,1.12,86.06
2020-05-11,United States,331000000,19965,318,224,3,17187,2554,0,1.12,86.09
2020-05-12,United States,331000000,20345,380,231,7,17538,2576,0,1.14,86.2
2020-05-13,United States,331000000,20696,351,234,3,17826,2636,0,1.13,86.13
2020-05-14,United States,331000000,21083,387,238,4,18188,2657,0,1.13,86.27
2020-05-15,United States,331000000,21422,339,240,2,18465,2717,0,1.12,86.2
2020-05-16,United States,331000000,21661,239,242,2,18668,2751,0,1.12,86.18
2020-05-17,United States,331000000,22041,380,247,5,18975,2819,0,1.12,86.09
2020-05-18,United States,331000000,22563,522,256,9,19396,2911,0,1.13,85.96
2020-05-19,United States,331000000,23002,439,259,3,19759,2984,0,1.13,85.9
2020-05-20,United States,331000000,23342,340,264,5,20027,3051,0,1.13,85.8
2020-05-21,United States,331000000,23650,308,266,2,20288,3096,0,1.12,85.78
2020-05-22,United States,331000000,24009,359,271,5,20584,3154,0,1.13,85.73
2020-05-23,United States,331000000,24488,479,280,9,21034,3174,0,1.14,85.9
2020-05-24,United States,331000000,24850,362,284,4,21332,3234,0,1.14,85.84
2020-05-25,United States,331000000,25231,381,290,6,21685,3256,0,1.15,85.95
2020-05-26,United States,331000000,25756,525,296,6,22109,3351,0,1.15,85.84
2020-05-27,United States,331000000,26243,487,304,8,22520,3419,0,1.16,85.81
2020-05-28,United States,331000000,26603,360,306,2,22865,3432,0,1.15,85.95
2020-05-29,United States,331000000,27132,529,310,4,23371,3451,0,1.14,86.14
2020-05-30,United States,331000000,27664,532,320,10,23813,3531,0,1.16,86.08
2020-05-31,United States,331000000,28299,635,328,8,24379,3592,0,1.16,86.15
2020-06-01,United States,331000000,28647,348,331,3,24685,3631,0,1.16,86.17
2020-06-02,United States,331000000,28976,329,337,6,24953,3686,0,1.16,86.12
2020-06-03,United States,331000000,29457,481,346,9,25376,3735,0,1.17,86.15
2020-06-04,United States,331000000,29962,505,355,9,25771,3836,0,1.18,86.01
2020-06-05,United States,331000000,30358,396,362,7,26097,3899,0,1.19,85.96
2020-06-06,United States,331000000,30777,419,370,8,26431,3976,0,1.2,85.88
2020-06-07,United States,331000000,31336,559,376,6,26935,4025,0,1.2,85.96
2020-06-08,United States,331000000,31855,519,384,8,27396,4075,0,1.21,86
2020-06-09,United States,331000000,32403,548,391,7,27850,4162,0,1.21,85.95
2020-06-10,United States,331000000,33068,665,403,12,28395,4270,0,1.22,85.87
2020-06-11,United States,331000000,33469,401,409,6,28761,4299,0,1.22,85.93
2020-06-12,United States,331000000,34027,558,414,5,29202,4411,0,1.22,85.82
2020-06-13,United States,331000000,34541,514,424,10,29607,4510,0,1.23,85.72
2020-06-14,United States,331000000,34952,411,431,7,29952,4569,0,1.23,85.69
2020-06-15,United States,331000000,35519,567,437,6,30441,4641,0,1.23,85.7
2020-06-16,United States,331000000,36010,491,440,3,30831,4739,0,1.22,85.62
2020-06-17,United States,331000000,36419,409,446,6,31162,4811,0,1.22,85.57
2020-06-18,United States,331000000,37121,702,453,7,31793,4875,0,1.22,85.65
2020-06-19,United States,331000000,37636,515,460,7,32241,4935,0,1.22,85.67
2020-06-20,United States,331000000,38228,592,464,4,32712,5052,0,1.21,85.57
2020-06-21,United States,331000000,38599,371,471,7,33028,5100,0,1.22,85.57
2020-06-22,United States,331000000,39207,608,476,5,33580,5151,0,1.21,85.65
2020-06-23,United States,331000000,39731,524,484,8,34073,5174,0,1.22,85.76
2020-06-24,United States,331000000,40092,361,490,6,34398,5204,0,1.22,85.8
2020-06-25,United States,331000000,40631,539,495,5,34818,5318,0,1.22,85.69
2020-06-26,United States,331000000,41150,519,500,5,35243,5407,0,1.22,85.65
2020-06-27,United States,331000000,41777,627,509,9,35733,5535,0,1.22,85.53
2020-06-28,United States,331000000,42433,656,520,11,36282,5631,0,1.23,85.5
2020-06-29,United States,331000000,43004,571,526,6,36741,5737,0,1.22,85.44
2020-06-30,United States,331000000,43723,719,531,5,37409,5783,0,1.21,85.56
2020-07-01,United States,331000000,44252,529,535,4,37859,5858,0,1.21,85.55
2020-07-02,United States,331000000,44822,570,545,10,38383,5894,0,1.22,85.63
2020-07-03,United States,331000000,45252,430,549,4,38719,5984,0,1.21,85.56
2020-07-04,United States,331000000,45900,648,558,9,39323,6019,0,1.22,85.67
2020-07-05,United States,331000000,46414,514,565,7,39731,6118,0,1.22,85.6
2020-07-06,United States,331000000,46974,560,573,8,40206,6195,0,1.22,85.59
2020-07-07,United States,331000000,47356,382,576,3,40510,6270,0,1.22,85.54
2020-07-08,United States,331000000,48019,663,583,7,41038,6398,0,1.21,85.46
2020-07-09,United States,331000000,48671,652,596,13,41663,6412,0,1.22,85.6
2020-07-10,United States,331000000,48993,322,600,4,41961,6432,0,1.22,85.65
2020-07-11,United States,331000000,49398,405,605,5,42325,6468,0,1.22,85.68
2020-07-12,United States,331000000,49812,414,612,7,42671,6529,0,1.23,85.66
2020-07-13,United States,331000000,50346,534,616,4,43143,6587,0,1.22,85.69
2020-07-14,United States,331000000,50769,423,623,7,43526,6620,0,1.23,85.73
2020-07-15,United States,331000000,51319,550,630,7,44027,6662,0,1.23,85.79
2020-07-16,United States,331000000,51851,532,638,8,44459,6754,0,1.23,85.74
2020-07-17,United States,331000000,52575,724,652,14,45049,6874,0,1.24,85.69
2020-07-18,United States,331000000,52988,413,655,3,45442,6891,0,1.24,85.76
2020-07-19,United States,331000000,53478,490,662,7,45871,6945,0,1.24,85.78
2020-07-20,United States,331000000,53891,413,665,3,46197,7029,0,1.23,85.72
2020-07-21,United States,331000000,54400,509,672,7,46615,7113,0,1.24,85.69
2020-07-22,United States,331000000,54816,416,678,6,47000,7138,0,1.24,85.74
2020-07-23,United States,331000000,55303,487,686,8,47401,7216,0,1.24,85.71
2020-07-24,United States,331000000,55740,437,690,4,47790,7260,0,1.24,85.74
2020-07-25,United States,331000000,56384,644,697,7,48366,7321,0,1.24,85.78
2020-07-26,United States,331000000,56918,534,704,7,48800,7414,0,1.24,85.74
2020-07-27,United States,331000000,57443,525,710,6,49295,7438,0,1.24,85.82
2020-07-28,United States,331000000,58103,660,714,4,49847,7542,0,1.23,85.79
2020-07-29,United States,331000000,58498,395,720,6,50183,7595,0,1.23,85.79
2020-07-30,United States,331000000,59089,591,730,10,50692,7667,0,1.24,85.79
2020-07-31,United States,331000000,59621,532,735,5,51118,7768,0,1.23,85.74
2020-08-01,United States,331000000,60078,457,742,7,51554,7782,0,1.24,85.81
2020-08-02,United States,331000000,60497,419,746,4,51918,7833,0,1.23,85.82
2020-08-03,United States,331000000,60947,450,749,3,52322,7876,0,1.23,85.85
2020-08-04,United States,331000000,61322,375,751,2,52674,7897,0,1.22,85.9
2020-08-05,United States,331000000,61660,338,755,4,52961,7944,0,1.22,85.89
2020-08-06,United States,331000000,62061,401,761,6,53278,8022,0,1.23,85.85
2020-08-07,United States,331000000,62706,645,773,12,53890,8043,0,1.23,85.94
2020-08-08,United States,331000000,63190,484,777,4,54309,8104,0,1.23,85.95
2020-08-09,United States,331000000,63649,459,784,7,54715,8150,0,1.23,85.96
2020-08-10,United States,331000000,63978,329,786,2,54994,8198,0,1.23,85.96
2020-08-11,United States,331000000,64346,368,789,3,55329,8228,0,1.23,85.99
2020-08-12,United States,331000000,64995,649,801,12,55902,8292,0,1.23,86.01
2020-08-13,United States,331000000,65536,541,807,6,56402,8327,0,1.23,86.06
2020-08-14,United States,331000000,65911,375,812,5,56755,8344,0,1.23,86.11
2020-08-15,United States,331000000,66348,437,817,5,57119,8412,0,1.23,86.09
2020-08-16,United States,331000000,66770,422,822,5,57493,8455,0,1.23,86.11
2020-08-17,United States,331000000,67190,420,825,3,57891,8474,0,1.23,86.16
2020-08-18,United States,331000000,67653,463,833,8,58258,8562,0,1.23,86.11
2020-08-19,United States,331000000,68202,549,840,7,58748,8614,0,1.23,86.14
2020-08-20,United States,331000000,68657,455,844,4,59179,8634,0,1.23,86.2
2020-08-21,United States,331000000,69115,458,847,3,59608,8660,0,1.23,86.24
2020-08-22,United States,331000000,69559,444,853,6,60029,8677,0,1.23,86.3
2020-08-23,United States,331000000,69817,258,857,4,60252,8708,0,1.23,86.3
2020-08-24,United States,331000000,70175,358,861,4,60572,8742,0,1.23,86.32
2020-08-25,United States,331000000,70549,374,865,4,60867,8817,0,1.23,86.28
2020-08-26,United States,331000000,71013,464,870,5,61246,8897,0,1.23,86.25
2020-08-27,United States,331000000,71424,411,875,5,61570,8979,0,1.23,86.2
2020-08-28,United States,331000000,71849,425,881,6,61928,9040,0,1.23,86.19
2020-08-29,United States,331000000,72270,421,888,7,62298,9084,0,1.23,86.2
2020-08-30,United States,331000000,72690,420,895,7,62670,9125,0,1.23,86.22
2020-08-31,United States,331000000,73159,469,900,5,63116,9143,0,1.23,86.27
2020-09-01,United States,331000000,73734,575,905,5,63629,9200,0,1.23,86.3
2020-09-02,United States,331000000,74179,445,911,6,63990,9278,0,1.23,86.26
2020-09-03,United States,331000000,74565,386,918,7,64327,9320,0,1.23,86.27
2020-09-04,United States,331000000,74900,335,921,3,64628,9351,0,1.23,86.29
2020-09-05,United States,331000000,75264,364,924,3,64924,9416,0,1.23,86.26
2020-09-06,United States,331000000,75583,319,926,2,65195,9462,0,1.23,86.26
2020-09-07,United States,331000000,75941,358,931,5,65505,9505,0,1.23,86.26
2020-09-08,United States,331000000,76269,328,934,3,65810,9525,0,1.22,86.29
2020-09-09,United States,331000000,76631,362,936,2,66096,9599,0,1.22,86.25
2020-09-10,United States,331000000,76921,290,940,4,66351,9630,0,1.22,86.26
2020-09-11,United States,331000000,77287,366,947,7,66639,9701,0,1.23,86.22
2020-09-12,United States,331000000,77712,425,950,3,66973,9789,0,1.22,86.18
2020-09-13,United States,331000000,78075,363,955,5,67259,9861,0,1.22,86.15
2020-09-14,United States,331000000,78349,274,960,5,67514,9875,0,1.23,86.17
2020-09-15,United States,331000000,78669,320,962,2,67770,9937,0,1.22,86.15
2020-09-16,United States,331000000,79000,331,964,2,68059,9977,0,1.22,86.15
2020-09-17,United States,331000000,79301,301,970,6,68330,10001,0,1.22,86.17
2020-09-18,United States,331000000,79571,270,975,5,68547,10049,0,1.23,86.15
2020-09-19,United States,331000000,79975,404,977,2,68862,10136,0,1.22,86.1
2020-09-20,United States,331000000,80206,231,980,3,69068,10158,0,1.22,86.11
2020-09-21,United States,331000000,80523,317,984,4,69316,10223,0,1.22,86.08
2020-09-22,United States,331000000,80732,209,986,2,69485,10261,0,1.22,86.07
2020-09-23,United States,331000000,81169,437,990,4,69856,10323,0,1.22,86.06
2020-09-24,United States,331000000,81541,372,993,3,70152,10396,0,1.22,86.03
2020-09-25,United States,331000000,81901,360,999,6,70468,10434,0,1.22,86.04
2020-09-26,United States,331000000,82198,297,1003,4,70748,10447,0,1.22,86.07
2020-09-27,United States,331000000,82513,315,1006,3,71038,10469,0,1.22,86.09
2020-09-28,United States,331000000,82818,305,1012,6,71289,10517,0,1.22,86.08
2020-09-29,United States,331000000,83144,326,1015,3,71566,10563,0,1.22,86.07
2020-09-30,United States,331000000,83469,325,1019,4,71876,10574,0,1.22,86.11
2020-10-01,United States,331000000,83821,352,1022,3,72196,10603,0,1.22,86.13
2020-10-02,United States,331000000,84112,291,1025,3,72453,10634,0,1.22,86.14
2020-10-03,United States,331000000,84458,346,1031,6,72726,10701,0,1.22,86.11
2020-10-04,United States,331000000,84805,347,1036,5,73005,10764,0,1.22,86.09
2020-10-05,United States,331000000,85206,401,1040,4,73355,10811,0,1.22,86.09
2020-10-06,United States,331000000,85419,213,1044,4,73526,10849,0,1.22,86.08
2020-10-07,United States,331000000,85686,267,1046,2,73741,10899,0,1.22,86.06
2020-10-08,United States,331000000,86111,425,1055,9,74139,10917,0,1.23,86.1
2020-10-09,United States,331000000,86396,285,1059,4,74386,10951,0,1.23,86.1
2020-10-10,United States,331000000,86652,256,1062,3,74602,10988,0,1.23,86.09
2020-10-11,United States,331000000,87066,414,1065,3,74960,11041,0,1.22,86.1
2020-10-12,United States,331000000,87508,442,1071,6,75350,11087,0,1.22,86.11
2020-10-13,United States,331000000,87865,357,1073,2,75651,11141,0,1.22,86.1
2020-10-14,United States,331000000,88138,273,1078,5,75891,11169,0,1.22,86.1
2020-10-15,United States,331000000,88509,371,1083,5,76233,11193,0,1.22,86.13
2020-10-16,United States,331000000,88770,261,1087,4,76465,11218,0,1.22,86.14
2020-10-17,United States,331000000,89030,260,1089,2,76687,11254,0,1.22,86.14
2020-10-18,United States,331000000,89346,316,1093,4,76962,11291,0,1.22,86.14
2020-10-19,United States,331000000,89575,229,1097,4,77141,11337,0,1.22,86.12
2020-10-20,United States,331000000,89892,317,1101,4,77441,11350,0,1.22,86.15
2020-10-21,United States,331000000,90206,314,1103,2,77721,11382,0,1.22,86.16
2020-10-22,United States,331000000,90460,254,1106,3,77937,11417,0,1.22,86.16
2020-10-23,United States,331000000,90843,383,1109,3,78237,11497,0,1.22,86.12
2020-10-24,United States,331000000,91169,326,1115,6,78525,11529,0,1.22,86.13
2020-10-25,United States,331000000,91507,338,1121,6,78814,11572,0,1.23,86.13
2020-10-26,United States,331000000,91890,383,1127,6,79175,11588,0,1.23,86.16
2020-10-27,United States,331000000,92150,260,1129,2,79387,11634,0,1.23,86.15
2020-10-28,United States,331000000,92496,346,1132,3,79675,11689,0,1.22,86.14
2020-10-29,United States,331000000,92980,484,1138,6,80106,11736,0,1.22,86.15
2020-10-30,United States,331000000,93401,421,1141,3,80441,11819,0,1.22,86.12
2020-10-31,United States,331000000,93739,338,1144,3,80721,11874,0,1.22,86.11
2020-11-01,United States,331000000,94004,265,1147,3,80966,11891,0,1.22,86.13
2020-11-02,United States,331000000,94412,408,1155,8,81285,11972,0,1.22,86.1
2020-11-03,United States,331000000,94790,378,1158,3,81640,11992,0,1.22,86.13
2020-11-04,United States,331000000,95306,516,1166,8,82105,12035,0,1.22,86.15
2020-11-05,United States,331000000,95569,263,1171,5,82357,12041,0,1.23,86.18
2020-11-06,United States,331000000,95859,290,1176,5,82585,12098,0,1.23,86.15
2020-11-07,United States,331000000,96276,417,1180,4,82977,12119,0,1.23,86.19
2020-11-08,United States,331000000,96578,302,1182,2,83259,12137,0,1.22,86.21
2020-11-09,United States,331000000,96888,310,1186,4,83538,12164,0,1.22,86.22
2020-11-10,United States,331000000,97297,409,1193,7,83880,12224,0,1.23,86.21
2020-11-11,United States,331000000,97607,310,1196,3,84133,12278,0,1.23,86.2
2020-11-12,United States,331000000,97970,363,1203,7,84435,12332,0,1.23,86.18
2020-11-13,United States,331000000,98341,371,1209,6,84775,12357,0,1.23,86.21
2020-11-14,United States,331000000,98648,307,1214,5,85054,12380,0,1.23,86.22
2020-11-15,United States,331000000,98999,351,1219,5,85340,12440,0,1.23,86.2
2020-11-16,United States,331000000,99260,261,1222,3,85573,12465,0,1.23,86.21
2020-11-17,United States,331000000,99639,379,1228,6,85884,12527,0,1.23,86.2
2020-11-18,United States,331000000,99926,287,1230,2,86148,12548,0,1.23,86.21
2020-11-19,United States,331000000,100267,341,1237,7,86436,12594,0,1.23,86.21
2020-11-20,United States,331000000,100683,416,1245,8,86774,12664,0,1.24,86.19
2020-11-21,United States,331000000,101091,408,1253,8,87119,12719,0,1.24,86.18
2020-11-22,United States,331000000,101450,359,1257,4,87406,12787,0,1.24,86.16
2020-11-23,United States,331000000,101833,383,1260,3,87726,12847,0,1.24,86.15
2020-11-24,United States,331000000,102251,418,1264,4,88116,12871,0,1.24,86.18
2020-11-25,United States,331000000,102670,419,1272,8,88500,12898,0,1.24,86.2
2020-11-26,United States,331000000,103111,441,1281,9,88898,12932,0,1.24,86.22
2020-11-27,United States,331000000,103465,354,1285,4,89206,12974,0,1.24,86.22
2020-11-28,United States,331000000,103892,427,1288,3,89563,13041,0,1.24,86.21
2020-11-29,United States,331000000,104515,623,1299,11,90145,13071,0,1.24,86.25
2020-11-30,United States,331000000,105038,523,1308,9,90629,13101,0,1.25,86.28
2020-12-01,United States,331000000,105378,340,1315,7,90913,13150,0,1.25,86.27
2020-12-02,United States,331000000,105896,518,1323,8,91340,13233,0,1.25,86.25
2020-12-03,United States,331000000,106404,508,1333,10,91751,13320,0,1.25,86.23
2020-12-04,United States,331000000,106848,444,1339,6,92165,13344,0,1.25,86.26
2020-12-05,United States,331000000,107279,431,1344,5,92514,13421,0,1.25,86.24
2020-12-06,United States,331000000,107740,461,1348,4,92933,13459,0,1.25,86.26
2020-12-07,United States,331000000,108303,563,1355,7,93433,13515,0,1.25,86.27
2020-12-08,United States,331000000,108876,573,1366,11,93953,13557,0,1.25,86.29
2020-12-09,United States,331000000,109323,447,1369,3,94369,13585,0,1.25,86.32
2020-12-10,United States,331000000,109901,578,1375,6,94911,13615,0,1.25,86.36
2020-12-11,United States,331000000,110468,567,1384,9,95364,13720,0,1.25,86.33
2020-12-12,United States,331000000,111027,559,1387,3,95896,13744,0,1.25,86.37
2020-12-13,United States,331000000,111486,459,1394,7,96306,13786,0,1.25,86.38
2020-12-14,United States,331000000,111894,408,1402,8,96646,13846,0,1.25,86.37
2020-12-15,United States,331000000,112312,418,1409,7,97001,13902,0,1.25,86.37
2020-12-16,United States,331000000,112842,530,1415,6,97448,13979,0,1.25,86.36
2020-12-17,United States,331000000,113341,499,1420,5,97883,14038,0,1.25,86.36
2020-12-18,United States,331000000,113941,600,1428,8,98405,14108,0,1.25,86.36
2020-12-19,United States,331000000,114431,490,1432,4,98873,14126,0,1.25,86.4
2020-12-20,United States,331000000,114924,493,1440,8,99310,14174,0,1.25,86.41
2020-12-21,United States,331000000,115428,504,1446,6,99741,14241,0,1.25,86.41
2020-12-22,United States,331000000,115891,463,1454,8,100156,14281,0,1.25,86.42
2020-12-23,United States,331000000,116472,581,1461,7,100657,14354,0,1.25,86.42
2020-12-24,United States,331000000,117088,616,1469,8,101173,14446,0,1.25,86.41
2020-12-25,United States,331000000,117546,458,1476,7,101612,14458,0,1.26,86.44
2020-12-26,United States,331000000,118165,619,1483,7,102100,14582,0,1.26,86.4
2020-12-27,United States,331000000,118695,530,1487,4,102553,14655,0,1.25,86.4
2020-12-28,United States,331000000,119175,480,1490,3,102933,14752,0,1.25,86.37
2020-12-29,United States,331000000,119780,605,1500,10,103506,14774,0,1.25,86.41
2020-12-30,United States,331000000,120244,464,1506,6,103897,14841,0,1.25,86.41
2020-12-31,United States,331000000,120786,542,1512,6,104380,14894,0,1.25,86.42
2021-01-01,United States,331000000,121294,508,1515,3,104867,14912,0,1.25,86.46
2021-01-02,United States,331000000,121898,604,1520,5,105343,15035,507969,1.25,86.42
2021-01-03,United States,331000000,122617,719,1528,8,105961,15128,1015938,1.25,86.42
2021-01-04,United States,331000000,123150,533,1536,8,106425,15189,1523907,1.25,86.42
2021-01-05,United States,331000000,123762,612,1544,8,107011,15207,2031876,1.25,86.47
2021-01-06,United States,331000000,124347,585,1554,10,107493,15300,2539846,1.25,86.45
2021-01-07,United States,331000000,124963,616,1566,12,107984,15413,3047815,1.25,86.41
2021-01-08,United States,331000000,125561,598,1576,10,108487,15498,3555784,1.26,86.4
2021-01-09,United States,331000000,126238,677,1583,7,109115,15540,4063753,1.25,86.44
2021-01-10,United States,331000000,126785,547,1586,3,109571,15628,4571722,1.25,86.42
2021-01-11,United States,331000000,127314,529,1589,3,110001,15724,5079692,1.25,86.4
2021-01-12,United States,331000000,127849,535,1596,7,110446,15807,5587661,1.25,86.39
2021-01-13,United States,331000000,128293,444,1604,8,110864,15825,6095630,1.25,86.41
2021-01-14,United States,331000000,128792,499,1610,6,111282,15900,6603599,1.25,86.4
2021-01-15,United States,331000000,129402,610,1616,6,111792,15994,7111568,1.25,86.39
2021-01-16,United States,331000000,129996,594,1621,5,112339,16036,7619538,1.25,86.42
2021-01-17,United States,331000000,130668,672,1626,5,112871,16171,8127507,1.24,86.38
2021-01-18,United States,331000000,131213,545,1637,11,113314,16262,8635476,1.25,86.36
2021-01-19,United States,331000000,131877,664,1641,4,113946,16290,9143445,1.24,86.4
2021-01-20,United States,331000000,132695,818,1649,8,114710,16336,9651414,1.24,86.45
2021-01-21,United States,331000000,133377,682,1653,4,115304,16420,10159384,1.24,86.45
2021-01-22,United States,331000000,134004,627,1664,11,115898,16442,10667353,1.24,86.49
2021-01-23,United States,331000000,134643,639,1670,6,116429,16544,11175322,1.24,86.47
2021-01-24,United States,331000000,135331,688,1678,8,117014,16639,11683291,1.24,86.47
2021-01-25,United States,331000000,135866,535,1687,9,117447,16732,12191261,1.24,86.44
2021-01-26,United States,331000000,136555,689,1694,7,118046,16815,12699230,1.24,86.45
2021-01-27,United States,331000000,137313,758,1706,12,118658,16949,13207199,1.24,86.41
2021-01-28,United States,331000000,138096,783,1717,11,119281,17098,13715168,1.24,86.38
2021-01-29,United States,331000000,138638,542,1720,3,119730,17188,14223137,1.24,86.36
2021-01-30,United States,331000000,139133,495,1730,10,120201,17202,14731107,1.24,86.39
2021-01-31,United States,331000000,139774,641,1735,5,120746,17293,15239076,1.24,86.39
2021-02-01,United States,331000000,140449,675,1749,14,121289,17411,15747045,1.25,86.36
2021-02-02,United States,331000000,141094,645,1762,13,121836,17496,16255014,1.25,86.35
2021-02-03,United States,331000000,141825,731,1775,13,122451,17599,16762983,1.25,86.34
2021-02-04,United States,331000000,142391,566,1779,4,122988,17624,17270953,1.25,86.37
2021-02-05,United States,331000000,143159,768,1794,15,123709,17656,17778922,1.25,86.41
2021-02-06,United States,331000000,144032,873,1800,6,124442,17790,18286891,1.25,86.4
2021-02-07,United States,331000000,144805,773,1808,8,125133,17864,18794860,1.25,86.41
2021-02-08,United States,331000000,145403,598,1817,9,125687,17899,19302829,1.25,86.44
2021-02-09,United States,331000000,146068,665,1825,8,126221,18022,19810799,1.25,86.41
2021-02-10,United States,331000000,146710,642,1831,6,126796,18083,20318768,1.25,86.43
2021-02-11,United States,331000000,147343,633,1840,9,127369,18134,20826737,1.25,86.44
2021-02-12,United States,331000000,148222,879,1848,8,128128,18246,21334706,1.25,86.44
2021-02-13,United States,331000000,148889,667,1860,12,128669,18360,21842676,1.25,86.42
2021-02-14,United States,331000000,149807,918,1865,5,129499,18443,22350645,1.24,86.44
2021-02-15,United States,331000000,150404,597,1871,6,129970,18563,22858614,1.24,86.41
2021-02-16,United States,331000000,150973,569,1877,6,130422,18674,23366583,1.24,86.39
2021-02-17,United States,331000000,151789,816,1883,6,131102,18804,23874552,1.24,86.37
2021-02-18,United States,331000000,152524,735,1888,5,131716,18920,24382522,1.24,86.36
2021-02-19,United States,331000000,153233,709,1902,14,132289,19042,24890491,1.24,86.33
2021-02-20,United States,331000000,154016,783,1917,15,132977,19122,25398460,1.24,86.34
2021-02-21,United States,331000000,155014,998,1931,14,133790,19293,25906429,1.25,86.31
2021-02-22,United States,331000000,155624,610,1942,11,134303,19379,26414398,1.25,86.3
2021-02-23,United States,331000000,156194,570,1954,12,134823,19417,26922368,1.25,86.32
2021-02-24,United States,331000000,157079,885,1960,6,135554,19565,27430337,1.25,86.3
2021-02-25,United States,331000000,157860,781,1970,10,136195,19695,27938306,1.25,86.28
2021-02-26,United States,331000000,158650,790,1980,10,136859,19811,28446275,1.25,86.26
2021-02-27,United States,331000000,159424,774,1996,16,137524,19904,28954244,1.25,86.26
2021-02-28,United States,331000000,159930,506,2006,10,137970,19954,29462214,1.25,86.27
2021-03-01,United States,331000000,160660,730,2019,13,138646,19995,29970183,1.26,86.3
2021-03-02,United States,331000000,161312,652,2031,12,139197,20084,30478152,1.26,86.29
2021-03-03,United States,331000000,161847,535,2041,10,139704,20102,30986121,1.26,86.32
2021-03-04,United States,331000000,162817,970,2059,18,140608,20150,31494091,1.26,86.36
2021-03-05,United States,331000000,163676,859,2069,10,141285,20322,32002060,1.26,86.32
2021-03-06,United States,331000000,164697,1021,2082,13,142219,20396,32510029,1.26,86.35
2021-03-07,United States,331000000,165336,639,2089,7,142790,20457,33017998,1.26,86.36
2021-03-08,United States,331000000,166177,841,2101,12,143476,20600,33525967,1.26,86.34
2021-03-09,United States,331000000,166840,663,2108,7,144082,20650,34033937,1.26,86.36
2021-03-10,United States,331000000,167419,579,2120,12,144608,20691,34541906,1.27,86.37
2021-03-11,United States,331000000,168165,746,2135,15,145247,20783,35049875,1.27,86.37
2021-03-12,United States,331000000,169065,900,2147,12,146063,20855,35557844,1.27,86.39
2021-03-13,United States,331000000,169815,750,2154,7,146708,20953,36065813,1.27,86.39
2021-03-14,United States,331000000,170538,723,2158,4,147277,21103,36573783,1.27,86.36
2021-03-15,United States,331000000,171251,713,2173,15,147864,21214,37081752,1.27,86.34
2021-03-16,United States,331000000,172152,901,2186,13,148591,21375,37589721,1.27,86.31
2021-03-17,United States,331000000,172975,823,2200,14,149321,21454,38097690,1.27,86.33
2021-03-18,United States,331000000,173863,888,2219,19,150105,21539,38605659,1.28,86.34
2021-03-19,United States,331000000,174731,868,2228,9,150883,21620,39113629,1.28,86.35
2021-03-20,United States,331000000,175441,710,2241,13,151513,21687,39621598,1.28,86.36
2021-03-21,United States,331000000,176098,657,2249,8,152081,21768,40129567,1.28,86.36
2021-03-22,United States,331000000,176799,701,2262,13,152638,21899,40637536,1.28,86.33
2021-03-23,United States,331000000,177688,889,2278,16,153467,21943,41145506,1.28,86.37
2021-03-24,United States,331000000,178404,716,2284,6,154116,22004,41653475,1.28,86.39
2021-03-25,United States,331000000,179001,597,2292,8,154649,22060,42161444,1.28,86.4
2021-03-26,United States,331000000,179678,677,2296,4,155216,22166,42669413,1.28,86.39
2021-03-27,United States,331000000,180350,672,2306,10,155843,22201,43177382,1.28,86.41
2021-03-28,United States,331000000,181006,656,2319,13,156439,22248,43685352,1.28,86.43
2021-03-29,United States,331000000,182057,1051,2340,21,157358,22359,44193321,1.29,86.43
2021-03-30,United States,331000000,182726,669,2347,7,157943,22436,44701290,1.28,86.44
2021-03-31,United States,331000000,183521,795,2358,11,158649,22514,45209259,1.28,86.45
2021-04-01,United States,331000000,184213,692,2368,10,159309,22536,45717228,1.29,86.48
2021-04-02,United States,331000000,184821,608,2378,10,159884,22559,46225198,1.29,86.51
2021-04-03,United States,331000000,185632,811,2385,7,160613,22634,46733167,1.28,86.52
2021-04-04,United States,331000000,186591,959,2400,15,161465,22726,47241136,1.29,86.53
2021-04-05,United States,331000000,187891,1300,2414,14,162600,22877,47749105,1.28,86.54
2021-04-06,United States,331000000,188491,600,2419,5,163154,22918,48257074,1.28,86.56
2021-04-07,United States,331000000,189528,1037,2432,13,164014,23082,48765044,1.28,86.54
2021-04-08,United States,331000000,190164,636,2441,9,164549,23174,49273013,1.28,86.53
2021-04-09,United States,331000000,190667,503,2449,8,164944,23274,49780982,1.28,86.51
2021-04-10,United States,331000000,191398,731,2458,9,165558,23382,50288951,1.28,86.5
2021-04-11,United States,331000000,192373,975,2471,13,166333,23569,50796921,1.28,86.46
2021-04-12,United States,331000000,193145,772,2487,16,167007,23651,51304890,1.29,86.47
2021-04-13,United States,331000000,193708,563,2494,7,167489,23725,51812859,1.29,86.46
2021-04-14,United States,331000000,194507,799,2499,5,168127,23881,52320828,1.28,86.44
2021-04-15,United States,331000000,195163,656,2504,5,168698,23961,52828797,1.28,86.44
2021-04-16,United States,331000000,195963,800,2518,14,169330,24115,53336767,1.28,86.41
2021-04-17,United States,331000000,196559,596,2521,3,169800,24238,53844736,1.28,86.39
2021-04-18,United States,331000000,197294,735,2535,14,170388,24371,54352705,1.28,86.36
2021-04-19,United States,331000000,197990,696,2548,13,170963,24479,54860674,1.29,86.35
2021-04-20,United States,331000000,198624,634,2556,8,171462,24606,55368643,1.29,86.32
2021-04-21,United States,331000000,199661,1037,2571,15,172332,24758,55876613,1.29,86.31
2021-04-22,United States,331000000,200202,541,2576,5,172764,24862,56384582,1.29,86.29
2021-04-23,United States,331000000,200807,605,2587,11,173341,24879,56892551,1.29,86.32
2021-04-24,United States,331000000,201469,662,2601,14,173960,24908,57400520,1.29,86.35
2021-04-25,United States,331000000,202390,921,2610,9,174782,24998,57908489,1.29,86.36
2021-04-26,United States,331000000,203185,795,2620,10,175471,25094,58416459,1.29,86.36
2021-04-27,United States,331000000,203777,592,2626,6,176031,25120,58924428,1.29,86.38
2021-04-28,United States,331000000,204587,810,2631,5,176733,25223,59432397,1.29,86.39
2021-04-29,United States,331000000,205292,705,2641,10,177314,25337,59940366,1.29,86.37
2021-04-30,United States,331000000,206069,777,2649,8,178039,25381,60448336,1.29,86.4
2021-05-01,United States,331000000,206833,764,2654,5,178637,25542,60956305,1.28,86.37
2021-05-02,United States,331000000,207946,1113,2677,23,179580,25689,61464274,1.29,86.36
2021-05-03,United States,331000000,208531,585,2686,9,180134,25711,61972243,1.29,86.38
2021-05-04,United States,331000000,209218,687,2696,10,180685,25837,62480212,1.29,86.36
2021-05-05,United States,331000000,210079,861,2706,10,181492,25881,62988182,1.29,86.39
2021-05-06,United States,331000000,210793,714,2717,11,182164,25912,63496151,1.29,86.42
2021-05-07,United States,331000000,211345,552,2723,6,182614,26008,64004120,1.29,86.41
2021-05-08,United States,331000000,212036,691,2737,14,183247,26052,64512089,1.29,86.42
2021-05-09,United States,331000000,212560,524,2741,4,183727,26092,65020058,1.29,86.44
2021-05-10,United States,331000000,213342,782,2751,10,184368,26223,65528028,1.29,86.42
2021-05-11,United States,331000000,213936,594,2757,6,184881,26298,66035997,1.29,86.42
2021-05-12,United States,331000000,214590,654,2762,5,185507,26321,66543966,1.29,86.45
2021-05-13,United States,331000000,215184,594,2767,5,186052,26365,67051935,1.29,86.46
2021-05-14,United States,331000000,215784,600,2774,7,186581,26429,67559904,1.29,86.47
2021-05-15,United States,331000000,216583,799,2790,16,187216,26577,68067874,1.29,86.44
2021-05-16,United States,331000000,217186,603,2798,8,187785,26603,68575843,1.29,86.46
2021-05-17,United States,331000000,217954,768,2804,6,188513,26637,69083812,1.29,86.49
2021-05-18,United States,331000000,218534,580,2814,10,189063,26657,69591781,1.29,86.51
2021-05-19,United States,331000000,219042,508,2824,10,189484,26734,70099751,1.29,86.51
2021-05-20,United States,331000000,219838,796,2833,9,190205,26800,70607720,1.29,86.52
2021-05-21,United States,331000000,220520,682,2845,12,190744,26931,71115689,1.29,86.5
2021-05-22,United States,331000000,221069,549,2851,6,191200,27018,71623658,1.29,86.49
2021-05-23,United States,331000000,221843,774,2867,16,191856,27120,72131627,1.29,86.48
2021-05-24,United States,331000000,222552,709,2880,13,192464,27208,72639597,1.29,86.48
2021-05-25,United States,331000000,223132,580,2892,12,192939,27301,73147566,1.3,86.47
2021-05-26,United States,331000000,223756,624,2899,7,193510,27347,73655535,1.3,86.48
2021-05-27,United States,331000000,224544,788,2909,10,194229,27406,74163504,1.3,86.5
2021-05-28,United States,331000000,224994,450,2913,4,194584,27497,74671473,1.29,86.48
2021-05-29,United States,331000000,225558,564,2917,4,195059,27582,75179443,1.29,86.48
2021-05-30,United States,331000000,225975,417,2922,5,195388,27665,75687412,1.29,86.46
2021-05-31,United States,331000000,226669,694,2927,5,196003,27739,76195381,1.29,86.47
2021-06-01,United States,331000000,227272,603,2937,10,196518,27817,76703350,1.29,86.47
2021-06-02,United States,331000000,227779,507,2944,7,196914,27921,77211319,1.29,86.45
2021-06-03,United States,331000000,228555,776,2957,13,197611,27987,77719289,1.29,86.46
2021-06-04,United States,331000000,229117,562,2969,12,198091,28057,78227258,1.3,86.46
2021-06-05,United States,331000000,229649,532,2976,7,198593,28080,78735227,1.3,86.48
2021-06-06,United States,331000000,230283,634,2987,11,199186,28110,79243196,1.3,86.5
2021-06-07,United States,331000000,231042,759,2997,10,199842,28203,79751166,1.3,86.5
2021-06-08,United States,331000000,231645,603,3007,10,200321,28317,80259135,1.3,86.48
2021-06-09,United States,331000000,232195,550,3017,10,200797,28381,80767104,1.3,86.48
2021-06-10,United States,331000000,232761,566,3024,7,201327,28410,81275073,1.3,86.5
2021-06-11,United States,331000000,233246,485,3028,4,201777,28441,81783042,1.3,86.51
2021-06-12,United States,331000000,233737,491,3038,10,202205,28494,82291012,1.3,86.51
2021-06-13,United States,331000000,234296,559,3043,5,202688,28565,82798981,1.3,86.51
2021-06-14,United States,331000000,234803,507,3047,4,203095,28661,83306950,1.3,86.5
2021-06-15,United States,331000000,235432,629,3053,6,203673,28706,83814919,1.3,86.51
2021-06-16,United States,331000000,235844,412,3056,3,204019,28769,84322888,1.3,86.51
2021-06-17,United States,331000000,236370,526,3067,11,204461,28842,84830858,1.3,86.5
2021-06-18,United States,331000000,236908,538,3071,4,204966,28871,85338827,1.3,86.52
2021-06-19,United States,331000000,237476,568,3078,7,205481,28917,85846796,1.3,86.53
2021-06-20,United States,331000000,238039,563,3083,5,205938,29018,86354765,1.3,86.51
2021-06-21,United States,331000000,238525,486,3086,3,206318,29121,86862734,1.29,86.5
2021-06-22,United States,331000000,239012,487,3092,6,206750,29170,87370704,1.29,86.5
2021-06-23,United States,331000000,239577,565,3099,7,207193,29285,87878673,1.29,86.48
2021-06-24,United States,331000000,240143,566,3106,7,207689,29348,88386642,1.29,86.49
2021-06-25,United States,331000000,240694,551,3113,7,208157,29424,88894611,1.29,86.48
2021-06-26,United States,331000000,241332,638,3126,13,208765,29441,89402580,1.3,86.51
2021-06-27,United States,331000000,241726,394,3131,5,209104,29491,89910550,1.3,86.5
2021-06-28,United States,331000000,242270,544,3136,5,209555,29579,90418519,1.29,86.5
2021-06-29,United States,331000000,242697,427,3141,5,209964,29592,90926488,1.29,86.51
2021-06-30,United States,331000000,243225,528,3144,3,210390,29691,91434457,1.29,86.5
2021-07-01,United States,331000000,243686,461,3150,6,210791,29745,91942427,1.29,86.5
2021-07-02,United States,331000000,244127,441,3153,3,211159,29815,92450396,1.29,86.5
2021-07-03,United States,331000000,244546,419,3161,8,211557,29828,92958365,1.29,86.51
2021-07-04,United States,331000000,245138,592,3173,12,212019,29946,93466334,1.29,86.49
2021-07-05,United States,331000000,245504,366,3179,6,212366,29959,93974303,1.29,86.5
2021-07-06,United States,331000000,246018,514,3182,3,212790,30046,94482273,1.29,86.49
2021-07-07,United States,331000000,246581,563,3189,7,213299,30093,94990242,1.29,86.5
2021-07-08,United States,331000000,247120,539,3196,7,213758,30166,95498211,1.29,86.5
2021-07-09,United States,331000000,247486,366,3199,3,214107,30180,96006180,1.29,86.51
2021-07-10,United States,331000000,247992,506,3206,7,214522,30264,96514149,1.29,86.5
2021-07-11,United States,331000000,248617,625,3215,9,215087,30315,97022119,1.29,86.51
2021-07-12,United States,331000000,249147,530,3223,8,215535,30389,97530088,1.29,86.51
2021-07-13,United States,331000000,249652,505,3232,9,215944,30476,98038057,1.29,86.5
2021-07-14,United States,331000000,250032,380,3236,4,216293,30503,98546026,1.29,86.51
2021-07-15,United States,331000000,250438,406,3241,5,216667,30530,99053995,1.29,86.52
2021-07-16,United States,331000000,250798,360,3247,6,216963,30588,99561965,1.29,86.51
2021-07-17,United States,331000000,251387,589,3252,5,217475,30660,100069934,1.29,86.51
2021-07-18,United States,331000000,251903,516,3258,6,217967,30678,100577903,1.29,86.53
2021-07-19,United States,331000000,252647,744,3269,11,218662,30716,101085872,1.29,86.55
2021-07-20,United States,331000000,253167,520,3279,10,219122,30766,101593842,1.3,86.55
2021-07-21,United States,331000000,253578,411,3286,7,219470,30822,102101811,1.3,86.55
2021-07-22,United States,331000000,254070,492,3292,6,219930,30848,102609780,1.3,86.56
2021-07-23,United States,331000000,254496,426,3296,4,220336,30864,103117749,1.3,86.58
2021-07-24,United States,331000000,255069,573,3308,12,220828,30933,103625718,1.3,86.58
2021-07-25,United States,331000000,255543,474,3313,5,221242,30988,104133688,1.3,86.58
2021-07-26,United States,331000000,255952,409,3320,7,221564,31068,104641657,1.3,86.56
2021-07-27,United States,331000000,256543,591,3324,4,222066,31153,105149626,1.3,86.56
2021-07-28,United States,331000000,256935,392,3329,5,222394,31212,105657595,1.3,86.56
2021-07-29,United States,331000000,257347,412,3332,3,222738,31277,106165564,1.29,86.55
2021-07-30,United States,331000000,257842,495,3338,6,223175,31329,106673534,1.29,86.55
2021-07-31,United States,331000000,258377,535,3349,11,223615,31413,107181503,1.3,86.55
2021-08-01,United States,331000000,258995,618,3358,9,224106,31531,107689472,1.3,86.53
2021-08-02,United States,331000000,259593,598,3368,10,224579,31646,108197441,1.3,86.51
2021-08-03,United States,331000000,260253,660,3374,6,225193,31686,108705410,1.3,86.53
2021-08-04,United States,331000000,260814,561,3377,3,225715,31722,109213380,1.29,86.54
2021-08-05,United States,331000000,261200,386,3380,3,226082,31738,109721349,1.29,86.56
2021-08-06,United States,331000000,261686,486,3383,3,226478,31825,110229318,1.29,86.55
2021-08-07,United States,331000000,262314,628,3392,9,226982,31940,110737287,1.29,86.53
2021-08-08,United States,331000000,262698,384,3396,4,227298,32004,111245257,1.29,86.52
2021-08-09,United States,331000000,263168,470,3404,8,227682,32082,111753226,1.29,86.52
2021-08-10,United States,331000000,263565,397,3408,4,228019,32138,112261195,1.29,86.51
2021-08-11,United States,331000000,264019,454,3411,3,228399,32209,112769164,1.29,86.51
2021-08-12,United States,331000000,264600,581,3416,5,228905,32279,113277133,1.29,86.51
2021-08-13,United States,331000000,265158,558,3426,10,229376,32356,113785103,1.29,86.51
2021-08-14,United States,331000000,265706,548,3435,9,229834,32437,114293072,1.29,86.5
2021-08-15,United States,331000000,266233,527,3438,3,230283,32512,114801041,1.29,86.5
2021-08-16,United States,331000000,266717,484,3443,5,230720,32554,115309010,1.29,86.5
2021-08-17,United States,331000000,267166,449,3451,8,231093,32622,115816979,1.29,86.5
2021-08-18,United States,331000000,267788,622,3459,8,231659,32670,116324949,1.29,86.51
2021-08-19,United States,331000000,268373,585,3468,9,232211,32694,116832918,1.29,86.53
2021-08-20,United States,331000000,268795,422,3471,3,232597,32727,117340887,1.29,86.53
2021-08-21,United States,331000000,269181,386,3476,5,232921,32784,117848856,1.29,86.53
2021-08-22,United States,331000000,269752,571,3484,8,233457,32811,118356825,1.29,86.55
2021-08-23,United States,331000000,270495,743,3494,10,234043,32958,118864795,1.29,86.52
2021-08-24,United States,331000000,271126,631,3500,6,234591,33035,119372764,1.29,86.52
2021-08-25,United States,331000000,271570,444,3506,6,234963,33101,119880733,1.29,86.52
2021-08-26,United States,331000000,272047,477,3510,4,235374,33163,120388702,1.29,86.52
2021-08-27,United States,331000000,272616,569,3514,4,235897,33205,120896672,1.29,86.53
2021-08-28,United States,331000000,273220,604,3525,11,236451,33244,121404641,1.29,86.54
2021-08-29,United States,331000000,273783,563,3535,10,236948,33300,121912610,1.29,86.55
2021-08-30,United States,331000000,274244,461,3542,7,237345,33357,122420579,1.29,86.55
2021-08-31,United States,331000000,274732,488,3549,7,237732,33451,122928548,1.29,86.53
2021-09-01,United States,331000000,275273,541,3556,7,238182,33535,123436518,1.29,86.53
2021-09-02,United States,331000000,275716,443,3563,7,238590,33563,123944487,1.29,86.53
2021-09-03,United States,331000000,276271,555,3567,4,239033,33671,124452456,1.29,86.52
2021-09-04,United States,331000000,276625,354,3569,2,239350,33706,124960425,1.29,86.53
2021-09-05,United States,331000000,277412,787,3584,15,240081,33747,125468394,1.29,86.54
2021-09-06,United States,331000000,277897,485,3587,3,240463,33847,125976364,1.29,86.53
2021-09-07,United States,331000000,278466,569,3592,5,240920,33954,126484333,1.29,86.52
2021-09-08,United States,331000000,278953,487,3602,10,241353,33998,126992302,1.29,86.52
2021-09-09,United States,331000000,279380,427,3610,8,241740,34030,127500271,1.29,86.53
2021-09-10,United States,331000000,279968,588,3616,6,242266,34086,128008240,1.29,86.53
2021-09-11,United States,331000000,280474,506,3621,5,242751,34102,128516210,1.29,86.55
2021-09-12,United States,331000000,280949,475,3630,9,243123,34196,129024179,1.29,86.54
2021-09-13,United States,331000000,281420,471,3638,8,243551,34231,129532148,1.29,86.54
2021-09-14,United States,331000000,282034,614,3648,10,244044,34342,130040117,1.29,86.53
2021-09-15,United States,331000000,282719,685,3659,11,244699,34361,130548087,1.29,86.55
2021-09-16,United States,331000000,283273,554,3662,3,245167,34444,131056056,1.29,86.55
2021-09-17,United States,331000000,283935,662,3674,12,245766,34495,131564025,1.29,86.56
2021-09-18,United States,331000000,284441,506,3680,6,246203,34558,132071994,1.29,86.56
2021-09-19,United States,331000000,285007,566,3691,11,246709,34607,132579963,1.3,86.56
2021-09-20,United States,331000000,285609,602,3695,4,247283,34631,133087933,1.29,86.58
2021-09-21,United States,331000000,286015,406,3699,4,247634,34682,133595902,1.29,86.58
2021-09-22,United States,331000000,286756,741,3711,12,248307,34738,134103871,1.29,86.59
2021-09-23,United States,331000000,287234,478,3715,4,248707,34812,134611840,1.29,86.59
2021-09-24,United States,331000000,287855,621,3719,4,249258,34878,135119809,1.29,86.59
2021-09-25,United States,331000000,288357,502,3728,9,249730,34899,135627779,1.29,86.6
2021-09-26,United States,331000000,288783,426,3731,3,250113,34939,136135748,1.29,86.61
2021-09-27,United States,331000000,289177,394,3738,7,250437,35002,136643717,1.29,86.6
2021-09-28,United States,331000000,289907,730,3752,14,251038,35117,137151686,1.29,86.59
2021-09-29,United States,331000000,290472,565,3760,8,251498,35214,137659655,1.29,86.58
2021-09-30,United States,331000000,291129,657,3764,4,252110,35255,138167625,1.29,86.6
2021-10-01,United States,331000000,291804,675,3772,8,252678,35354,138675594,1.29,86.59
2021-10-02,United States,331000000,292316,512,3781,9,253131,35404,139183563,1.29,86.59
2021-10-03,United States,331000000,292928,612,3786,5,253629,35513,139691532,1.29,86.58
2021-10-04,United States,331000000,293670,742,3790,4,254214,35666,140199502,1.29,86.56
2021-10-05,United States,331000000,294309,639,3799,9,254806,35704,140707471,1.29,86.58
2021-10-06,United States,331000000,294802,493,3806,7,255214,35782,141215440,1.29,86.57
2021-10-07,United States,331000000,295281,479,3809,3,255651,35821,141723409,1.29,86.58
2021-10-08,United States,331000000,296038,757,3822,13,256333,35883,142231378,1.29,86.59
2021-10-09,United States,331000000,296894,856,3829,7,257054,36011,142739348,1.29,86.58
2021-10-10,United States,331000000,297611,717,3844,15,257694,36073,143247317,1.29,86.59
2021-10-11,United States,331000000,298276,665,3849,5,258225,36202,143755286,1.29,86.57
2021-10-12,United States,331000000,298932,656,3859,10,258828,36245,144263255,1.29,86.58
2021-10-13,United States,331000000,299714,782,3872,13,259555,36287,144771224,1.29,86.6
2021-10-14,United States,331000000,300287,573,3881,9,260034,36372,145279194,1.29,86.6
2021-10-15,United States,331000000,301003,716,3896,15,260596,36511,145787163,1.29,86.58
2021-10-16,United States,331000000,301508,505,3904,8,261005,36599,146295132,1.29,86.57
2021-10-17,United States,331000000,302169,661,3910,6,261579,36680,146803101,1.29,86.57
2021-10-18,United States,331000000,302848,679,3919,9,262220,36709,147311070,1.29,86.58
2021-10-19,United States,331000000,303417,569,3923,4,262729,36765,147819040,1.29,86.59
2021-10-20,United States,331000000,303986,569,3932,9,263233,36821,148327009,1.29,86.59
2021-10-21,United States,331000000,304570,584,3942,10,263721,36907,148834978,1.29,86.59
2021-10-22,United States,331000000,305000,430,3951,9,264079,36970,149342947,1.3,86.58
2021-10-23,United States,331000000,305514,514,3956,5,264512,37046,149850917,1.29,86.58
2021-10-24,United States,331000000,305995,481,3965,9,264910,37120,150358886,1.3,86.57
2021-10-25,United States,331000000,306685,690,3979,14,265461,37245,150866855,1.3,86.56
2021-10-26,United States,331000000,307413,728,3985,6,266155,37273,151374824,1.3,86.58
2021-10-27,United States,331000000,308088,675,3993,8,266796,37299,151882793,1.3,86.6
2021-10-28,United States,331000000,308609,521,3997,4,267230,37382,152390763,1.3,86.59
2021-10-29,United States,331000000,309391,782,4002,5,267860,37529,152898732,1.29,86.58
2021-10-30,United States,331000000,310019,628,4013,11,268365,37641,153406701,1.29,86.56
2021-10-31,United States,331000000,310570,551,4017,4,268858,37695,153914670,1.29,86.57
2021-11-01,United States,331000000,311166,596,4026,9,269380,37760,154422639,1.29,86.57
2021-11-02,United States,331000000,311957,791,4039,13,270094,37824,154930609,1.29,86.58
2021-11-03,United States,331000000,312466,509,4042,3,270532,37892,155438578,1.29,86.58
2021-11-04,United States,331000000,313217,751,4057,15,271194,37966,155946547,1.3,86.58
2021-11-05,United States,331000000,313934,717,4069,12,271879,37986,156454516,1.3,86.6
2021-11-06,United States,331000000,314494,560,4081,12,272385,38028,156962485,1.3,86.61
2021-11-07,United States,331000000,315246,752,4086,5,273077,38083,157470455,1.3,86.62
2021-11-08,United States,331000000,315833,587,4098,12,273575,38160,157978424,1.3,86.62
2021-11-09,United States,331000000,316380,547,4105,7,274032,38243,158486393,1.3,86.61
2021-11-10,United States,331000000,317317,937,4122,17,274920,38275,158994362,1.3,86.64
2021-11-11,United States,331000000,318024,707,4129,7,275480,38415,159502332,1.3,86.62
2021-11-12,United States,331000000,318759,735,4136,7,276173,38450,160010301,1.3,86.64
2021-11-13,United States,331000000,319611,852,4144,8,276947,38520,160518270,1.3,86.65
2021-11-14,United States,331000000,320383,772,4148,4,277601,38634,161026239,1.29,86.65
2021-11-15,United States,331000000,320937,554,4158,10,278056,38723,161534208,1.3,86.64
2021-11-16,United States,331000000,321646,709,4169,11,278660,38817,162042178,1.3,86.64
2021-11-17,United States,331000000,322212,566,4172,3,279194,38846,162550147,1.29,86.65
2021-11-18,United States,331000000,322905,693,4179,7,279836,38890,163058116,1.29,86.66
2021-11-19,United States,331000000,323682,777,4195,16,280570,38917,163566085,1.3,86.68
2021-11-20,United States,331000000,324216,534,4202,7,281062,38952,164074054,1.3,86.69
2021-11-21,United States,331000000,324815,599,4208,6,281617,38990,164582024,1.3,86.7
2021-11-22,United States,331000000,325447,632,4215,7,282120,39112,165089993,1.3,86.69
2021-11-23,United States,331000000,325987,540,4219,4,282637,39131,165597962,1.29,86.7
2021-11-24,United States,331000000,326914,927,4236,17,283407,39271,166105931,1.3,86.69
2021-11-25,United States,331000000,327608,694,4250,14,284010,39348,166613900,1.3,86.69
2021-11-26,United States,331000000,328168,560,4260,10,284491,39417,167121870,1.3,86.69
2021-11-27,United States,331000000,328971,803,4267,7,285169,39535,167629839,1.3,86.69
2021-11-28,United States,331000000,329760,789,4279,12,285794,39687,168137808,1.3,86.67
2021-11-29,United States,331000000,330497,737,4295,16,286431,39771,168645777,1.3,86.67
2021-11-30,United States,331000000,330949,452,4303,8,286818,39828,169153746,1.3,86.67
2021-12-01,United States,331000000,331670,721,4317,14,287433,39920,169661716,1.3,86.66
2021-12-02,United States,331000000,332515,845,4330,13,288187,39998,170169685,1.3,86.67
2021-12-03,United States,331000000,333063,548,4334,4,288616,40113,170677654,1.3,86.66
2021-12-04,United States,331000000,333700,637,4346,12,289139,40215,171185623,1.3,86.65
2021-12-05,United States,331000000,334455,755,4354,8,289796,40305,171693593,1.3,86.65
2021-12-06,United States,331000000,335028,573,4358,4,290341,40329,172201562,1.3,86.66
2021-12-07,United States,331000000,335891,863,4365,7,291015,40511,172709531,1.3,86.64
2021-12-08,United States,331000000,336498,607,4368,3,291552,40578,173217500,1.3,86.64
2021-12-09,United States,331000000,337315,817,4372,4,292251,40692,173725469,1.3,86.64
2021-12-10,United States,331000000,337713,398,4378,6,292593,40742,174233439,1.3,86.64
2021-12-11,United States,331000000,338279,566,4388,10,293094,40797,174741408,1.3,86.64
2021-12-12,United States,331000000,339041,762,4395,7,293720,40926,175249377,1.3,86.63
2021-12-13,United States,331000000,339847,806,4405,10,294386,41056,175757346,1.3,86.62
2021-12-14,United States,331000000,340561,714,4419,14,295028,41114,176265315,1.3,86.63
2021-12-15,United States,331000000,341145,584,4424,5,295549,41172,176773285,1.3,86.63
2021-12-16,United States,331000000,341535,390,4428,4,295923,41184,177281254,1.3,86.64
2021-12-17,United States,331000000,341993,458,4434,6,296355,41204,177789223,1.3,86.66
2021-12-18,United States,331000000,342388,395,4441,7,296695,41252,178297192,1.3,86.65
2021-12-19,United States,331000000,343124,736,4451,10,297294,41379,178805161,1.3,86.64
2021-12-20,United States,331000000,344000,876,4462,11,298016,41522,179313131,1.3,86.63
2021-12-21,United States,331000000,344625,625,4475,13,298563,41587,179821100,1.3,86.63
2021-12-22,United States,331000000,345355,730,4486,11,299203,41666,180329069,1.3,86.64
2021-12-23,United States,331000000,345970,615,4490,4,299751,41729,180837038,1.3,86.64
2021-12-24,United States,331000000,346518,548,4497,7,300255,41766,181345008,1.3,86.65
2021-12-25,United States,331000000,347104,586,4504,7,300809,41791,181852977,1.3,86.66
2021-12-26,United States,331000000,347698,594,4514,10,301317,41867,182360946,1.3,86.66
2021-12-27,United States,331000000,348251,553,4526,12,301814,41911,182868915,1.3,86.67
2021-12-28,United States,331000000,348899,648,4532,6,302387,41980,183376884,1.3,86.67
2021-12-29,United States,331000000,349599,700,4538,6,303023,42038,183884854,1.3,86.68
2021-12-30,United States,331000000,350129,530,4547,9,303500,42082,184392823,1.3,86.68
2021-12-31,United States,331000000,350875,746,4552,5,304126,42197,184900792,1.3,86.68
2022-01-01,United States,331000000,351541,666,4558,6,304763,42220,185408761,1.3,86.69
2022-01-02,United States,331000000,352369,828,4572,14,305440,42357,185916730,1.3,86.68
2022-01-03,United States,331000000,352927,558,4577,5,305903,42447,186424700,1.3,86.68
2022-01-04,United States,331000000,353414,487,4580,3,306359,42475,186932669,1.3,86.69
2022-01-05,United States,331000000,353991,577,4592,12,306844,42555,187440638,1.3,86.68
2022-01-06,United States,331000000,354736,745,4598,6,307446,42692,187948607,1.3,86.67
2022-01-07,United States,331000000,355423,687,4610,12,308058,42755,188456576,1.3,86.67
2022-01-08,United States,331000000,356060,637,4616,6,308597,42847,188964546,1.3,86.67
2022-01-09,United States,331000000,356631,571,4626,10,309125,42880,189472515,1.3,86.68
2022-01-10,United States,331000000,357317,686,4634,8,309755,42928,189980484,1.3,86.69
2022-01-11,United States,331000000,357919,602,4642,8,310321,42956,190488453,1.3,86.7
2022-01-12,United States,331000000,358469,550,4652,10,310834,42983,190996423,1.3,86.71
2022-01-13,United States,331000000,359150,681,4659,7,311481,43010,191504392,1.3,86.73
2022-01-14,United States,331000000,360087,937,4674,15,312214,43199,192012361,1.3,86.71
2022-01-15,United States,331000000,360838,751,4690,16,312805,43343,192520330,1.3,86.69
2022-01-16,United States,331000000,361527,689,4701,11,313444,43382,193028299,1.3,86.7
2022-01-17,United States,331000000,362141,614,4704,3,313982,43455,193536269,1.3,86.7
2022-01-18,United States,331000000,362732,591,4708,4,314515,43509,194044238,1.3,86.71
2022-01-19,United States,331000000,363069,337,4712,4,314824,43533,194552207,1.3,86.71
2022-01-20,United States,331000000,363549,480,4719,7,315213,43617,195060176,1.3,86.7
2022-01-21,United States,331000000,364135,586,4730,11,315734,43671,195568145,1.3,86.71
2022-01-22,United States,331000000,364646,511,4738,8,316155,43753,196076115,1.3,86.7
2022-01-23,United States,331000000,365236,590,4749,11,316702,43785,196584084,1.3,86.71
2022-01-24,United States,331000000,365819,583,4756,7,317235,43828,197092053,1.3,86.72
2022-01-25,United States,331000000,366444,625,4761,5,317784,43899,197600022,1.3,86.72
2022-01-26,United States,331000000,366938,494,4767,6,318245,43926,198107991,1.3,86.73
2022-01-27,United States,331000000,367523,585,4778,11,318711,44034,198615961,1.3,86.72
2022-01-28,United States,331000000,368071,548,4788,10,319151,44132,199123930,1.3,86.71
2022-01-29,United States,331000000,368599,528,4797,9,319572,44230,199631899,1.3,86.7
2022-01-30,United States,331000000,369031,432,4805,8,319927,44299,200139868,1.3,86.69
2022-01-31,United States,331000000,369739,708,4816,11,320509,44414,200647838,1.3,86.69
2022-02-01,United States,331000000,370370,631,4821,5,321099,44450,201155807,1.3,86.7
2022-02-02,United States,331000000,370966,596,4830,9,321577,44559,201663776,1.3,86.69
2022-02-03,United States,331000000,371413,447,4837,7,321986,44590,202171745,1.3,86.69
2022-02-04,United States,331000000,371938,525,4841,4,322443,44654,202679714,1.3,86.69
2022-02-05,United States,331000000,372552,614,4849,8,322965,44738,203187684,1.3,86.69
2022-02-06,United States,331000000,373097,545,4859,10,323438,44800,203695653,1.3,86.69
2022-02-07,United States,331000000,373541,444,4867,8,323850,44824,204203622,1.3,86.7
2022-02-08,United States,331000000,373844,303,4870,3,324104,44870,204711591,1.3,86.69
2022-02-09,United States,331000000,374721,877,4878,8,324913,44930,205219560,1.3,86.71
2022-02-10,United States,331000000,375223,502,4884,6,325334,45005,205727530,1.3,86.7
2022-02-11,United States,331000000,375725,502,4894,10,325753,45078,206235499,1.3,86.7
2022-02-12,United States,331000000,376212,487,4898,4,326173,45141,206743468,1.3,86.7
2022-02-13,United States,331000000,376780,568,4906,8,326652,45222,207251437,1.3,86.7
2022-02-14,United States,331000000,377144,364,4910,4,326999,45235,207759406,1.3,86.7
2022-02-15,United States,331000000,377543,399,4913,3,327343,45287,208267376,1.3,86.7
2022-02-16,United States,331000000,377992,449,4921,8,327709,45362,208775345,1.3,86.7
2022-02-17,United States,331000000,378647,655,4928,7,328286,45433,209283314,1.3,86.7
2022-02-18,United States,331000000,379113,466,4932,4,328711,45470,209791283,1.3,86.71
2022-02-19,United States,331000000,379641,528,4938,6,329191,45512,210299253,1.3,86.71
2022-02-20,United States,331000000,380115,474,4943,5,329638,45534,210807222,1.3,86.72
2022-02-21,United States,331000000,380593,478,4949,6,330017,45627,211315191,1.3,86.71
2022-02-22,United States,331000000,381065,472,4953,4,330465,45647,211823160,1.3,86.72
2022-02-23,United States,331000000,381544,479,4962,9,330885,45697,212331129,1.3,86.72
2022-02-24,United States,331000000,382046,502,4967,5,331340,45739,212839099,1.3,86.73
2022-02-25,United States,331000000,382604,558,4970,3,331786,45848,213347068,1.3,86.72
2022-02-26,United States,331000000,382987,383,4972,2,332153,45862,213855037,1.3,86.73
2022-02-27,United States,331000000,383510,523,4979,7,332589,45942,214363006,1.3,86.72
2022-02-28,United States,331000000,384032,522,4983,4,333022,46027,214870975,1.3,86.72
2022-03-01,United States,331000000,384622,590,4991,8,333490,46141,215378945,1.3,86.71
2022-03-02,United States,331000000,385030,408,4993,2,333815,46222,215886914,1.3,86.7
2022-03-03,United States,331000000,385545,515,5001,8,334291,46253,216394883,1.3,86.71
2022-03-04,United States,331000000,385985,440,5006,5,334662,46317,216902852,1.3,86.7
2022-03-05,United States,331000000,386390,405,5011,5,335013,46366,217410821,1.3,86.7
2022-03-06,United States,331000000,386874,484,5018,7,335472,46384,217918791,1.3,86.71
2022-03-07,United States,331000000,387419,545,5021,3,335903,46495,218426760,1.3,86.7
2022-03-08,United States,331000000,388085,666,5026,5,336426,46633,218934729,1.3,86.69
2022-03-09,United States,331000000,388591,506,5030,4,336896,46665,219442698,1.29,86.7
2022-03-10,United States,331000000,389100,509,5034,4,337320,46746,219950668,1.29,86.69
2022-03-11,United States,331000000,389476,376,5037,3,337646,46793,220458637,1.29,86.69
2022-03-12,United States,331000000,389806,330,5041,4,337962,46803,220966606,1.29,86.7
2022-03-13,United States,331000000,390235,429,5043,2,338361,46831,221474575,1.29,86.71
2022-03-14,United States,331000000,390612,377,5048,5,338690,46874,221982544,1.29,86.71
2022-03-15,United States,331000000,390940,328,5051,3,338964,46925,222490514,1.29,86.7
2022-03-16,United States,331000000,391364,424,5057,6,339310,46997,222998483,1.29,86.7
2022-03-17,United States,331000000,391720,356,5059,2,339597,47064,223506452,1.29,86.69
2022-03-18,United States,331000000,392195,475,5067,8,340022,47106,224014421,1.29,86.7
2022-03-19,United States,331000000,392534,339,5070,3,340337,47127,224522390,1.29,86.7
2022-03-20,United States,331000000,392960,426,5073,3,340674,47213,225030360,1.29,86.69
2022-03-21,United States,331000000,393297,337,5079,6,340976,47242,225538329,1.29,86.7
2022-03-22,United States,331000000,393809,512,5082,3,341462,47265,226046298,1.29,86.71
2022-03-23,United States,331000000,394136,327,5086,4,341720,47330,226554267,1.29,86.7
2022-03-24,United States,331000000,394438,302,5090,4,341962,47386,227062236,1.29,86.7
2022-03-25,United States,331000000,394712,274,5095,5,342215,47402,227570206,1.29,86.7
2022-03-26,United States,331000000,395013,301,5097,2,342469,47447,228078175,1.29,86.7
2022-03-27,United States,331000000,395316,303,5102,5,342743,47471,228586144,1.29,86.7
2022-03-28,United States,331000000,395653,337,5105,3,343028,47520,229094113,1.29,86.7
2022-03-29,United States,331000000,396028,375,5107,2,343387,47534,229602083,1.29,86.71
2022-03-30,United States,331000000,396333,305,5112,5,343646,47575,230110052,1.29,86.71
2022-03-31,United States,331000000,396739,406,5118,6,343975,47646,230618021,1.29,86.7
2022-04-01,United States,331000000,397095,356,5122,4,344306,47667,231125990,1.29,86.71
2022-04-02,United States,331000000,397531,436,5130,8,344716,47685,231633959,1.29,86.71
2022-04-03,United States,331000000,397958,427,5138,8,345056,47764,232141929,1.29,86.71
2022-04-04,United States,331000000,398410,452,5146,8,345457,47807,232649898,1.29,86.71
2022-04-05,United States,331000000,398760,350,5149,3,345780,47831,233157867,1.29,86.71
2022-04-06,United States,331000000,399062,302,5153,4,346025,47884,233665836,1.29,86.71
2022-04-07,United States,331000000,399400,338,5156,3,346289,47955,234173805,1.29,86.7
2022-04-08,United States,331000000,399790,390,5162,6,346639,47989,234681775,1.29,86.71
2022-04-09,United States,331000000,400003,213,5166,4,346813,48024,235189744,1.29,86.7
2022-04-10,United States,331000000,400316,313,5172,6,347062,48082,235697713,1.29,86.7
2022-04-11,United States,331000000,400702,386,5176,4,347407,48119,236205682,1.29,86.7
2022-04-12,United States,331000000,401042,340,5178,2,347705,48159,236713651,1.29,86.7
2022-04-13,United States,331000000,401333,291,5182,4,347966,48185,237221621,1.29,86.7
2022-04-14,United States,331000000,401594,261,5187,5,348178,48229,237729590,1.29,86.7
2022-04-15,United States,331000000,401826,232,5191,4,348382,48253,238237559,1.29,86.7
2022-04-16,United States,331000000,402162,336,5194,3,348678,48290,238745528,1.29,86.7
2022-04-17,United States,331000000,402505,343,5200,6,348972,48333,239253498,1.29,86.7
2022-04-18,United States,331000000,402787,282,5202,2,349211,48374,239761467,1.29,86.7
2022-04-19,United States,331000000,403094,307,5208,6,349468,48418,240269436,1.29,86.7
2022-04-20,United States,331000000,403340,246,5212,4,349673,48455,240777405,1.29,86.69
2022-04-21,United States,331000000,403602,262,5216,4,349898,48488,241285374,1.29,86.69
2022-04-22,United States,331000000,403958,356,5220,4,350204,48534,241793344,1.29,86.69
2022-04-23,United States,331000000,404221,263,5223,3,350426,48572,242301313,1.29,86.69
2022-04-24,United States,331000000,404559,338,5226,3,350721,48612,242809282,1.29,86.69
2022-04-25,United States,331000000,404825,266,5230,4,350941,48654,243317251,1.29,86.69
2022-04-26,United States,331000000,405096,271,5234,4,351180,48682,243825220,1.29,86.69
2022-04-27,United States,331000000,405343,247,5238,4,351373,48732,244333190,1.29,86.69
2022-04-28,United States,331000000,405602,259,5241,3,351591,48770,244841159,1.29,86.68
2022-04-29,United States,331000000,405982,380,5243,2,351900,48839,245349128,1.29,86.68
2022-04-30,United States,331000000,406221,239,5246,3,352088,48887,245857097,1.29,86.67
2022-05-01,United States,331000000,406487,266,5247,1,352329,48911,246365066,1.29,86.68
2022-05-02,United States,331000000,406757,270,5249,2,352575,48933,246873036,1.29,86.68
2022-05-03,United States,331000000,407167,410,5252,3,352908,49007,247381005,1.29,86.67
2022-05-04,United States,331000000,407334,167,5253,1,353057,49024,247888974,1.29,86.68
2022-05-05,United States,331000000,407549,215,5256,3,353256,49037,248396943,1.29,86.68
2022-05-06,United States,331000000,407746,197,5258,2,353444,49044,248904912,1.29,86.68
2022-05-07,United States,331000000,407962,216,5261,3,353640,49061,249412882,1.29,86.68
2022-05-08,United States,331000000,408181,219,5262,1,353833,49086,249920851,1.29,86.69
2022-05-09,United States,331000000,408387,206,5266,4,354029,49092,250428820,1.29,86.69
2022-05-10,United States,331000000,408532,145,5269,3,354159,49104,250936789,1.29,86.69
2022-05-11,United States,331000000,408834,302,5271,2,354419,49144,251444759,1.29,86.69
2022-05-12,United States,331000000,409033,199,5273,2,354595,49165,251952728,1.29,86.69
2022-05-13,United States,331000000,409185,152,5274,1,354718,49193,252460697,1.29,86.69
2022-05-14,United States,331000000,409438,253,5278,4,354930,49230,252968666,1.29,86.69
2022-05-15,United States,331000000,409636,198,5282,4,355116,49238,253476635,1.29,86.69
2022-05-16,United States,331000000,409858,222,5286,4,355324,49248,253984605,1.29,86.69
2022-05-17,United States,331000000,410069,211,5289,3,355508,49272,253984605,1.29,86.69
2022-05-18,United States,331000000,410349,280,5293,4,355763,49293,253984605,1.29,86.7
2022-05-19,United States,331000000,410513,164,5294,1,355907,49312,253984605,1.29,86.7
2022-05-20,United States,331000000,410691,178,5297,3,356068,49326,253984605,1.29,86.7
2022-05-21,United States,331000000,410847,156,5300,3,356197,49350,253984605,1.29,86.7
2022-05-22,United States,331000000,410969,122,5301,1,356310,49358,253984605,1.29,86.7
2022-05-23,United States,331000000,411143,174,5303,2,356473,49367,253984605,1.29,86.7
2022-05-24,United States,331000000,411326,183,5304,1,356645,49377,253984605,1.29,86.71
2022-05-25,United States,331000000,411488,162,5305,1,356780,49403,253984605,1.29,86.7
2022-05-26,United States,331000000,411678,190,5306,1,356940,49432,253984605,1.29,86.7
2022-05-27,United States,331000000,411843,165,5309,3,357080,49454,253984605,1.29,86.7
2022-05-28,United States,331000000,411995,152,5310,1,357223,49462,253984605,1.29,86.71
2022-05-29,United States,331000000,412120,125,5312,2,357331,49477,253984605,1.29,86.71
2022-05-30,United States,331000000,412276,156,5313,1,357460,49503,253984605,1.29,86.7
2022-05-31,United States,331000000,412439,163,5315,2,357591,49533,253984605,1.29,86.7
2022-06-01,United States,331000000,412608,169,5317,2,357751,49540,253984605,1.29,86.7
2022-06-02,United States,331000000,412721,113,5319,2,357849,49553,253984605,1.29,86.7
2022-06-03,United States,331000000,412877,156,5321,2,357973,49583,253984605,1.29,86.7
2022-06-04,United States,331000000,413066,189,5322,1,358138,49606,253984605,1.29,86.7
2022-06-05,United States,331000000,413235,169,5325,3,358284,49626,253984605,1.29,86.7
2022-06-06,United States,331000000,413448,213,5326,1,358471,49651,253984605,1.29,86.7
2022-06-07,United States,331000000,413547,99,5328,2,358551,49668,253984605,1.29,86.7
2022-06-08,United States,331000000,413666,119,5329,1,358652,49685,253984605,1.29,86.7
2022-06-09,United States,331000000,413796,130,5330,1,358769,49697,253984605,1.29,86.7
2022-06-10,United States,331000000,413919,123,5332,2,358870,49717,253984605,1.29,86.7
2022-06-11,United States,331000000,414031,112,5334,2,358972,49725,253984605,1.29,86.7
2022-06-12,United States,331000000,414159,128,5336,2,359090,49733,253984605,1.29,86.7
2022-06-13,United States,331000000,414289,130,5338,2,359213,49738,253984605,1.29,86.71
2022-06-14,United States,331000000,414413,124,5339,1,359312,49762,253984605,1.29,86.7
2022-06-15,United States,331000000,414512,99,5340,1,359397,49775,253984605,1.29,86.7
2022-06-16,United States,331000000,414632,120,5341,1,359490,49801,253984605,1.29,86.7
2022-06-17,United States,331000000,414747,115,5343,2,359587,49817,253984605,1.29,86.7
2022-06-18,United States,331000000,414835,88,5344,1,359666,49825,253984605,1.29,86.7
2022-06-19,United States,331000000,414919,84,5345,1,359734,49840,253984605,1.29,86.7
2022-06-20,United States,331000000,415046,127,5347,2,359836,49863,253984605,1.29,86.7
2022-06-21,United States,331000000,415149,103,5347,0,359930,49872,253984605,1.29,86.7
2022-06-22,United States,331000000,415254,105,5347,0,360013,49894,253984605,1.29,86.7
2022-06-23,United States,331000000,415353,99,5347,0,360104,49902,253984605,1.29,86.7
2022-06-24,United States,331000000,415455,102,5348,1,360200,49907,253984605,1.29,86.7
2022-06-25,United States,331000000,415563,108,5348,0,360299,49916,253984605,1.29,86.7
2022-06-26,United States,331000000,415678,115,5350,2,360405,49923,253984605,1.29,86.7
2022-06-27,United States,331000000,415750,72,5351,1,360470,49929,253984605,1.29,86.7
2022-06-28,United States,331000000,415846,96,5353,2,360547,49946,253984605,1.29,86.7
2022-06-29,United States,331000000,415928,82,5354,1,360613,49961,253984605,1.29,86.7
2022-06-30,United States,331000000,416009,81,5354,0,360690,49965,253984605,1.29,86.7
2022-07-01,United States,331000000,416117,108,5355,1,360791,49971,253984605,1.29,86.7
2022-07-02,United States,331000000,416199,82,5356,1,360855,49988,253984605,1.29,86.7
2022-07-03,United States,331000000,416283,84,5357,1,360933,49993,253984605,1.29,86.7
2022-07-04,United States,331000000,416364,81,5358,1,361005,50001,253984605,1.29,86.7
2022-07-05,United States,331000000,416455,91,5359,1,361080,50016,253984605,1.29,86.7
2022-07-06,United States,331000000,416529,74,5360,1,361138,50031,253984605,1.29,86.7
2022-07-07,United States,331000000,416611,82,5360,0,361208,50043,253984605,1.29,86.7
2022-07-08,United States,331000000,416744,133,5361,1,361324,50059,253984605,1.29,86.7
2022-07-09,United States,331000000,416819,75,5362,1,361392,50065,253984605,1.29,86.7
2022-07-10,United States,331000000,416894,75,5362,0,361451,50081,253984605,1.29,86.7
2022-07-11,United States,331000000,416958,64,5362,0,361507,50089,253984605,1.29,86.7
2022-07-12,United States,331000000,417017,59,5362,0,361556,50099,253984605,1.29,86.7
2022-07-13,United States,331000000,417095,78,5362,0,361622,50111,253984605,1.29,86.7
2022-07-14,United States,331000000,417191,96,5363,1,361696,50132,253984605,1.29,86.7
2022-07-15,United States,331000000,417262,71,5364,1,361754,50144,253984605,1.29,86.7
2022-07-16,United States,331000000,417324,62,5364,0,361808,50152,253984605,1.29,86.7
2022-07-17,United States,331000000,417385,61,5365,1,361860,50160,253984605,1.29,86.7
2022-07-18,United States,331000000,417452,67,5365,0,361912,50175,253984605,1.29,86.7
2022-07-19,United States,331000000,417521,69,5365,0,361969,50187,253984605,1.28,86.69
2022-07-20,United States,331000000,417576,55,5365,0,362020,50191,253984605,1.28,86.7
2022-07-21,United States,331000000,417628,52,5365,0,362062,50201,253984605,1.28,86.69
2022-07-22,United States,331000000,417698,70,5366,1,362123,50209,253984605,1.28,86.69
2022-07-23,United States,331000000,417787,89,5367,1,362205,50215,253984605,1.28,86.7
2022-07-24,United States,331000000,417853,66,5367,0,362257,50229,253984605,1.28,86.69
2022-07-25,United States,331000000,417909,56,5368,1,362303,50238,253984605,1.28,86.69
2022-07-26,United States,331000000,417954,45,5368,0,362344,50242,253984605,1.28,86.69
2022-07-27,United States,331000000,418010,56,5368,0,362391,50251,253984605,1.28,86.69
2022-07-28,United States,331000000,418057,47,5368,0,362433,50256,253984605,1.28,86.69
2022-07-29,United States,331000000,418106,49,5368,0,362475,50263,253984605,1.28,86.69
2022-07-30,United States,331000000,418148,42,5368,0,362509,50271,253984605,1.28,86.69
2022-07-31,United States,331000000,418202,54,5368,0,362557,50277,253984605,1.28,86.69
2022-08-01,United States,331000000,418259,57,5368,0,362602,50289,253984605,1.28,86.69
2022-08-02,United States,331000000,418308,49,5368,0,362643,50297,253984605,1.28,86.69
2022-08-03,United States,331000000,418374,66,5369,1,362701,50304,253984605,1.28,86.69
2022-08-04,United States,331000000,418418,44,5369,0,362741,50308,253984605,1.28,86.69
2022-08-05,United States,331000000,418455,37,5369,0,362775,50311,253984605,1.28,86.69
2022-08-06,United States,331000000,418493,38,5369,0,362810,50314,253984605,1.28,86.69
2022-08-07,United States,331000000,418524,31,5369,0,362838,50317,253984605,1.28,86.69
2022-08-08,United States,331000000,418558,34,5369,0,362867,50322,253984605,1.28,86.69
2022-08-09,United States,331000000,418594,36,5369,0,362897,50328,253984605,1.28,86.69
2022-08-10,United States,331000000,418630,36,5369,0,362927,50334,253984605,1.28,86.69
2022-08-11,United States,331000000,418663,33,5369,0,362957,50337,253984605,1.28,86.69
2022-08-12,United States,331000000,418702,39,5369,0,362992,50341,253984605,1.28,86.69
2022-08-13,United States,331000000,418741,39,5369,0,363023,50349,253984605,1.28,86.69
2022-08-14,United States,331000000,418784,43,5369,0,363057,50358,253984605,1.28,86.69
2022-08-15,United States,331000000,418815,31,5369,0,363085,50361,253984605,1.28,86.69
2022-08-16,United States,331000000,418842,27,5369,0,363108,50365,253984605,1.28,86.69
2022-08-17,United States,331000000,418880,38,5369,0,363139,50372,253984605,1.28,86.69
2022-08-18,United States,331000000,418910,30,5369,0,363162,50379,253984605,1.28,86.69
2022-08-19,United States,331000000,418947,37,5369,0,363193,50385,253984605,1.28,86.69
2022-08-20,United States,331000000,418974,27,5369,0,363215,50390,253984605,1.28,86.69
2022-08-21,United States,331000000,419005,31,5369,0,363243,50393,253984605,1.28,86.69
2022-08-22,United States,331000000,419045,40,5369,0,363276,50400,253984605,1.28,86.69
2022-08-23,United States,331000000,419076,31,5369,0,363301,50406,253984605,1.28,86.69
2022-08-24,United States,331000000,419113,37,5369,0,363331,50413,253984605,1.28,86.69
2022-08-25,United States,331000000,419143,30,5369,0,363358,50416,253984605,1.28,86.69
2022-08-26,United States,331000000,419170,27,5369,0,363383,50418,253984605,1.28,86.69
2022-08-27,United States,331000000,419200,30,5369,0,363407,50424,253984605,1.28,86.69
2022-08-28,United States,331000000,419230,30,5369,0,363432,50429,253984605,1.28,86.69
2022-08-29,United States,331000000,419258,28,5369,0,363456,50433,253984605,1.28,86.69
2022-08-30,United States,331000000,419279,21,5369,0,363472,50438,253984605,1.28,86.69
2022-08-31,United States,331000000,419299,20,5369,0,363489,50441,253984605,1.28,86.69
2022-09-01,United States,331000000,419319,20,5369,0,363504,50446,253984605,1.28,86.69
2022-09-02,United States,331000000,419342,23,5369,0,363525,50448,253984605,1.28,86.69
2022-09-03,United States,331000000,419359,17,5369,0,363539,50451,253984605,1.28,86.69
2022-09-04,United States,331000000,419380,21,5369,0,363557,50454,253984605,1.28,86.69
2022-09-05,United States,331000000,419406,26,5369,0,363581,50456,253984605,1.28,86.69
2022-09-06,United States,331000000,419427,21,5369,0,363597,50461,253984605,1.28,86.69
2022-09-07,United States,331000000,419449,22,5369,0,363614,50466,253984605,1.28,86.69
2022-09-08,United States,331000000,419463,14,5369,0,363626,50468,253984605,1.28,86.69
2022-09-09,United States,331000000,419483,20,5369,0,363642,50472,253984605,1.28,86.69
2022-09-10,United States,331000000,419506,23,5369,0,363660,50477,253984605,1.28,86.69
2022-09-11,United States,331000000,419522,16,5369,0,363675,50478,253984605,1.28,86.69
2022-09-12,United States,331000000,419537,15,5369,0,363687,50481,253984605,1.28,86.69
2022-09-13,United States,331000000,419553,16,5369,0,363701,50483,253984605,1.28,86.69
2022-09-14,United States,331000000,419572,19,5369,0,363716,50487,253984605,1.28,86.69
2022-09-15,United States,331000000,419584,12,5369,0,363726,50489,253984605,1.28,86.69
2022-09-16,United States,331000000,419598,14,5369,0,363737,50492,253984605,1.28,86.69
2022-09-17,United States,331000000,419613,15,5369,0,363749,50495,253984605,1.28,86.69
2022-09-18,United States,331000000,419623,10,5369,0,363758,50496,253984605,1.28,86.69
2022-09-19,United States,331000000,419638,15,5369,0,363770,50499,253984605,1.28,86.69
2022-09-20,United States,331000000,419656,18,5369,0,363785,50502,253984605,1.28,86.69
2022-09-21,United States,331000000,419666,10,5369,0,363793,50504,253984605,1.28,86.69
2022-09-22,United States,331000000,419679,13,5369,0,363804,50506,253984605,1.28,86.69
2022-09-23,United States,331000000,419692,13,5369,0,363816,50507,253984605,1.28,86.69
2022-09-24,United States,331000000,419702,10,5369,0,363824,50509,253984605,1.28,86.69
2022-09-25,United States,331000000,419712,10,5369,0,363831,50512,253984605,1.28,86.69
2022-09-26,United States,331000000,419722,10,5369,0,363840,50513,253984605,1.28,86.69
2022-09-27,United States,331000000,419731,9,5369,0,363848,50514,253984605,1.28,86.69
2022-09-28,United States,331000000,419742,11,5369,0,363857,50516,253984605,1.28,86.69
2022-09-29,United States,331000000,419760,18,5369,0,363874,50517,253984605,1.28,86.69
2022-09-30,United States,331000000,419767,7,5369,0,363880,50518,253984605,1.28,86.69
2022-10-01,United States,331000000,419776,9,5369,0,363887,50520,253984605,1.28,86.69
2022-10-02,United States,331000000,419785,9,5369,0,363894,50522,253984605,1.28,86.69
2022-10-03,United States,331000000,419797,12,5369,0,363903,50525,253984605,1.28,86.69
2022-10-04,United States,331000000,419807,10,5369,0,363911,50527,253984605,1.28,86.69
2022-10-05,United States,331000000,419814,7,5369,0,363916,50529,253984605,1.28,86.69
2022-10-06,United States,331000000,419820,6,5369,0,363921,50530,253984605,1.28,86.69
2022-10-07,United States,331000000,419829,9,5369,0,363928,50532,253984605,1.28,86.68
2022-10-08,United States,331000000,419838,9,5369,0,363935,50534,253984605,1.28,86.68
2022-10-09,United States,331000000,419847,9,5369,0,363943,50535,253984605,1.28,86.68
2022-10-10,United States,331000000,419856,9,5369,0,363950,50537,253984605,1.28,86.68
2022-10-11,United States,331000000,419861,5,5369,0,363954,50538,253984605,1.28,86.68
2022-10-12,United States,331000000,419869,8,5369,0,363961,50539,253984605,1.28,86.68
2022-10-13,United States,331000000,419875,6,5369,0,363966,50540,253984605,1.28,86.68
2022-10-14,United States,331000000,419882,7,5369,0,363972,50541,253984605,1.28,86.68
2022-10-15,United States,331000000,419888,6,5369,0,363976,50543,253984605,1.28,86.68
2022-10-16,United States,331000000,419894,6,5369,0,363980,50545,253984605,1.28,86.68
2022-10-17,United States,331000000,419900,6,5369,0,363985,50546,253984605,1.28,86.68
2022-10-18,United States,331000000,419904,4,5369,0,363988,50547,253984605,1.28,86.68
2022-10-19,United States,331000000,419910,6,5369,0,363993,50548,253984605,1.28,86.68
2022-10-20,United States,331000000,419915,5,5369,0,363997,50549,253984605,1.28,86.68
2022-10-21,United States,331000000,419922,7,5369,0,364002,50551,253984605,1.28,86.68
2022-10-22,United States,331000000,419928,6,5369,0,364007,50552,253984605,1.28,86.68
2022-10-23,United States,331000000,419933,5,5369,0,364011,50553,253984605,1.28,86.68
2022-10-24,United States,331000000,419938,5,5369,0,364014,50555,253984605,1.28,86.68
2022-10-25,United States,331000000,419944,6,5369,0,364019,50556,253984605,1.28,86.68
2022-10-26,United States,331000000,419948,4,5369,0,364022,50557,253984605,1.28,86.68
2022-10-27,United States,331000000,419952,4,5369,0,364025,50558,253984605,1.28,86.68
2022-10-28,United States,331000000,419956,4,5369,0,364028,50559,253984605,1.28,86.68
2022-10-29,United States,331000000,419959,3,5369,0,364030,50560,253984605,1.28,86.68
2022-10-30,United States,331000000,419965,6,5369,0,364035,50561,253984605,1.28,86.68
2022-10-31,United States,331000000,419969,4,5369,0,364038,50562,253984605,1.28,86.68
2022-11-01,United States,331000000,419973,4,5369,0,364041,50563,253984605,1.28,86.68
2022-11-02,United States,331000000,419976,3,5369,0,364043,50564,253984605,1.28,86.68
2022-11-03,United States,331000000,419980,4,5369,0,364046,50565,253984605,1.28,86.68
2022-11-04,United States,331000000,419985,5,5369,0,364050,50566,253984605,1.28,86.68
2022-11-05,United States,331000000,419988,3,5369,0,364052,50567,253984605,1.28,86.68
2022-11-06,United States,331000000,419991,3,5369,0,364054,50568,253984605,1.28,86.68
2022-11-07,United States,331000000,419994,3,5369,0,364056,50569,253984605,1.28,86.68
2022-11-08,United States,331000000,419997,3,5369,0,364058,50570,253984605,1.28,86.68
2022-11-09,United States,331000000,420001,4,5369,0,364061,50571,253984605,1.28,86.68
2022-11-10,United States,331000000,420005,4,5369,0,364064,50572,253984605,1.28,86.68
2022-11-11,United States,331000000,420008,3,5369,0,364066,50573,253984605,1.28,86.68
2022-11-12,United States,331000000,420011,3,5369,0,364068,50574,253984605,1.28,86.68
2022-11-13,United States,331000000,420014,3,5369,0,364070,50575,253984605,1.28,86.68
2022-11-14,United States,331000000,420016,2,5369,0,364071,50576,253984605,1.28,86.68
2022-11-15,United States,331000000,420020,4,5369,0,364074,50577,253984605,1.28,86.68
2022-11-16,United States,331000000,420021,1,5369,0,364074,50578,253984605,1.28,86.68
2022-11-17,United States,331000000,420024,3,5369,0,364076,50579,253984605,1.28,86.68
2022-11-18,United States,331000000,420026,2,5369,0,364077,50580,253984605,1.28,86.68
2022-11-19,United States,331000000,420028,2,5369,0,364078,50581,253984605,1.28,86.68
2022-11-20,United States,331000000,420030,2,5369,0,364079,50582,253984605,1.28,86.68
2022-11-21,United States,331000000,420031,1,5369,0,364079,50583,253984605,1.28,86.68
2022-11-22,United States,331000000,420033,2,5369,0,364080,50584,253984605,1.28,86.68
2022-11-23,United States,331000000,420035,2,5369,0,364081,50585,253984605,1.28,86.68
2022-11-24,United States,331000000,420037,2,5369,0,364082,50586,253984605,1.28,86.68
2022-11-25,United States,331000000,420038,1,5369,0,364082,50587,253984605,1.28,86.68
2022-11-26,United States,331000000,420039,1,5369,0,364082,50588,253984605,1.28,86.68
2022-11-27,United States,331000000,420040,1,5369,0,364082,50589,253984605,1.28,86.68
2022-11-28,United States,331000000,420042,2,5369,0,364083,50590,253984605,1.28,86.68
2022-11-29,United States,331000000,420043,1,5369,0,364083,50591,253984605,1.28,86.68
2022-11-30,United States,331000000,420044,1,5369,0,364083,50592,253984605,1.28,86.68
2022-12-01,United States,331000000,420045,1,5369,0,364083,50593,253984605,1.28,86.68
2022-12-02,United States,331000000,420046,1,5369,0,364083,50594,253984605,1.28,86.68
2022-12-03,United States,331000000,420048,2,5369,0,364084,50595,253984605,1.28,86.68
2022-12-04,United States,331000000,420049,1,5369,0,364084,50596,253984605,1.28,86.68
2022-12-05,United States,331000000,420050,1,5369,0,364084,50597,253984605,1.28,86.68
2022-12-06,United States,331000000,420051,1,5369,0,364084,50598,253984605,1.28,86.68
2022-12-07,United States,331000000,420052,1,5369,0,364084,50599,253984605,1.28,86.68
2022-12-08,United States,331000000,420053,1,5369,0,364084,50600,253984605,1.28,86.68
2022-12-09,United States,331000000,420054,1,5369,0,364084,50601,253984605,1.28,86.68
2022-12-10,United States,331000000,420055,1,5369,0,364084,50602,253984605,1.28,86.68
2022-12-11,United States,331000000,420055,0,5369,0,364084,50602,253984605,1.28,86.68
2022-12-12,United States,331000000,420056,1,5369,0,364084,50603,253984605,1.28,86.68
2022-12-13,United States,331000000,420057,1,5369,0,364084,50604,253984605,1.28,86.67
2022-12-14,United States,331000000,420058,1,5369,0,364084,50605,253984605,1.28,86.67
2022-12-15,United States,331000000,420059,1,5369,0,364084,50606,253984605,1.28,86.67
2022-12-16,United States,331000000,420060,1,5369,0,364084,50607,253984605,1.28,86.67
2022-12-17,United States,331000000,420060,0,5369,0,364084,50607,253984605,1.28,86.67
2022-12-18,United States,331000000,420060,0,5369,0,364084,50607,253984605,1.28,86.67
2022-12-19,United States,331000000,420061,1,5369,0,364084,50608,253984605,1.28,86.67
2022-12-20,United States,331000000,420062,1,5369,0,364084,50609,253984605,1.28,86.67
2022-12-21,United States,331000000,420062,0,5369,0,364084,50609,253984605,1.28,86.67
2022-12-22,United States,331000000,420063,1,5369,0,364084,50610,253984605,1.28,86.67
2022-12-23,United States,331000000,420064,1,5369,0,364084,50611,253984605,1.28,86.67
2022-12-24,United States,331000000,420064,0,5369,0,364084,50611,253984605,1.28,86.67
2022-12-25,United States,331000000,420064,0,5369,0,364084,50611,253984605,1.28,86.67
2022-12-26,United States,331000000,420064,0,5369,0,364084,50611,253984605,1.28,86.67
2022-12-27,United States,331000000,420064,0,5369,0,364084,50611,253984605,1.28,86.67
2022-12-28,United States,331000000,420064,0,5369,0,364084,50611,253984605,1.28,86.67
2022-12-29,United States,331000000,420064,0,5369,0,364084,50611,253984605,1.28,86.67
2022-12-30,United States,331000000,420064,0,5369,0,364084,50611,253984605,1.28,86.67
2022-12-31,United States,331000000,420064,0,5369,0,364084,50611,253984605,1.28,86.67
2020-01-01,Brazil,212000000,10,10,0,0,9,1,0,0,90
2020-01-02,Brazil,212000000,19,9,0,0,16,3,0,0,84.21
2020-01-03,Brazil,212000000,29,10,0,0,23,6,0,0,79.31
2020-01-04,Brazil,212000000,42,13,0,0,33,9,0,0,78.57
2020-01-05,Brazil,212000000,53,11,0,0,42,11,0,0,79.25
2020-01-06,Brazil,212000000,65,12,0,0,52,13,0,0,80
2020-01-07,Brazil,212000000,79,14,0,0,64,15,0,0,81.01
2020-01-08,Brazil,212000000,93,14,0,0,77,16,0,0,82.8
2020-01-09,Brazil,212000000,107,14,0,0,90,17,0,0,84.11
2020-01-10,Brazil,212000000,120,13,0,0,101,19,0,0,84.17
2020-01-11,Brazil,212000000,134,14,0,0,113,21,0,0,84.33
2020-01-12,Brazil,212000000,145,11,0,0,123,22,0,0,84.83
2020-01-13,Brazil,212000000,160,15,0,0,136,24,0,0,85
2020-01-14,Brazil,212000000,178,18,0,0,151,27,0,0,84.83
2020-01-15,Brazil,212000000,201,23,0,0,171,30,0,0,85.07
2020-01-16,Brazil,212000000,220,19,0,0,188,32,0,0,85.45
2020-01-17,Brazil,212000000,233,13,0,0,199,34,0,0,85.41
2020-01-18,Brazil,212000000,251,18,0,0,214,37,0,0,85.26
2020-01-19,Brazil,212000000,269,18,0,0,231,38,0,0,85.87
2020-01-20,Brazil,212000000,290,21,0,0,248,42,0,0,85.52
2020-01-21,Brazil,212000000,306,16,0,0,262,44,0,0,85.62
2020-01-22,Brazil,212000000,328,22,0,0,280,48,0,0,85.37
2020-01-23,Brazil,212000000,351,23,0,0,300,51,0,0,85.47
2020-01-24,Brazil,212000000,378,27,0,0,323,55,0,0,85.45
2020-01-25,Brazil,212000000,409,31,0,0,351,58,0,0,85.82
2020-01-26,Brazil,212000000,422,13,0,0,361,61,0,0,85.55
2020-01-27,Brazil,212000000,447,25,0,0,382,65,0,0,85.46
2020-01-28,Brazil,212000000,477,30,0,0,410,67,0,0,85.95
2020-01-29,Brazil,212000000,502,25,0,0,431,71,0,0,85.86
2020-01-30,Brazil,212000000,527,25,0,0,452,75,0,0,85.77
2020-01-31,Brazil,212000000,554,27,0,0,473,81,0,0,85.38
2020-02-01,Brazil,212000000,581,27,0,0,496,85,0,0,85.37
2020-02-02,Brazil,212000000,615,34,0,0,528,87,0,0,85.85
2020-02-03,Brazil,212000000,649,34,0,0,555,94,0,0,85.52
2020-02-04,Brazil,212000000,687,38,0,0,590,97,0,0,85.88
2020-02-05,Brazil,212000000,720,33,0,0,621,99,0,0,86.25
2020-02-06,Brazil,212000000,755,35,0,0,648,107,0,0,85.83
2020-02-07,Brazil,212000000,792,37,0,0,679,113,0,0,85.73
2020-02-08,Brazil,212000000,851,59,1,1,732,118,0,0.12,86.02
2020-02-09,Brazil,212000000,887,36,1,0,765,121,0,0.11,86.25
2020-02-10,Brazil,212000000,917,30,1,0,792,124,0,0.11,86.37
2020-02-11,Brazil,212000000,962,45,1,0,828,133,0,0.1,86.07
2020-02-12,Brazil,212000000,1009,47,1,0,866,142,0,0.1,85.83
2020-02-13,Brazil,212000000,1057,48,1,0,906,150,0,0.09,85.71
2020-02-14,Brazil,212000000,1099,42,1,0,944,154,0,0.09,85.9
2020-02-15,Brazil,212000000,1148,49,1,0,984,163,0,0.09,85.71
2020-02-16,Brazil,212000000,1203,55,1,0,1034,168,0,0.08,85.95
2020-02-17,Brazil,212000000,1245,42,1,0,1068,176,0,0.08,85.78
2020-02-18,Brazil,212000000,1295,50,1,0,1109,185,0,0.08,85.64
2020-02-19,Brazil,212000000,1330,35,1,0,1140,189,0,0.08,85.71
2020-02-20,Brazil,212000000,1385,55,2,1,1185,198,0,0.14,85.56
2020-02-21,Brazil,212000000,1439,54,2,0,1234,203,0,0.14,85.75
2020-02-22,Brazil,212000000,1514,75,2,0,1294,218,0,0.13,85.47
2020-02-23,Brazil,212000000,1601,87,3,1,1365,233,0,0.19,85.26
2020-02-24,Brazil,212000000,1711,110,4,1,1469,238,0,0.23,85.86
2020-02-25,Brazil,212000000,1779,68,5,1,1530,244,0,0.28,86
2020-02-26,Brazil,212000000,1832,53,6,1,1572,254,0,0.33,85.81
2020-02-27,Brazil,212000000,1900,68,6,0,1629,265,0,0.32,85.74
2020-02-28,Brazil,212000000,1959,59,6,0,1677,276,0,0.31,85.6
2020-02-29,Brazil,212000000,2035,76,7,1,1736,292,0,0.34,85.31
2020-03-01,Brazil,212000000,2123,88,7,0,1819,297,0,0.33,85.68
2020-03-02,Brazil,212000000,2190,67,7,0,1874,309,0,0.32,85.57
2020-03-03,Brazil,212000000,2260,70,8,1,1929,323,0,0.35,85.35
2020-03-04,Brazil,212000000,2337,77,9,1,1995,333,0,0.39,85.37
2020-03-05,Brazil,212000000,2399,62,10,1,2044,345,0,0.42,85.2
2020-03-06,Brazil,212000000,2540,141,11,1,2159,370,0,0.43,85
2020-03-07,Brazil,212000000,2615,75,12,1,2220,383,0,0.46,84.89
2020-03-08,Brazil,212000000,2714,99,13,1,2314,387,0,0.48,85.26
2020-03-09,Brazil,212000000,2775,61,13,0,2362,400,0,0.47,85.12
2020-03-10,Brazil,212000000,2873,98,14,1,2449,410,0,0.49,85.24
2020-03-11,Brazil,212000000,2981,108,15,1,2546,420,0,0.5,85.41
2020-03-12,Brazil,212000000,3080,99,16,1,2632,432,0,0.52,85.45
2020-03-13,Brazil,212000000,3174,94,17,1,2717,440,0,0.54,85.6
2020-03-14,Brazil,212000000,3249,75,18,1,2779,452,0,0.55,85.53
2020-03-15,Brazil,212000000,3354,105,19,1,2864,471,0,0.57,85.39
2020-03-16,Brazil,212000000,3451,97,20,1,2956,475,0,0.58,85.66
2020-03-17,Brazil,212000000,3569,118,21,1,3059,489,0,0.59,85.71
2020-03-18,Brazil,212000000,3697,128,23,2,3169,505,0,0.62,85.72
2020-03-19,Brazil,212000000,3810,113,24,1,3260,526,0,0.63,85.56
2020-03-20,Brazil,212000000,3887,77,25,1,3329,533,0,0.64,85.64
2020-03-21,Brazil,212000000,3992,105,26,1,3413,553,0,0.65,85.5
2020-03-22,Brazil,212000000,4121,129,26,0,3525,570,0,0.63,85.54
2020-03-23,Brazil,212000000,4288,167,27,1,3668,593,0,0.63,85.54
2020-03-24,Brazil,212000000,4383,95,27,0,3758,598,0,0.62,85.74
2020-03-25,Brazil,212000000,4566,183,29,2,3903,634,0,0.64,85.48
2020-03-26,Brazil,212000000,4716,150,32,3,4027,657,0,0.68,85.39
2020-03-27,Brazil,212000000,4908,192,33,1,4204,671,0,0.67,85.66
2020-03-28,Brazil,212000000,5026,118,34,1,4301,691,0,0.68,85.58
2020-03-29,Brazil,212000000,5177,151,35,1,4420,722,0,0.68,85.38
2020-03-30,Brazil,212000000,5342,165,37,2,4565,740,0,0.69,85.45
2020-03-31,Brazil,212000000,5451,109,38,1,4663,750,0,0.7,85.54
2020-04-01,Brazil,212000000,5573,122,40,2,4762,771,0,0.72,85.45
2020-04-02,Brazil,212000000,5692,119,41,1,4860,791,0,0.72,85.38
2020-04-03,Brazil,212000000,5913,221,45,4,5051,817,0,0.76,85.42
2020-04-04,Brazil,212000000,6028,115,46,1,5142,840,0,0.76,85.3
2020-04-05,Brazil,212000000,6205,177,49,3,5286,870,0,0.79,85.19
2020-04-06,Brazil,212000000,6347,142,50,1,5408,889,0,0.79,85.21
2020-04-07,Brazil,212000000,6573,226,52,2,5588,933,0,0.79,85.01
2020-04-08,Brazil,212000000,6784,211,55,3,5763,966,0,0.81,84.95
2020-04-09,Brazil,212000000,6925,141,56,1,5877,992,0,0.81,84.87
2020-04-10,Brazil,212000000,7100,175,57,1,6022,1021,0,0.8,84.82
2020-04-11,Brazil,212000000,7291,191,58,1,6192,1041,0,0.8,84.93
2020-04-12,Brazil,212000000,7437,146,60,2,6320,1057,0,0.81,84.98
2020-04-13,Brazil,212000000,7674,237,62,2,6532,1080,0,0.81,85.12
2020-04-14,Brazil,212000000,7870,196,64,2,6694,1112,0,0.81,85.06
2020-04-15,Brazil,212000000,8033,163,66,2,6846,1121,0,0.82,85.22
2020-04-16,Brazil,212000000,8188,155,67,1,6980,1141,0,0.82,85.25
2020-04-17,Brazil,212000000,8374,186,69,2,7155,1150,0,0.82,85.44
2020-04-18,Brazil,212000000,8534,160,70,1,7303,1161,0,0.82,85.58
2020-04-19,Brazil,212000000,8695,161,72,2,7446,1177,0,0.83,85.64
2020-04-20,Brazil,212000000,8951,256,73,1,7685,1193,0,0.82,85.86
2020-04-21,Brazil,212000000,9147,196,75,2,7851,1221,0,0.82,85.83
2020-04-22,Brazil,212000000,9467,320,76,1,8150,1241,0,0.8,86.09
2020-04-23,Brazil,212000000,9688,221,78,2,8336,1274,0,0.81,86.04
2020-04-24,Brazil,212000000,9907,219,81,3,8522,1304,0,0.82,86.02
2020-04-25,Brazil,212000000,10095,188,84,3,8682,1329,0,0.83,86
2020-04-26,Brazil,212000000,10332,237,88,4,8871,1373,0,0.85,85.86
2020-04-27,Brazil,212000000,10589,257,91,3,9087,1411,0,0.86,85.82
2020-04-28,Brazil,212000000,10880,291,93,2,9317,1470,0,0.85,85.63
2020-04-29,Brazil,212000000,11132,252,97,4,9523,1512,0,0.87,85.55
2020-04-30,Brazil,212000000,11402,270,102,5,9739,1561,0,0.89,85.41
2020-05-01,Brazil,212000000,11759,357,104,2,10053,1602,0,0.88,85.49
2020-05-02,Brazil,212000000,12006,247,106,2,10272,1628,0,0.88,85.56
2020-05-03,Brazil,212000000,12292,286,111,5,10538,1643,0,0.9,85.73
2020-05-04,Brazil,212000000,12563,271,116,5,10763,1684,0,0.92,85.67
2020-05-05,Brazil,212000000,12786,223,118,2,10968,1700,0,0.92,85.78
2020-05-06,Brazil,212000000,13044,258,121,3,11195,1728,0,0.93,85.82
2020-05-07,Brazil,212000000,13288,244,125,4,11400,1763,0,0.94,85.79
2020-05-08,Brazil,212000000,13635,347,130,5,11710,1795,0,0.95,85.88
2020-05-09,Brazil,212000000,14015,380,133,3,12012,1870,0,0.95,85.71
2020-05-10,Brazil,212000000,14279,264,136,3,12257,1886,0,0.95,85.84
2020-05-11,Brazil,212000000,14541,262,140,4,12498,1903,0,0.96,85.95
2020-05-12,Brazil,212000000,14774,233,142,2,12687,1945,0,0.96,85.87
2020-05-13,Brazil,212000000,14985,211,143,1,12874,1968,0,0.95,85.91
2020-05-14,Brazil,212000000,15315,330,148,5,13187,1980,0,0.97,86.11
2020-05-15,Brazil,212000000,15582,267,151,3,13427,2004,0,0.97,86.17
2020-05-16,Brazil,212000000,16023,441,156,5,13785,2082,0,0.97,86.03
2020-05-17,Brazil,212000000,16292,269,159,3,14020,2113,0,0.98,86.05
2020-05-18,Brazil,212000000,16629,337,164,5,14289,2176,0,0.99,85.93
2020-05-19,Brazil,212000000,16981,352,170,6,14595,2216,0,1,85.95
2020-05-20,Brazil,212000000,17283,302,174,4,14838,2271,0,1.01,85.85
2020-05-21,Brazil,212000000,17573,290,179,5,15064,2330,0,1.02,85.72
2020-05-22,Brazil,212000000,17903,330,184,5,15375,2344,0,1.03,85.88
2020-05-23,Brazil,212000000,18158,255,188,4,15604,2366,0,1.04,85.93
2020-05-24,Brazil,212000000,18482,324,193,5,15881,2408,0,1.04,85.93
2020-05-25,Brazil,212000000,18749,267,197,4,16114,2438,0,1.05,85.95
2020-05-26,Brazil,212000000,19103,354,204,7,16397,2502,0,1.07,85.83
2020-05-27,Brazil,212000000,19477,374,212,8,16702,2563,0,1.09,85.75
2020-05-28,Brazil,212000000,19866,389,215,3,17046,2605,0,1.08,85.8
2020-05-29,Brazil,212000000,20132,266,220,5,17268,2644,0,1.09,85.77
2020-05-30,Brazil,212000000,20409,277,224,4,17500,2685,0,1.1,85.75
2020-05-31,Brazil,212000000,20780,371,227,3,17810,2743,0,1.09,85.71
2020-06-01,Brazil,212000000,21041,261,230,3,18028,2783,0,1.09,85.68
2020-06-02,Brazil,212000000,21347,306,235,5,18320,2792,0,1.1,85.82
2020-06-03,Brazil,212000000,21764,417,241,6,18657,2866,0,1.11,85.72
2020-06-04,Brazil,212000000,22097,333,246,5,18947,2904,0,1.11,85.74
2020-06-05,Brazil,212000000,22496,399,251,5,19322,2923,0,1.12,85.89
2020-06-06,Brazil,212000000,22864,368,257,6,19641,2966,0,1.12,85.9
2020-06-07,Brazil,212000000,23125,261,262,5,19875,2988,0,1.13,85.95
2020-06-08,Brazil,212000000,23544,419,264,2,20226,3054,0,1.12,85.91
2020-06-09,Brazil,212000000,23864,320,266,2,20501,3097,0,1.11,85.91
2020-06-10,Brazil,212000000,24229,365,270,4,20814,3145,0,1.11,85.91
2020-06-11,Brazil,212000000,24542,313,275,5,21087,3180,0,1.12,85.92
2020-06-12,Brazil,212000000,24869,327,278,3,21360,3231,0,1.12,85.89
2020-06-13,Brazil,212000000,25185,316,280,2,21610,3295,0,1.11,85.81
2020-06-14,Brazil,212000000,25556,371,287,7,21949,3320,0,1.12,85.89
2020-06-15,Brazil,212000000,25977,421,294,7,22313,3370,0,1.13,85.9
2020-06-16,Brazil,212000000,26410,433,301,7,22653,3456,0,1.14,85.77
2020-06-17,Brazil,212000000,26871,461,307,6,23042,3522,0,1.14,85.75
2020-06-18,Brazil,212000000,27276,405,311,4,23404,3561,0,1.14,85.8
2020-06-19,Brazil,212000000,27696,420,315,4,23789,3592,0,1.14,85.89
2020-06-20,Brazil,212000000,28091,395,320,5,24159,3612,0,1.14,86
2020-06-21,Brazil,212000000,28598,507,327,7,24622,3649,0,1.14,86.1
2020-06-22,Brazil,212000000,29208,610,340,13,25105,3763,0,1.16,85.95
2020-06-23,Brazil,212000000,29770,562,347,7,25552,3871,0,1.17,85.83
2020-06-24,Brazil,212000000,30183,413,354,7,25929,3900,0,1.17,85.91
2020-06-25,Brazil,212000000,30486,303,359,5,26169,3958,0,1.18,85.84
2020-06-26,Brazil,212000000,30791,305,365,6,26420,4006,0,1.19,85.8
2020-06-27,Brazil,212000000,31210,419,372,7,26778,4060,0,1.19,85.8
2020-06-28,Brazil,212000000,31592,382,378,6,27099,4115,0,1.2,85.78
2020-06-29,Brazil,212000000,32018,426,382,4,27435,4201,0,1.19,85.69
2020-06-30,Brazil,212000000,32488,470,385,3,27848,4255,0,1.19,85.72
2020-07-01,Brazil,212000000,32877,389,392,7,28153,4332,0,1.19,85.63
2020-07-02,Brazil,212000000,33373,496,397,5,28561,4415,0,1.19,85.58
2020-07-03,Brazil,212000000,33698,325,403,6,28827,4468,0,1.2,85.55
2020-07-04,Brazil,212000000,34065,367,410,7,29141,4514,0,1.2,85.55
2020-07-05,Brazil,212000000,34440,375,417,7,29433,4590,0,1.21,85.46
2020-07-06,Brazil,212000000,34834,394,424,7,29804,4606,0,1.22,85.56
2020-07-07,Brazil,212000000,35257,423,430,6,30174,4653,0,1.22,85.58
2020-07-08,Brazil,212000000,35621,364,433,3,30457,4731,0,1.22,85.5
2020-07-09,Brazil,212000000,36043,422,436,3,30836,4771,0,1.21,85.55
2020-07-10,Brazil,212000000,36430,387,438,2,31179,4813,0,1.2,85.59
2020-07-11,Brazil,212000000,36836,406,442,4,31529,4865,0,1.2,85.59
2020-07-12,Brazil,212000000,37161,325,447,5,31792,4922,0,1.2,85.55
2020-07-13,Brazil,212000000,37477,316,452,5,32047,4978,0,1.21,85.51
2020-07-14,Brazil,212000000,37923,446,459,7,32405,5059,0,1.21,85.45
2020-07-15,Brazil,212000000,38202,279,464,5,32635,5103,0,1.21,85.43
2020-07-16,Brazil,212000000,38540,338,470,6,32952,5118,0,1.22,85.5
2020-07-17,Brazil,212000000,38938,398,472,2,33290,5176,0,1.21,85.49
2020-07-18,Brazil,212000000,39230,292,477,5,33552,5201,0,1.22,85.53
2020-07-19,Brazil,212000000,39510,280,480,3,33775,5255,0,1.21,85.48
2020-07-20,Brazil,212000000,39931,421,487,7,34141,5303,0,1.22,85.5
2020-07-21,Brazil,212000000,40232,301,490,3,34393,5349,0,1.22,85.49
2020-07-22,Brazil,212000000,40651,419,492,2,34745,5414,0,1.21,85.47
2020-07-23,Brazil,212000000,41012,361,497,5,35056,5459,0,1.21,85.48
2020-07-24,Brazil,212000000,41371,359,499,2,35392,5480,0,1.21,85.55
2020-07-25,Brazil,212000000,41613,242,504,5,35581,5528,0,1.21,85.5
2020-07-26,Brazil,212000000,41958,345,509,5,35884,5565,0,1.21,85.52
2020-07-27,Brazil,212000000,42289,331,514,5,36185,5590,0,1.22,85.57
2020-07-28,Brazil,212000000,42560,271,515,1,36442,5603,0,1.21,85.62
2020-07-29,Brazil,212000000,42880,320,518,3,36693,5669,0,1.21,85.57
2020-07-30,Brazil,212000000,43192,312,520,2,36991,5681,0,1.2,85.64
2020-07-31,Brazil,212000000,43496,304,522,2,37267,5707,0,1.2,85.68
2020-08-01,Brazil,212000000,43820,324,528,6,37534,5758,0,1.2,85.65
2020-08-02,Brazil,212000000,44082,262,531,3,37750,5801,0,1.2,85.64
2020-08-03,Brazil,212000000,44401,319,537,6,38050,5814,0,1.21,85.7
2020-08-04,Brazil,212000000,44640,239,539,2,38254,5847,0,1.21,85.69
2020-08-05,Brazil,212000000,45036,396,545,6,38595,5896,0,1.21,85.7
2020-08-06,Brazil,212000000,45417,381,547,2,38905,5965,0,1.2,85.66
2020-08-07,Brazil,212000000,45653,236,549,2,39097,6007,0,1.2,85.64
2020-08-08,Brazil,212000000,46149,496,557,8,39518,6074,0,1.21,85.63
2020-08-09,Brazil,212000000,46427,278,562,5,39763,6102,0,1.21,85.65
2020-08-10,Brazil,212000000,46714,287,565,3,40029,6120,0,1.21,85.69
2020-08-11,Brazil,212000000,47034,320,570,5,40326,6138,0,1.21,85.74
2020-08-12,Brazil,212000000,47302,268,571,1,40549,6182,0,1.21,85.72
2020-08-13,Brazil,212000000,47622,320,576,5,40844,6202,0,1.21,85.77
2020-08-14,Brazil,212000000,47939,317,580,4,41114,6245,0,1.21,85.76
2020-08-15,Brazil,212000000,48164,225,582,2,41295,6287,0,1.21,85.74
2020-08-16,Brazil,212000000,48405,241,587,5,41491,6327,0,1.21,85.72
2020-08-17,Brazil,212000000,48781,376,591,4,41808,6382,0,1.21,85.71
2020-08-18,Brazil,212000000,49097,316,595,4,42091,6411,0,1.21,85.73
2020-08-19,Brazil,212000000,49465,368,599,4,42420,6446,0,1.21,85.76
2020-08-20,Brazil,212000000,49917,452,608,9,42781,6528,0,1.22,85.7
2020-08-21,Brazil,212000000,50134,217,612,4,42958,6564,0,1.22,85.69
2020-08-22,Brazil,212000000,50360,226,614,2,43140,6606,0,1.22,85.66
2020-08-23,Brazil,212000000,50614,254,617,3,43374,6623,0,1.22,85.7
2020-08-24,Brazil,212000000,50888,274,622,5,43622,6644,0,1.22,85.72
2020-08-25,Brazil,212000000,51064,176,624,2,43767,6673,0,1.22,85.71
2020-08-26,Brazil,212000000,51368,304,626,2,44018,6724,0,1.22,85.69
2020-08-27,Brazil,212000000,51715,347,632,6,44291,6792,0,1.22,85.64
2020-08-28,Brazil,212000000,51981,266,635,3,44540,6806,0,1.22,85.69
2020-08-29,Brazil,212000000,52343,362,639,4,44857,6847,0,1.22,85.7
2020-08-30,Brazil,212000000,52672,329,641,2,45120,6911,0,1.22,85.66
2020-08-31,Brazil,212000000,52903,231,643,2,45327,6933,0,1.22,85.68
2020-09-01,Brazil,212000000,53144,241,644,1,45555,6945,0,1.21,85.72
2020-09-02,Brazil,212000000,53453,309,647,3,45843,6963,0,1.21,85.76
2020-09-03,Brazil,212000000,53749,296,649,2,46117,6983,0,1.21,85.8
2020-09-04,Brazil,212000000,54050,301,654,5,46384,7012,0,1.21,85.82
2020-09-05,Brazil,212000000,54269,219,655,1,46574,7040,0,1.21,85.82
2020-09-06,Brazil,212000000,54502,233,658,3,46770,7074,0,1.21,85.81
2020-09-07,Brazil,212000000,54682,180,660,2,46939,7083,0,1.21,85.84
2020-09-08,Brazil,212000000,54931,249,662,2,47150,7119,0,1.21,85.83
2020-09-09,Brazil,212000000,55213,282,666,4,47417,7130,0,1.21,85.88
2020-09-10,Brazil,212000000,55434,221,668,2,47627,7139,0,1.21,85.92
2020-09-11,Brazil,212000000,55703,269,669,1,47880,7154,0,1.2,85.96
2020-09-12,Brazil,212000000,55935,232,672,3,48088,7175,0,1.2,85.97
2020-09-13,Brazil,212000000,56181,246,673,1,48318,7190,0,1.2,86
2020-09-14,Brazil,212000000,56450,269,675,2,48534,7241,0,1.2,85.98
2020-09-15,Brazil,212000000,56843,393,677,2,48859,7307,0,1.19,85.95
2020-09-16,Brazil,212000000,57064,221,678,1,49048,7338,0,1.19,85.95
2020-09-17,Brazil,212000000,57273,209,682,4,49230,7361,0,1.19,85.96
2020-09-18,Brazil,212000000,57543,270,684,2,49485,7374,0,1.19,86
2020-09-19,Brazil,212000000,57831,288,688,4,49720,7423,0,1.19,85.97
2020-09-20,Brazil,212000000,58123,292,690,2,49983,7450,0,1.19,86
2020-09-21,Brazil,212000000,58356,233,694,4,50197,7465,0,1.19,86.02
2020-09-22,Brazil,212000000,58545,189,696,2,50371,7478,0,1.19,86.04
2020-09-23,Brazil,212000000,58810,265,698,2,50590,7522,0,1.19,86.02
2020-09-24,Brazil,212000000,59100,290,701,3,50822,7577,0,1.19,85.99
2020-09-25,Brazil,212000000,59307,207,703,2,51017,7587,0,1.19,86.02
2020-09-26,Brazil,212000000,59520,213,704,1,51210,7606,0,1.18,86.04
2020-09-27,Brazil,212000000,59735,215,708,4,51399,7628,0,1.19,86.05
2020-09-28,Brazil,212000000,59986,251,710,2,51628,7648,0,1.18,86.07
2020-09-29,Brazil,212000000,60264,278,711,1,51886,7667,0,1.18,86.1
2020-09-30,Brazil,212000000,60459,195,713,2,52060,7686,0,1.18,86.11
2020-10-01,Brazil,212000000,60727,268,717,4,52291,7719,0,1.18,86.11
2020-10-02,Brazil,212000000,60921,194,720,3,52458,7743,0,1.18,86.11
2020-10-03,Brazil,212000000,61156,235,724,4,52675,7757,0,1.18,86.13
2020-10-04,Brazil,212000000,61436,280,727,3,52904,7805,0,1.18,86.11
2020-10-05,Brazil,212000000,61726,290,729,2,53157,7840,0,1.18,86.12
2020-10-06,Brazil,212000000,61946,220,733,4,53342,7871,0,1.18,86.11
2020-10-07,Brazil,212000000,62131,185,734,1,53512,7885,0,1.18,86.13
2020-10-08,Brazil,212000000,62396,265,736,2,53731,7929,0,1.18,86.11
2020-10-09,Brazil,212000000,62613,217,740,4,53938,7935,0,1.18,86.15
2020-10-10,Brazil,212000000,62888,275,742,2,54154,7992,0,1.18,86.11
2020-10-11,Brazil,212000000,63103,215,743,1,54349,8011,0,1.18,86.13
2020-10-12,Brazil,212000000,63425,322,745,2,54650,8030,0,1.17,86.16
2020-10-13,Brazil,212000000,63702,277,748,3,54882,8072,0,1.17,86.15
2020-10-14,Brazil,212000000,63962,260,750,2,55107,8105,0,1.17,86.16
2020-10-15,Brazil,212000000,64301,339,753,3,55429,8119,0,1.17,86.2
2020-10-16,Brazil,212000000,64571,270,755,2,55686,8130,0,1.17,86.24
2020-10-17,Brazil,212000000,64804,233,757,2,55886,8161,0,1.17,86.24
2020-10-18,Brazil,212000000,65024,220,760,3,56074,8190,0,1.17,86.24
2020-10-19,Brazil,212000000,65335,311,765,5,56363,8207,0,1.17,86.27
2020-10-20,Brazil,212000000,65547,212,767,2,56551,8229,0,1.17,86.28
2020-10-21,Brazil,212000000,65717,170,769,2,56693,8255,0,1.17,86.27
2020-10-22,Brazil,212000000,66009,292,771,2,56931,8307,0,1.17,86.25
2020-10-23,Brazil,212000000,66260,251,775,4,57169,8316,0,1.17,86.28
2020-10-24,Brazil,212000000,66470,210,778,3,57334,8358,0,1.17,86.26
2020-10-25,Brazil,212000000,66818,348,785,7,57638,8395,0,1.17,86.26
2020-10-26,Brazil,212000000,67004,186,788,3,57785,8431,0,1.18,86.24
2020-10-27,Brazil,212000000,67234,230,791,3,57998,8445,0,1.18,86.26
2020-10-28,Brazil,212000000,67424,190,795,4,58159,8470,0,1.18,86.26
2020-10-29,Brazil,212000000,67617,193,797,2,58335,8485,0,1.18,86.27
2020-10-30,Brazil,212000000,67881,264,801,4,58564,8516,0,1.18,86.27
2020-10-31,Brazil,212000000,68087,206,803,2,58751,8533,0,1.18,86.29
2020-11-01,Brazil,212000000,68423,336,806,3,59023,8594,0,1.18,86.26
2020-11-02,Brazil,212000000,68601,178,808,2,59165,8628,0,1.18,86.25
2020-11-03,Brazil,212000000,68862,261,812,4,59381,8669,0,1.18,86.23
2020-11-04,Brazil,212000000,69149,287,816,4,59655,8678,0,1.18,86.27
2020-11-05,Brazil,212000000,69371,222,818,2,59855,8698,0,1.18,86.28
2020-11-06,Brazil,212000000,69618,247,823,5,60071,8724,0,1.18,86.29
2020-11-07,Brazil,212000000,69846,228,825,2,60253,8768,0,1.18,86.27
2020-11-08,Brazil,212000000,70153,307,828,3,60545,8780,0,1.18,86.3
2020-11-09,Brazil,212000000,70484,331,830,2,60821,8833,0,1.18,86.29
2020-11-10,Brazil,212000000,70735,251,832,2,61040,8863,0,1.18,86.29
2020-11-11,Brazil,212000000,71026,291,837,5,61272,8917,0,1.18,86.27
2020-11-12,Brazil,212000000,71320,294,840,3,61522,8958,0,1.18,86.26
2020-11-13,Brazil,212000000,71549,229,844,4,61740,8965,0,1.18,86.29
2020-11-14,Brazil,212000000,71808,259,847,3,61959,9002,0,1.18,86.28
2020-11-15,Brazil,212000000,72034,226,849,2,62137,9048,0,1.18,86.26
2020-11-16,Brazil,212000000,72279,245,851,2,62364,9064,0,1.18,86.28
2020-11-17,Brazil,212000000,72663,384,858,7,62697,9108,0,1.18,86.28
2020-11-18,Brazil,212000000,72994,331,861,3,62969,9164,0,1.18,86.27
2020-11-19,Brazil,212000000,73212,218,864,3,63140,9208,0,1.18,86.24
2020-11-20,Brazil,212000000,73474,262,869,5,63368,9237,0,1.18,86.25
2020-11-21,Brazil,212000000,73731,257,872,3,63608,9251,0,1.18,86.27
2020-11-22,Brazil,212000000,73946,215,874,2,63790,9282,0,1.18,86.27
2020-11-23,Brazil,212000000,74187,241,876,2,64007,9304,0,1.18,86.28
2020-11-24,Brazil,212000000,74515,328,878,2,64274,9363,0,1.18,86.26
2020-11-25,Brazil,212000000,74734,219,880,2,64481,9373,0,1.18,86.28
2020-11-26,Brazil,212000000,75127,393,883,3,64796,9448,0,1.18,86.25
2020-11-27,Brazil,212000000,75373,246,884,1,65001,9488,0,1.17,86.24
2020-11-28,Brazil,212000000,75660,287,889,5,65225,9546,0,1.17,86.21
2020-11-29,Brazil,212000000,75949,289,893,4,65470,9586,0,1.18,86.2
2020-11-30,Brazil,212000000,76469,520,898,5,65903,9668,0,1.17,86.18
2020-12-01,Brazil,212000000,76800,331,903,5,66213,9684,0,1.18,86.21
2020-12-02,Brazil,212000000,77101,301,907,4,66467,9727,0,1.18,86.21
2020-12-03,Brazil,212000000,77467,366,909,2,66791,9767,0,1.17,86.22
2020-12-04,Brazil,212000000,77716,249,912,3,67020,9784,0,1.17,86.24
2020-12-05,Brazil,212000000,78049,333,917,5,67285,9847,0,1.17,86.21
2020-12-06,Brazil,212000000,78505,456,925,8,67692,9888,0,1.18,86.23
2020-12-07,Brazil,212000000,78864,359,928,3,68017,9919,0,1.18,86.25
2020-12-08,Brazil,212000000,79109,245,932,4,68217,9960,0,1.18,86.23
2020-12-09,Brazil,212000000,79395,286,936,4,68487,9972,0,1.18,86.26
2020-12-10,Brazil,212000000,79667,272,941,5,68711,10015,0,1.18,86.25
2020-12-11,Brazil,212000000,80143,476,951,10,69134,10058,0,1.19,86.26
2020-12-12,Brazil,212000000,80528,385,953,2,69490,10085,0,1.18,86.29
2020-12-13,Brazil,212000000,80838,310,954,1,69768,10116,0,1.18,86.31
2020-12-14,Brazil,212000000,81286,448,961,7,70145,10180,0,1.18,86.29
2020-12-15,Brazil,212000000,81555,269,963,2,70358,10234,0,1.18,86.27
2020-12-16,Brazil,212000000,81957,402,970,7,70708,10279,0,1.18,86.27
2020-12-17,Brazil,212000000,82533,576,977,7,71198,10358,0,1.18,86.27
2020-12-18,Brazil,212000000,82965,432,985,8,71569,10411,0,1.19,86.26
2020-12-19,Brazil,212000000,83236,271,986,1,71784,10466,0,1.18,86.24
2020-12-20,Brazil,212000000,83646,410,993,7,72109,10544,0,1.19,86.21
2020-12-21,Brazil,212000000,84025,379,996,3,72457,10572,0,1.19,86.23
2020-12-22,Brazil,212000000,84433,408,1002,6,72777,10654,0,1.19,86.19
2020-12-23,Brazil,212000000,84900,467,1010,8,73207,10683,0,1.19,86.23
2020-12-24,Brazil,212000000,85355,455,1014,4,73565,10776,0,1.19,86.19
2020-12-25,Brazil,212000000,85681,326,1017,3,73829,10835,0,1.19,86.17
2020-12-26,Brazil,212000000,86016,335,1021,4,74119,10876,0,1.19,86.17
2020-12-27,Brazil,212000000,86304,288,1023,2,74345,10936,0,1.19,86.14
2020-12-28,Brazil,212000000,86608,304,1026,3,74629,10953,0,1.18,86.17
2020-12-29,Brazil,212000000,87145,537,1035,9,75130,10980,0,1.19,86.21
2020-12-30,Brazil,212000000,87480,335,1040,5,75403,11037,0,1.19,86.19
2020-12-31,Brazil,212000000,87891,411,1045,5,75728,11118,0,1.19,86.16
2021-01-01,Brazil,212000000,88296,405,1053,8,76106,11137,0,1.19,86.19
2021-01-02,Brazil,212000000,88724,428,1058,5,76497,11169,373829,1.19,86.22
2021-01-03,Brazil,212000000,89249,525,1064,6,76980,11205,747659,1.19,86.25
2021-01-04,Brazil,212000000,89713,464,1070,6,77420,11223,1121488,1.19,86.3
2021-01-05,Brazil,212000000,89963,250,1074,4,77651,11238,1495318,1.19,86.31
2021-01-06,Brazil,212000000,90318,355,1079,5,77939,11300,1869148,1.19,86.29
2021-01-07,Brazil,212000000,90794,476,1087,8,78379,11328,2242977,1.2,86.33
2021-01-08,Brazil,212000000,91230,436,1089,2,78755,11386,2616807,1.19,86.33
2021-01-09,Brazil,212000000,91763,533,1092,3,79252,11419,2990637,1.19,86.37
2021-01-10,Brazil,212000000,92247,484,1099,7,79646,11502,3364466,1.19,86.34
2021-01-11,Brazil,212000000,92611,364,1104,5,79933,11574,3738296,1.19,86.31
2021-01-12,Brazil,212000000,92990,379,1107,3,80284,11599,4112126,1.19,86.34
2021-01-13,Brazil,212000000,93416,426,1112,5,80655,11649,4485955,1.19,86.34
2021-01-14,Brazil,212000000,93834,418,1119,7,81014,11701,4859785,1.19,86.34
2021-01-15,Brazil,212000000,94340,506,1122,3,81422,11796,5233615,1.19,86.31
2021-01-16,Brazil,212000000,94923,583,1129,7,81918,11876,5607444,1.19,86.3
2021-01-17,Brazil,212000000,95435,512,1135,6,82333,11967,5981274,1.19,86.27
2021-01-18,Brazil,212000000,96056,621,1140,5,82881,12035,6355103,1.19,86.28
2021-01-19,Brazil,212000000,96575,519,1144,4,83347,12084,6728933,1.18,86.3
2021-01-20,Brazil,212000000,96869,294,1149,5,83589,12131,7102763,1.19,86.29
2021-01-21,Brazil,212000000,97388,519,1154,5,84049,12185,7476592,1.18,86.3
2021-01-22,Brazil,212000000,97869,481,1157,3,84476,12236,7850422,1.18,86.32
2021-01-23,Brazil,212000000,98441,572,1166,9,84982,12293,8224252,1.18,86.33
2021-01-24,Brazil,212000000,98992,551,1173,7,85496,12323,8598081,1.18,86.37
2021-01-25,Brazil,212000000,99482,490,1183,10,85929,12370,8971911,1.19,86.38
2021-01-26,Brazil,212000000,100031,549,1191,8,86402,12438,9345741,1.19,86.38
2021-01-27,Brazil,212000000,100532,501,1197,6,86833,12502,9719570,1.19,86.37
2021-01-28,Brazil,212000000,100904,372,1205,8,87146,12553,10093400,1.19,86.37
2021-01-29,Brazil,212000000,101315,411,1207,2,87523,12585,10467230,1.19,86.39
2021-01-30,Brazil,212000000,101805,490,1214,7,87972,12619,10841059,1.19,86.41
2021-01-31,Brazil,212000000,102332,527,1219,5,88404,12709,11214889,1.19,86.39
2021-02-01,Brazil,212000000,102746,414,1221,2,88736,12789,11588718,1.19,86.36
2021-02-02,Brazil,212000000,103195,449,1230,9,89111,12854,11962548,1.19,86.35
2021-02-03,Brazil,212000000,103676,481,1233,3,89503,12940,12336378,1.19,86.33
2021-02-04,Brazil,212000000,104132,456,1242,9,89937,12953,12710207,1.19,86.37
2021-02-05,Brazil,212000000,104662,530,1247,5,90393,13022,13084037,1.19,86.37
2021-02-06,Brazil,212000000,105185,523,1253,6,90826,13106,13457867,1.19,86.35
2021-02-07,Brazil,212000000,105696,511,1257,4,91284,13155,13831696,1.19,86.36
2021-02-08,Brazil,212000000,106115,419,1264,7,91653,13198,14205526,1.19,86.37
2021-02-09,Brazil,212000000,106611,496,1273,9,92050,13288,14579356,1.19,86.34
2021-02-10,Brazil,212000000,107205,594,1277,4,92587,13341,14953185,1.19,86.36
2021-02-11,Brazil,212000000,107849,644,1285,8,93198,13366,15327015,1.19,86.42
2021-02-12,Brazil,212000000,108418,569,1291,6,93739,13388,15700845,1.19,86.46
2021-02-13,Brazil,212000000,108868,450,1296,5,94167,13405,16074674,1.19,86.5
2021-02-14,Brazil,212000000,109377,509,1305,9,94655,13417,16448504,1.19,86.54
2021-02-15,Brazil,212000000,109962,585,1310,5,95157,13495,16822333,1.19,86.54
2021-02-16,Brazil,212000000,110346,384,1312,2,95471,13563,17196163,1.19,86.52
2021-02-17,Brazil,212000000,110904,558,1317,5,95950,13637,17569993,1.19,86.52
2021-02-18,Brazil,212000000,111456,552,1326,9,96389,13741,17943822,1.19,86.48
2021-02-19,Brazil,212000000,111989,533,1334,8,96867,13788,18317652,1.19,86.5
2021-02-20,Brazil,212000000,112547,558,1345,11,97374,13828,18691482,1.2,86.52
2021-02-21,Brazil,212000000,113084,537,1354,9,97801,13929,19065311,1.2,86.49
2021-02-22,Brazil,212000000,113496,412,1357,3,98182,13957,19439141,1.2,86.51
2021-02-23,Brazil,212000000,114052,556,1361,4,98662,14029,19812971,1.19,86.51
2021-02-24,Brazil,212000000,114490,438,1365,4,99037,14088,20186800,1.19,86.5
2021-02-25,Brazil,212000000,115061,571,1371,6,99511,14179,20560630,1.19,86.49
2021-02-26,Brazil,212000000,115694,633,1377,6,100025,14292,20934460,1.19,86.46
2021-02-27,Brazil,212000000,116264,570,1386,9,100542,14336,21308289,1.19,86.48
2021-02-28,Brazil,212000000,116716,452,1390,4,100972,14354,21682119,1.19,86.51
2021-03-01,Brazil,212000000,117398,682,1404,14,101560,14434,22055949,1.2,86.51
2021-03-02,Brazil,212000000,117936,538,1410,6,101994,14532,22429778,1.2,86.48
2021-03-03,Brazil,212000000,118623,687,1418,8,102596,14609,22803608,1.2,86.49
2021-03-04,Brazil,212000000,119174,551,1428,10,103093,14653,23177437,1.2,86.51
2021-03-05,Brazil,212000000,119692,518,1436,8,103581,14675,23551267,1.2,86.54
2021-03-06,Brazil,212000000,120252,560,1446,10,104072,14734,23925097,1.2,86.54
2021-03-07,Brazil,212000000,120775,523,1451,5,104492,14832,24298926,1.2,86.52
2021-03-08,Brazil,212000000,121325,550,1462,11,104978,14885,24672756,1.21,86.53
2021-03-09,Brazil,212000000,121993,668,1473,11,105595,14925,25046586,1.21,86.56
2021-03-10,Brazil,212000000,122453,460,1479,6,106020,14954,25420415,1.21,86.58
2021-03-11,Brazil,212000000,123205,752,1488,9,106659,15058,25794245,1.21,86.57
2021-03-12,Brazil,212000000,123789,584,1495,7,107157,15137,26168075,1.21,86.56
2021-03-13,Brazil,212000000,124281,492,1503,8,107546,15232,26541904,1.21,86.53
2021-03-14,Brazil,212000000,125000,719,1516,13,108128,15356,26915734,1.21,86.5
2021-03-15,Brazil,212000000,125609,609,1528,12,108674,15407,27289564,1.22,86.52
2021-03-16,Brazil,212000000,126163,554,1536,8,109197,15430,27663393,1.22,86.55
2021-03-17,Brazil,212000000,126835,672,1549,13,109775,15511,28037223,1.22,86.55
2021-03-18,Brazil,212000000,127325,490,1554,5,110182,15589,28411052,1.22,86.54
2021-03-19,Brazil,212000000,127749,424,1558,4,110578,15613,28784882,1.22,86.56
2021-03-20,Brazil,212000000,128326,577,1563,5,111063,15700,29158712,1.22,86.55
2021-03-21,Brazil,212000000,128834,508,1566,3,111483,15785,29532541,1.22,86.53
2021-03-22,Brazil,212000000,129432,598,1571,5,111999,15862,29906371,1.21,86.53
2021-03-23,Brazil,212000000,130016,584,1578,7,112546,15892,30280201,1.21,86.56
2021-03-24,Brazil,212000000,130578,562,1587,9,113070,15921,30654030,1.22,86.59
2021-03-25,Brazil,212000000,131316,738,1591,4,113699,16026,31027860,1.21,86.58
2021-03-26,Brazil,212000000,131893,577,1599,8,114204,16090,31401690,1.21,86.59
2021-03-27,Brazil,212000000,132487,594,1605,6,114722,16160,31775519,1.21,86.59
2021-03-28,Brazil,212000000,132951,464,1613,8,115155,16183,32149349,1.21,86.61
2021-03-29,Brazil,212000000,133713,762,1619,6,115811,16283,32523179,1.21,86.61
2021-03-30,Brazil,212000000,134456,743,1626,7,116476,16354,32897008,1.21,86.63
2021-03-31,Brazil,212000000,134928,472,1635,9,116879,16414,33270838,1.21,86.62
2021-04-01,Brazil,212000000,135451,523,1646,11,117377,16428,33644667,1.22,86.66
2021-04-02,Brazil,212000000,135962,511,1649,3,117776,16537,34018497,1.21,86.62
2021-04-03,Brazil,212000000,136508,546,1659,10,118203,16646,34392327,1.22,86.59
2021-04-04,Brazil,212000000,136935,427,1665,6,118557,16713,34766156,1.22,86.58
2021-04-05,Brazil,212000000,137437,502,1673,8,119009,16755,35139986,1.22,86.59
2021-04-06,Brazil,212000000,138051,614,1678,5,119491,16882,35513816,1.22,86.56
2021-04-07,Brazil,212000000,138454,403,1685,7,119863,16906,35887645,1.22,86.57
2021-04-08,Brazil,212000000,138928,474,1691,6,120284,16953,36261475,1.22,86.58
2021-04-09,Brazil,212000000,139590,662,1699,8,120833,17058,36635305,1.22,86.56
2021-04-10,Brazil,212000000,140162,572,1704,5,121334,17124,37009134,1.22,86.57
2021-04-11,Brazil,212000000,140529,367,1706,2,121667,17156,37382964,1.21,86.58
2021-04-12,Brazil,212000000,140916,387,1709,3,121982,17225,37756794,1.21,86.56
2021-04-13,Brazil,212000000,141326,410,1715,6,122329,17282,38130623,1.21,86.56
2021-04-14,Brazil,212000000,141813,487,1721,6,122755,17337,38504453,1.21,86.56
2021-04-15,Brazil,212000000,142297,484,1730,9,123170,17397,38878282,1.22,86.56
2021-04-16,Brazil,212000000,142785,488,1736,6,123553,17496,39252112,1.22,86.53
2021-04-17,Brazil,212000000,143680,895,1749,13,124365,17566,39625942,1.22,86.56
2021-04-18,Brazil,212000000,144191,511,1753,4,124786,17652,39999771,1.22,86.54
2021-04-19,Brazil,212000000,144710,519,1757,4,125196,17757,40373601,1.21,86.52
2021-04-20,Brazil,212000000,145133,423,1761,4,125536,17836,40747431,1.21,86.5
2021-04-21,Brazil,212000000,145677,544,1765,4,125961,17951,41121260,1.21,86.47
2021-04-22,Brazil,212000000,146391,714,1778,13,126540,18073,41495090,1.21,86.44
2021-04-23,Brazil,212000000,146773,382,1783,5,126859,18131,41868920,1.21,86.43
2021-04-24,Brazil,212000000,147390,617,1787,4,127365,18238,42242749,1.21,86.41
2021-04-25,Brazil,212000000,147871,481,1794,7,127763,18314,42616579,1.21,86.4
2021-04-26,Brazil,212000000,148271,400,1796,2,128112,18363,42990409,1.21,86.4
2021-04-27,Brazil,212000000,148817,546,1804,8,128584,18429,43364238,1.21,86.4
2021-04-28,Brazil,212000000,149328,511,1811,7,129067,18450,43738068,1.21,86.43
2021-04-29,Brazil,212000000,149784,456,1815,4,129444,18525,44111898,1.21,86.42
2021-04-30,Brazil,212000000,150375,591,1823,8,129984,18568,44485727,1.21,86.44
2021-05-01,Brazil,212000000,150807,432,1830,7,130383,18594,44859557,1.21,86.46
2021-05-02,Brazil,212000000,151301,494,1835,5,130827,18639,45233386,1.21,86.47
2021-05-03,Brazil,212000000,151884,583,1846,11,131336,18702,45607216,1.22,86.47
2021-05-04,Brazil,212000000,152358,474,1854,8,131781,18723,45981046,1.22,86.49
2021-05-05,Brazil,212000000,152698,340,1860,6,132059,18779,46354875,1.22,86.48
2021-05-06,Brazil,212000000,153179,481,1865,5,132509,18805,46728705,1.22,86.51
2021-05-07,Brazil,212000000,153607,428,1869,4,132870,18868,47102535,1.22,86.5
2021-05-08,Brazil,212000000,154243,636,1875,6,133386,18982,47476364,1.22,86.48
2021-05-09,Brazil,212000000,154652,409,1880,5,133733,19039,47850194,1.22,86.47
2021-05-10,Brazil,212000000,155206,554,1892,12,134204,19110,48224024,1.22,86.47
2021-05-11,Brazil,212000000,155848,642,1900,8,134754,19194,48597853,1.22,86.47
2021-05-12,Brazil,212000000,156470,622,1904,4,135296,19270,48971683,1.22,86.47
2021-05-13,Brazil,212000000,156848,378,1906,2,135599,19343,49345513,1.22,86.45
2021-05-14,Brazil,212000000,157316,468,1909,3,136015,19392,49719342,1.21,86.46
2021-05-15,Brazil,212000000,157731,415,1912,3,136410,19409,50093172,1.21,86.48
2021-05-16,Brazil,212000000,158134,403,1919,7,136741,19474,50467001,1.21,86.47
2021-05-17,Brazil,212000000,158513,379,1924,5,137037,19552,50840831,1.21,86.45
2021-05-18,Brazil,212000000,158921,408,1930,6,137393,19598,51214661,1.21,86.45
2021-05-19,Brazil,212000000,159426,505,1934,4,137823,19669,51588490,1.21,86.45
2021-05-20,Brazil,212000000,159931,505,1938,4,138240,19753,51962320,1.21,86.44
2021-05-21,Brazil,212000000,160415,484,1944,6,138700,19771,52336150,1.21,86.46
2021-05-22,Brazil,212000000,160748,333,1946,2,139018,19784,52709979,1.21,86.48
2021-05-23,Brazil,212000000,161258,510,1951,5,139428,19879,53083809,1.21,86.46
2021-05-24,Brazil,212000000,161648,390,1958,7,139753,19937,53457639,1.21,86.46
2021-05-25,Brazil,212000000,162159,511,1964,6,140197,19998,53831468,1.21,86.46
2021-05-26,Brazil,212000000,162779,620,1974,10,140690,20115,54205298,1.21,86.43
2021-05-27,Brazil,212000000,163277,498,1977,3,141091,20209,54579128,1.21,86.41
2021-05-28,Brazil,212000000,163737,460,1985,8,141486,20266,54952957,1.21,86.41
2021-05-29,Brazil,212000000,164097,360,1990,5,141775,20332,55326787,1.21,86.4
2021-05-30,Brazil,212000000,164508,411,1995,5,142152,20361,55700616,1.21,86.41
2021-05-31,Brazil,212000000,164927,419,2004,9,142530,20393,56074446,1.22,86.42
2021-06-01,Brazil,212000000,165242,315,2010,6,142799,20433,56448276,1.22,86.42
2021-06-02,Brazil,212000000,165649,407,2015,5,143178,20456,56822105,1.22,86.43
2021-06-03,Brazil,212000000,166049,400,2019,4,143537,20493,57195935,1.22,86.44
2021-06-04,Brazil,212000000,166525,476,2024,5,143957,20544,57569765,1.22,86.45
2021-06-05,Brazil,212000000,167089,564,2030,6,144405,20654,57943594,1.21,86.42
2021-06-06,Brazil,212000000,167590,501,2035,5,144831,20724,58317424,1.21,86.42
2021-06-07,Brazil,212000000,167917,327,2038,3,145106,20773,58691254,1.21,86.42
2021-06-08,Brazil,212000000,168469,552,2045,7,145630,20794,59065083,1.21,86.44
2021-06-09,Brazil,212000000,168836,367,2047,2,145949,20840,59438913,1.21,86.44
2021-06-10,Brazil,212000000,169307,471,2050,3,146365,20892,59812743,1.21,86.45
2021-06-11,Brazil,212000000,169727,420,2058,8,146710,20959,60186572,1.21,86.44
2021-06-12,Brazil,212000000,170151,424,2065,7,147074,21012,60560402,1.21,86.44
2021-06-13,Brazil,212000000,170565,414,2067,2,147465,21033,60934231,1.21,86.46
2021-06-14,Brazil,212000000,170935,370,2073,6,147785,21077,61308061,1.21,86.46
2021-06-15,Brazil,212000000,171334,399,2076,3,148111,21147,61681891,1.21,86.45
2021-06-16,Brazil,212000000,171742,408,2082,6,148466,21194,62055720,1.21,86.45
2021-06-17,Brazil,212000000,172093,351,2088,6,148794,21211,62429550,1.21,86.46
2021-06-18,Brazil,212000000,172441,348,2093,5,149106,21242,62803380,1.21,86.47
2021-06-19,Brazil,212000000,172979,538,2099,6,149614,21266,63177209,1.21,86.49
2021-06-20,Brazil,212000000,173401,422,2101,2,150013,21287,63551039,1.21,86.51
2021-06-21,Brazil,212000000,173738,337,2103,2,150281,21354,63924869,1.21,86.5
2021-06-22,Brazil,212000000,174057,319,2106,3,150563,21388,64298698,1.21,86.5
2021-06-23,Brazil,212000000,174355,298,2109,3,150797,21449,64672528,1.21,86.49
2021-06-24,Brazil,212000000,174819,464,2116,7,151219,21484,65046358,1.21,86.5
2021-06-25,Brazil,212000000,175167,348,2121,5,151509,21537,65420187,1.21,86.49
2021-06-26,Brazil,212000000,175533,366,2128,7,151859,21546,65794017,1.21,86.51
2021-06-27,Brazil,212000000,175884,351,2132,4,152133,21619,66167847,1.21,86.5
2021-06-28,Brazil,212000000,176239,355,2137,5,152414,21688,66541676,1.21,86.48
2021-06-29,Brazil,212000000,176567,328,2143,6,152691,21733,66915506,1.21,86.48
2021-06-30,Brazil,212000000,176951,384,2149,6,153032,21770,67289335,1.21,86.48
2021-07-01,Brazil,212000000,177336,385,2155,6,153376,21805,67663165,1.22,86.49
2021-07-02,Brazil,212000000,177779,443,2164,9,153779,21836,68036995,1.22,86.5
2021-07-03,Brazil,212000000,178329,550,2174,10,154294,21861,68410824,1.22,86.52
2021-07-04,Brazil,212000000,178894,565,2184,10,154779,21931,68784654,1.22,86.52
2021-07-05,Brazil,212000000,179124,230,2187,3,154980,21957,69158484,1.22,86.52
2021-07-06,Brazil,212000000,179507,383,2194,7,155289,22024,69532313,1.22,86.51
2021-07-07,Brazil,212000000,179853,346,2199,5,155595,22059,69906143,1.22,86.51
2021-07-08,Brazil,212000000,180223,370,2202,3,155895,22126,70279973,1.22,86.5
2021-07-09,Brazil,212000000,180613,390,2208,6,156241,22164,70653802,1.22,86.51
2021-07-10,Brazil,212000000,180941,328,2214,6,156519,22208,71027632,1.22,86.5
2021-07-11,Brazil,212000000,181329,388,2218,4,156853,22258,71401462,1.22,86.5
2021-07-12,Brazil,212000000,181774,445,2227,9,157224,22323,71775291,1.23,86.49
2021-07-13,Brazil,212000000,182125,351,2233,6,157547,22345,72149121,1.23,86.5
2021-07-14,Brazil,212000000,182401,276,2238,5,157762,22401,72522950,1.23,86.49
2021-07-15,Brazil,212000000,182810,409,2244,6,158105,22461,72896780,1.23,86.49
2021-07-16,Brazil,212000000,183262,452,2252,8,158507,22503,73270610,1.23,86.49
2021-07-17,Brazil,212000000,183550,288,2257,5,158745,22548,73644439,1.23,86.49
2021-07-18,Brazil,212000000,183773,223,2258,1,158941,22574,74018269,1.23,86.49
2021-07-19,Brazil,212000000,184222,449,2265,7,159339,22618,74392099,1.23,86.49
2021-07-20,Brazil,212000000,184624,402,2267,2,159660,22697,74765928,1.23,86.48
2021-07-21,Brazil,212000000,185116,492,2274,7,160068,22774,75139758,1.23,86.47
2021-07-22,Brazil,212000000,185475,359,2279,5,160369,22827,75513588,1.23,86.46
2021-07-23,Brazil,212000000,185794,319,2284,5,160654,22856,75887417,1.23,86.47
2021-07-24,Brazil,212000000,186249,455,2291,7,161061,22897,76261247,1.23,86.48
2021-07-25,Brazil,212000000,186569,320,2295,4,161311,22963,76635077,1.23,86.46
2021-07-26,Brazil,212000000,186880,311,2301,6,161599,22980,77008906,1.23,86.47
2021-07-27,Brazil,212000000,187360,480,2308,7,161995,23057,77382736,1.23,86.46
2021-07-28,Brazil,212000000,187691,331,2312,4,162270,23109,77756565,1.23,86.46
2021-07-29,Brazil,212000000,187993,302,2316,4,162514,23163,78130395,1.23,86.45
2021-07-30,Brazil,212000000,188500,507,2322,6,162966,23212,78504225,1.23,86.45
2021-07-31,Brazil,212000000,188882,382,2326,4,163284,23272,78878054,1.23,86.45
2021-08-01,Brazil,212000000,189247,365,2331,5,163587,23329,79251884,1.23,86.44
2021-08-02,Brazil,212000000,189850,603,2338,7,164066,23446,79625714,1.23,86.42
2021-08-03,Brazil,212000000,190145,295,2343,5,164321,23481,79999543,1.23,86.42
2021-08-04,Brazil,212000000,190579,434,2347,4,164699,23533,80373373,1.23,86.42
2021-08-05,Brazil,212000000,191031,452,2350,3,165132,23549,80747203,1.23,86.44
2021-08-06,Brazil,212000000,191289,258,2353,3,165349,23587,81121032,1.23,86.44
2021-08-07,Brazil,212000000,191605,316,2359,6,165621,23625,81494862,1.23,86.44
2021-08-08,Brazil,212000000,192084,479,2367,8,166003,23714,81868692,1.23,86.42
2021-08-09,Brazil,212000000,192490,406,2370,3,166330,23790,82242521,1.23,86.41
2021-08-10,Brazil,212000000,192913,423,2374,4,166734,23805,82616351,1.23,86.43
2021-08-11,Brazil,212000000,193268,355,2376,2,167036,23856,82990180,1.23,86.43
2021-08-12,Brazil,212000000,193546,278,2380,4,167300,23866,83364010,1.23,86.44
2021-08-13,Brazil,212000000,194024,478,2387,7,167676,23961,83737840,1.23,86.42
2021-08-14,Brazil,212000000,194405,381,2391,4,168012,24002,84111669,1.23,86.42
2021-08-15,Brazil,212000000,194737,332,2394,3,168326,24017,84485499,1.23,86.44
2021-08-16,Brazil,212000000,195071,334,2400,6,168633,24038,84859329,1.23,86.45
2021-08-17,Brazil,212000000,195457,386,2405,5,168951,24101,85233158,1.23,86.44
2021-08-18,Brazil,212000000,195700,243,2408,3,169141,24151,85606988,1.23,86.43
2021-08-19,Brazil,212000000,196050,350,2412,4,169437,24201,85980818,1.23,86.43
2021-08-20,Brazil,212000000,196553,503,2420,8,169900,24233,86354647,1.23,86.44
2021-08-21,Brazil,212000000,196994,441,2424,4,170270,24300,86728477,1.23,86.43
2021-08-22,Brazil,212000000,197448,454,2430,6,170651,24367,87102307,1.23,86.43
2021-08-23,Brazil,212000000,197783,335,2432,2,170936,24415,87476136,1.23,86.43
2021-08-24,Brazil,212000000,198259,476,2442,10,171326,24491,87849966,1.23,86.42
2021-08-25,Brazil,212000000,198572,313,2444,2,171597,24531,88223796,1.23,86.42
2021-08-26,Brazil,212000000,199128,556,2453,9,172082,24593,88597625,1.23,86.42
2021-08-27,Brazil,212000000,199491,363,2455,2,172426,24610,88971455,1.23,86.43
2021-08-28,Brazil,212000000,199933,442,2460,5,172816,24657,89345284,1.23,86.44
2021-08-29,Brazil,212000000,200282,349,2466,6,173096,24720,89719114,1.23,86.43
2021-08-30,Brazil,212000000,200758,476,2471,5,173479,24808,90092944,1.23,86.41
2021-08-31,Brazil,212000000,201114,356,2477,6,173817,24820,90466773,1.23,86.43
2021-09-01,Brazil,212000000,201558,444,2483,6,174206,24869,90840603,1.23,86.43
2021-09-02,Brazil,212000000,201836,278,2486,3,174453,24897,91214433,1.23,86.43
2021-09-03,Brazil,212000000,202204,368,2494,8,174802,24908,91588262,1.23,86.45
2021-09-04,Brazil,212000000,202786,582,2505,11,175297,24984,91962092,1.24,86.44
2021-09-05,Brazil,212000000,203157,371,2512,7,175614,25031,92335922,1.24,86.44
2021-09-06,Brazil,212000000,203691,534,2523,11,176054,25114,92709751,1.24,86.43
2021-09-07,Brazil,212000000,204154,463,2531,8,176458,25165,93083581,1.24,86.43
2021-09-08,Brazil,212000000,204628,474,2538,7,176884,25206,93457411,1.24,86.44
2021-09-09,Brazil,212000000,204984,356,2541,3,177192,25251,93831240,1.24,86.44
2021-09-10,Brazil,212000000,205302,318,2543,2,177495,25264,94205070,1.24,86.46
2021-09-11,Brazil,212000000,205858,556,2550,7,178002,25306,94578899,1.24,86.47
2021-09-12,Brazil,212000000,206157,299,2553,3,178257,25347,94952729,1.24,86.47
2021-09-13,Brazil,212000000,206496,339,2557,4,178554,25385,95326559,1.24,86.47
2021-09-14,Brazil,212000000,206834,338,2561,4,178827,25446,95700388,1.24,86.46
2021-09-15,Brazil,212000000,207249,415,2564,3,179220,25465,96074218,1.24,86.48
2021-09-16,Brazil,212000000,207809,560,2570,6,179748,25491,96448048,1.24,86.5
2021-09-17,Brazil,212000000,208317,508,2578,8,180214,25525,96821877,1.24,86.51
2021-09-18,Brazil,212000000,208768,451,2586,8,180635,25547,97195707,1.24,86.52
2021-09-19,Brazil,212000000,209181,413,2589,3,180977,25615,97569537,1.24,86.52
2021-09-20,Brazil,212000000,209534,353,2595,6,181254,25685,97943366,1.24,86.5
2021-09-21,Brazil,212000000,209893,359,2597,2,181551,25745,98317196,1.24,86.5
2021-09-22,Brazil,212000000,210274,381,2604,7,181886,25784,98691026,1.24,86.5
2021-09-23,Brazil,212000000,210651,377,2606,2,182209,25836,99064855,1.24,86.5
2021-09-24,Brazil,212000000,211013,362,2612,6,182537,25864,99438685,1.24,86.51
2021-09-25,Brazil,212000000,211426,413,2619,7,182913,25894,99812514,1.24,86.51
2021-09-26,Brazil,212000000,211893,467,2622,3,183339,25932,100186344,1.24,86.52
2021-09-27,Brazil,212000000,212359,466,2631,9,183759,25969,100560174,1.24,86.53
2021-09-28,Brazil,212000000,212846,487,2637,6,184191,26018,100934003,1.24,86.54
2021-09-29,Brazil,212000000,213290,444,2643,6,184611,26036,101307833,1.24,86.55
2021-09-30,Brazil,212000000,213728,438,2650,7,185015,26063,101681663,1.24,86.57
2021-10-01,Brazil,212000000,214108,380,2655,5,185373,26080,102055492,1.24,86.58
2021-10-02,Brazil,212000000,214524,416,2659,4,185737,26128,102429322,1.24,86.58
2021-10-03,Brazil,212000000,214961,437,2667,8,186144,26150,102803152,1.24,86.59
2021-10-04,Brazil,212000000,215480,519,2672,5,186632,26176,103176981,1.24,86.61
2021-10-05,Brazil,212000000,216170,690,2686,14,187220,26264,103550811,1.24,86.61
2021-10-06,Brazil,212000000,216596,426,2693,7,187588,26315,103924641,1.24,86.61
2021-10-07,Brazil,212000000,217120,524,2697,4,188084,26339,104298470,1.24,86.63
2021-10-08,Brazil,212000000,217729,609,2704,7,188561,26464,104672300,1.24,86.6
2021-10-09,Brazil,212000000,218154,425,2707,3,188930,26517,105046129,1.24,86.6
2021-10-10,Brazil,212000000,218526,372,2713,6,189266,26547,105419959,1.24,86.61
2021-10-11,Brazil,212000000,219095,569,2722,9,189760,26613,105793789,1.24,86.61
2021-10-12,Brazil,212000000,219548,453,2727,5,190129,26692,106167618,1.24,86.6
2021-10-13,Brazil,212000000,220081,533,2732,5,190548,26801,106541448,1.24,86.58
2021-10-14,Brazil,212000000,220442,361,2735,3,190879,26828,106915278,1.24,86.59
2021-10-15,Brazil,212000000,220963,521,2740,5,191308,26915,107289107,1.24,86.58
2021-10-16,Brazil,212000000,221467,504,2744,4,191742,26981,107662937,1.24,86.58
2021-10-17,Brazil,212000000,221882,415,2749,5,192117,27016,108036767,1.24,86.59
2021-10-18,Brazil,212000000,222452,570,2752,3,192592,27108,108410596,1.24,86.58
2021-10-19,Brazil,212000000,222960,508,2757,5,193001,27202,108784426,1.24,86.56
2021-10-20,Brazil,212000000,223348,388,2762,5,193349,27237,109158256,1.24,86.57
2021-10-21,Brazil,212000000,223730,382,2766,4,193696,27268,109532085,1.24,86.58
2021-10-22,Brazil,212000000,224104,374,2771,5,193989,27344,109905915,1.24,86.56
2021-10-23,Brazil,212000000,224497,393,2773,2,194325,27399,110279745,1.24,86.56
2021-10-24,Brazil,212000000,224975,478,2776,3,194770,27429,110653574,1.23,86.57
2021-10-25,Brazil,212000000,225462,487,2784,8,195203,27475,111027404,1.23,86.58
2021-10-26,Brazil,212000000,225905,443,2788,4,195589,27528,111401233,1.23,86.58
2021-10-27,Brazil,212000000,226495,590,2796,8,196106,27593,111775063,1.23,86.58
2021-10-28,Brazil,212000000,227026,531,2806,10,196603,27617,112148893,1.24,86.6
2021-10-29,Brazil,212000000,227510,484,2815,9,197062,27633,112522722,1.24,86.62
2021-10-30,Brazil,212000000,227964,454,2821,6,197485,27658,112896552,1.24,86.63
2021-10-31,Brazil,212000000,228403,439,2827,6,197886,27690,113270382,1.24,86.64
2021-11-01,Brazil,212000000,228847,444,2834,7,198245,27768,113644211,1.24,86.63
2021-11-02,Brazil,212000000,229277,430,2838,4,198600,27839,114018041,1.24,86.62
2021-11-03,Brazil,212000000,229887,610,2845,7,199136,27906,114391871,1.24,86.62
2021-11-04,Brazil,212000000,230292,405,2848,3,199510,27934,114765700,1.24,86.63
2021-11-05,Brazil,212000000,230918,626,2859,11,200021,28038,115139530,1.24,86.62
2021-11-06,Brazil,212000000,231302,384,2866,7,200363,28073,115513360,1.24,86.62
2021-11-07,Brazil,212000000,231686,384,2874,8,200714,28098,115887189,1.24,86.63
2021-11-08,Brazil,212000000,232146,460,2878,4,201100,28168,116261019,1.24,86.63
2021-11-09,Brazil,212000000,232686,540,2887,9,201564,28235,116634848,1.24,86.62
2021-11-10,Brazil,212000000,233262,576,2897,10,202053,28312,117008678,1.24,86.62
2021-11-11,Brazil,212000000,233800,538,2908,11,202502,28390,117382508,1.24,86.61
2021-11-12,Brazil,212000000,234191,391,2913,5,202854,28424,117756337,1.24,86.62
2021-11-13,Brazil,212000000,234797,606,2924,11,203333,28540,118130167,1.25,86.6
2021-11-14,Brazil,212000000,235298,501,2935,11,203791,28572,118503997,1.25,86.61
2021-11-15,Brazil,212000000,235821,523,2945,10,204209,28667,118877826,1.25,86.59
2021-11-16,Brazil,212000000,236396,575,2951,6,204748,28697,119251656,1.25,86.61
2021-11-17,Brazil,212000000,236935,539,2955,4,205251,28729,119625486,1.25,86.63
2021-11-18,Brazil,212000000,237467,532,2964,9,205715,28788,119999315,1.25,86.63
2021-11-19,Brazil,212000000,237932,465,2968,4,206101,28863,120373145,1.25,86.62
2021-11-20,Brazil,212000000,238542,610,2976,8,206635,28931,120746975,1.25,86.62
2021-11-21,Brazil,212000000,239086,544,2984,8,207135,28967,121120804,1.25,86.64
2021-11-22,Brazil,212000000,239633,547,2988,4,207566,29079,121494634,1.25,86.62
2021-11-23,Brazil,212000000,240202,569,2995,7,208099,29108,121868463,1.25,86.63
2021-11-24,Brazil,212000000,240608,406,2999,4,208416,29193,122242293,1.25,86.62
2021-11-25,Brazil,212000000,241163,555,3005,6,208902,29256,122616123,1.25,86.62
2021-11-26,Brazil,212000000,241524,361,3012,7,209242,29270,122989952,1.25,86.63
2021-11-27,Brazil,212000000,241992,468,3018,6,209686,29288,123363782,1.25,86.65
2021-11-28,Brazil,212000000,242354,362,3025,7,209983,29346,123737612,1.25,86.64
2021-11-29,Brazil,212000000,242782,428,3027,2,210317,29438,124111441,1.25,86.63
2021-11-30,Brazil,212000000,243418,636,3035,8,210868,29515,124485271,1.25,86.63
2021-12-01,Brazil,212000000,243957,539,3040,5,211304,29613,124859101,1.25,86.62
2021-12-02,Brazil,212000000,244314,357,3044,4,211597,29673,125232930,1.25,86.61
2021-12-03,Brazil,212000000,244695,381,3049,5,211904,29742,125606760,1.25,86.6
2021-12-04,Brazil,212000000,245200,505,3057,8,212366,29777,125980590,1.25,86.61
2021-12-05,Brazil,212000000,245683,483,3060,3,212794,29829,126354419,1.25,86.61
2021-12-06,Brazil,212000000,246093,410,3064,4,213152,29877,126728249,1.25,86.61
2021-12-07,Brazil,212000000,246660,567,3072,8,213653,29935,127102078,1.25,86.62
2021-12-08,Brazil,212000000,247153,493,3078,6,214121,29954,127475908,1.25,86.63
2021-12-09,Brazil,212000000,247582,429,3086,8,214489,30007,127849738,1.25,86.63
2021-12-10,Brazil,212000000,248161,579,3097,11,215026,30038,128223567,1.25,86.65
2021-12-11,Brazil,212000000,248704,543,3102,5,215478,30124,128597397,1.25,86.64
2021-12-12,Brazil,212000000,249117,413,3106,4,215854,30157,128971227,1.25,86.65
2021-12-13,Brazil,212000000,249537,420,3109,3,216199,30229,129345056,1.25,86.64
2021-12-14,Brazil,212000000,250073,536,3115,6,216662,30296,129718886,1.25,86.64
2021-12-15,Brazil,212000000,250481,408,3119,4,217013,30349,130092716,1.25,86.64
2021-12-16,Brazil,212000000,251081,600,3128,9,217496,30457,130466545,1.25,86.62
2021-12-17,Brazil,212000000,251596,515,3133,5,217932,30531,130840375,1.25,86.62
2021-12-18,Brazil,212000000,252055,459,3142,9,218344,30569,131214205,1.25,86.63
2021-12-19,Brazil,212000000,252664,609,3145,3,218899,30620,131588034,1.24,86.64
2021-12-20,Brazil,212000000,253058,394,3150,5,219263,30645,131961864,1.24,86.65
2021-12-21,Brazil,212000000,253541,483,3155,5,219680,30706,132335694,1.24,86.64
2021-12-22,Brazil,212000000,254105,564,3164,9,220209,30732,132709523,1.25,86.66
2021-12-23,Brazil,212000000,254554,449,3167,3,220568,30819,133083353,1.24,86.65
2021-12-24,Brazil,212000000,255089,535,3172,5,221044,30873,133457182,1.24,86.65
2021-12-25,Brazil,212000000,255568,479,3175,3,221447,30946,133831012,1.24,86.65
2021-12-26,Brazil,212000000,255884,316,3177,2,221730,30977,134204842,1.24,86.65
2021-12-27,Brazil,212000000,256324,440,3182,5,222148,30994,134578671,1.24,86.67
2021-12-28,Brazil,212000000,256589,265,3184,2,222379,31026,134952501,1.24,86.67
2021-12-29,Brazil,212000000,257097,508,3194,10,222809,31094,135326331,1.24,86.66
2021-12-30,Brazil,212000000,257732,635,3202,8,223314,31216,135700160,1.24,86.65
2021-12-31,Brazil,212000000,258089,357,3205,3,223627,31257,136073990,1.24,86.65
2022-01-01,Brazil,212000000,258629,540,3212,7,224055,31362,136447820,1.24,86.63
2022-01-02,Brazil,212000000,259181,552,3216,4,224532,31433,136821649,1.24,86.63
2022-01-03,Brazil,212000000,259789,608,3226,10,225064,31499,137195479,1.24,86.63
2022-01-04,Brazil,212000000,260136,347,3231,5,225393,31512,137569309,1.24,86.64
2022-01-05,Brazil,212000000,260526,390,3237,6,225702,31587,137943138,1.24,86.63
2022-01-06,Brazil,212000000,261076,550,3241,4,226228,31607,138316968,1.24,86.65
2022-01-07,Brazil,212000000,261528,452,3250,9,226586,31692,138690797,1.24,86.64
2022-01-08,Brazil,212000000,261971,443,3258,8,226964,31749,139064627,1.24,86.64
2022-01-09,Brazil,212000000,262479,508,3264,6,227418,31797,139438457,1.24,86.64
2022-01-10,Brazil,212000000,262842,363,3268,4,227723,31851,139812286,1.24,86.64
2022-01-11,Brazil,212000000,263327,485,3274,6,228130,31923,140186116,1.24,86.63
2022-01-12,Brazil,212000000,263776,449,3283,9,228489,32004,140559946,1.24,86.62
2022-01-13,Brazil,212000000,264186,410,3291,8,228862,32033,140933775,1.25,86.63
2022-01-14,Brazil,212000000,264762,576,3302,11,229322,32138,141307605,1.25,86.61
2022-01-15,Brazil,212000000,265328,566,3309,7,229834,32185,141681435,1.25,86.62
2022-01-16,Brazil,212000000,265878,550,3312,3,230331,32235,142055264,1.25,86.63
2022-01-17,Brazil,212000000,266346,468,3318,6,230727,32301,142429094,1.25,86.63
2022-01-18,Brazil,212000000,266889,543,3328,10,231199,32362,142802924,1.25,86.63
2022-01-19,Brazil,212000000,267222,333,3334,6,231482,32406,143176753,1.25,86.63
2022-01-20,Brazil,212000000,267648,426,3338,4,231869,32441,143550583,1.25,86.63
2022-01-21,Brazil,212000000,268044,396,3345,7,232181,32518,143924412,1.25,86.62
2022-01-22,Brazil,212000000,268424,380,3350,5,232487,32587,144298242,1.25,86.61
2022-01-23,Brazil,212000000,268791,367,3352,2,232835,32604,144672072,1.25,86.62
2022-01-24,Brazil,212000000,269182,391,3356,4,233165,32661,145045901,1.25,86.62
2022-01-25,Brazil,212000000,269648,466,3364,8,233571,32713,145419731,1.25,86.62
2022-01-26,Brazil,212000000,270103,455,3369,5,233947,32787,145793561,1.25,86.61
2022-01-27,Brazil,212000000,270483,380,3373,4,234277,32833,146167390,1.25,86.61
2022-01-28,Brazil,212000000,270821,338,3377,4,234541,32903,146541220,1.25,86.6
2022-01-29,Brazil,212000000,271187,366,3383,6,234837,32967,146915050,1.25,86.6
2022-01-30,Brazil,212000000,271613,426,3390,7,235231,32992,147288879,1.25,86.61
2022-01-31,Brazil,212000000,272000,387,3395,5,235547,33058,147662709,1.25,86.6
2022-02-01,Brazil,212000000,272483,483,3399,4,236002,33082,148036539,1.25,86.61
2022-02-02,Brazil,212000000,272978,495,3402,3,236475,33101,148410368,1.25,86.63
2022-02-03,Brazil,212000000,273417,439,3411,9,236874,33132,148784198,1.25,86.63
2022-02-04,Brazil,212000000,273885,468,3415,4,237276,33194,149158027,1.25,86.63
2022-02-05,Brazil,212000000,274275,390,3421,6,237607,33247,149531857,1.25,86.63
2022-02-06,Brazil,212000000,274629,354,3424,3,237921,33284,149905687,1.25,86.63
2022-02-07,Brazil,212000000,274956,327,3429,5,238182,33345,150279516,1.25,86.63
2022-02-08,Brazil,212000000,275326,370,3435,6,238489,33402,150653346,1.25,86.62
2022-02-09,Brazil,212000000,275715,389,3437,2,238826,33452,151027176,1.25,86.62
2022-02-10,Brazil,212000000,276082,367,3442,5,239133,33507,151401005,1.25,86.62
2022-02-11,Brazil,212000000,276448,366,3448,6,239470,33530,151774835,1.25,86.62
2022-02-12,Brazil,212000000,276772,324,3452,4,239757,33563,152148665,1.25,86.63
2022-02-13,Brazil,212000000,277113,341,3454,2,240038,33621,152522494,1.25,86.62
2022-02-14,Brazil,212000000,277436,323,3457,3,240320,33659,152896324,1.25,86.62
2022-02-15,Brazil,212000000,277860,424,3460,3,240699,33701,153270154,1.25,86.63
2022-02-16,Brazil,212000000,278241,381,3467,7,241034,33740,153643983,1.25,86.63
2022-02-17,Brazil,212000000,278560,319,3469,2,241300,33791,154017813,1.25,86.62
2022-02-18,Brazil,212000000,278875,315,3474,5,241548,33853,154391643,1.25,86.62
2022-02-19,Brazil,212000000,279292,417,3481,7,241907,33904,154765472,1.25,86.61
2022-02-20,Brazil,212000000,279598,306,3486,5,242167,33945,155139302,1.25,86.61
2022-02-21,Brazil,212000000,279939,341,3491,5,242491,33957,155513131,1.25,86.62
2022-02-22,Brazil,212000000,280233,294,3493,2,242747,33993,155886961,1.25,86.62
2022-02-23,Brazil,212000000,280596,363,3495,2,243050,34051,156260791,1.25,86.62
2022-02-24,Brazil,212000000,280840,244,3499,4,243264,34077,156634620,1.25,86.62
2022-02-25,Brazil,212000000,281095,255,3501,2,243480,34114,157008450,1.25,86.62
2022-02-26,Brazil,212000000,281419,324,3507,6,243789,34123,157382280,1.25,86.63
2022-02-27,Brazil,212000000,281658,239,3511,4,243993,34154,157756109,1.25,86.63
2022-02-28,Brazil,212000000,281935,277,3515,4,244220,34200,158129939,1.25,86.62
2022-03-01,Brazil,212000000,282289,354,3521,6,244545,34223,158503769,1.25,86.63
2022-03-02,Brazil,212000000,282745,456,3525,4,244959,34261,158877598,1.25,86.64
2022-03-03,Brazil,212000000,283047,302,3527,2,245194,34326,159251428,1.25,86.63
2022-03-04,Brazil,212000000,283453,406,3532,5,245536,34385,159625258,1.25,86.62
2022-03-05,Brazil,212000000,283712,259,3537,5,245750,34425,159999087,1.25,86.62
2022-03-06,Brazil,212000000,284053,341,3540,3,246045,34468,160372917,1.25,86.62
2022-03-07,Brazil,212000000,284300,247,3542,2,246245,34513,160746746,1.25,86.61
2022-03-08,Brazil,212000000,284621,321,3547,5,246539,34535,161120576,1.25,86.62
2022-03-09,Brazil,212000000,285061,440,3554,7,246893,34614,161494406,1.25,86.61
2022-03-10,Brazil,212000000,285359,298,3560,6,247169,34630,161868235,1.25,86.62
2022-03-11,Brazil,212000000,285642,283,3562,2,247396,34684,162242065,1.25,86.61
2022-03-12,Brazil,212000000,285924,282,3567,5,247639,34718,162615895,1.25,86.61
2022-03-13,Brazil,212000000,286273,349,3572,5,247954,34747,162989724,1.25,86.61
2022-03-14,Brazil,212000000,286625,352,3574,2,248248,34803,163363554,1.25,86.61
2022-03-15,Brazil,212000000,286871,246,3578,4,248474,34819,163737384,1.25,86.62
2022-03-16,Brazil,212000000,287222,351,3581,3,248750,34891,164111213,1.25,86.61
2022-03-17,Brazil,212000000,287508,286,3583,2,248998,34927,164485043,1.25,86.61
2022-03-18,Brazil,212000000,287832,324,3588,5,249263,34981,164858873,1.25,86.6
2022-03-19,Brazil,212000000,288079,247,3593,5,249464,35022,165232702,1.25,86.6
2022-03-20,Brazil,212000000,288327,248,3596,3,249698,35033,165606532,1.25,86.6
2022-03-21,Brazil,212000000,288643,316,3601,5,250000,35042,165980361,1.25,86.61
2022-03-22,Brazil,212000000,288869,226,3603,2,250207,35059,166354191,1.25,86.62
2022-03-23,Brazil,212000000,289101,232,3605,2,250421,35075,166728021,1.25,86.62
2022-03-24,Brazil,212000000,289353,252,3608,3,250641,35104,167101850,1.25,86.62
2022-03-25,Brazil,212000000,289560,207,3610,2,250828,35122,167475680,1.25,86.62
2022-03-26,Brazil,212000000,289904,344,3617,7,251129,35158,167849510,1.25,86.62
2022-03-27,Brazil,212000000,290161,257,3619,2,251352,35190,168223339,1.25,86.63
2022-03-28,Brazil,212000000,290434,273,3620,1,251577,35237,168597169,1.25,86.62
2022-03-29,Brazil,212000000,290681,247,3622,2,251792,35267,168970999,1.25,86.62
2022-03-30,Brazil,212000000,290941,260,3625,3,252038,35278,169344828,1.25,86.63
2022-03-31,Brazil,212000000,291154,213,3629,4,252234,35291,169718658,1.25,86.63
2022-04-01,Brazil,212000000,291506,352,3632,3,252516,35358,170092488,1.25,86.62
2022-04-02,Brazil,212000000,291788,282,3637,5,252773,35378,170466317,1.25,86.63
2022-04-03,Brazil,212000000,292138,350,3642,5,253108,35388,170840147,1.25,86.64
2022-04-04,Brazil,212000000,292343,205,3645,3,253277,35421,171213976,1.25,86.64
2022-04-05,Brazil,212000000,292590,247,3649,4,253512,35429,171587806,1.25,86.64
2022-04-06,Brazil,212000000,292868,278,3652,3,253747,35469,171961636,1.25,86.64
2022-04-07,Brazil,212000000,293188,320,3655,3,254033,35500,172335465,1.25,86.65
2022-04-08,Brazil,212000000,293460,272,3657,2,254269,35534,172709295,1.25,86.65
2022-04-09,Brazil,212000000,293745,285,3662,5,254515,35568,173083125,1.25,86.64
2022-04-10,Brazil,212000000,294049,304,3667,5,254774,35608,173456954,1.25,86.64
2022-04-11,Brazil,212000000,294285,236,3671,4,254964,35650,173830784,1.25,86.64
2022-04-12,Brazil,212000000,294546,261,3675,4,255207,35664,174204614,1.25,86.64
2022-04-13,Brazil,212000000,294734,188,3679,4,255363,35692,174578443,1.25,86.64
2022-04-14,Brazil,212000000,294930,196,3681,2,255545,35704,174952273,1.25,86.65
2022-04-15,Brazil,212000000,295161,231,3683,2,255749,35729,175326103,1.25,86.65
2022-04-16,Brazil,212000000,295481,320,3689,6,256001,35791,175699932,1.25,86.64
2022-04-17,Brazil,212000000,295695,214,3692,3,256201,35802,176073762,1.25,86.64
2022-04-18,Brazil,212000000,295875,180,3694,2,256352,35829,176447592,1.25,86.64
2022-04-19,Brazil,212000000,296080,205,3695,1,256543,35842,176821421,1.25,86.65
2022-04-20,Brazil,212000000,296314,234,3699,4,256754,35861,177195251,1.25,86.65
2022-04-21,Brazil,212000000,296517,203,3700,1,256927,35890,177569080,1.25,86.65
2022-04-22,Brazil,212000000,296697,180,3702,2,257075,35920,177942910,1.25,86.65
2022-04-23,Brazil,212000000,296866,169,3703,1,257225,35938,178316740,1.25,86.65
2022-04-24,Brazil,212000000,297117,251,3706,3,257439,35972,178690569,1.25,86.65
2022-04-25,Brazil,212000000,297282,165,3708,2,257578,35996,179064399,1.25,86.64
2022-04-26,Brazil,212000000,297497,215,3712,4,257752,36033,179438229,1.25,86.64
2022-04-27,Brazil,212000000,297695,198,3714,2,257931,36050,179812058,1.25,86.64
2022-04-28,Brazil,212000000,297915,220,3715,1,258131,36069,180185888,1.25,86.65
2022-04-29,Brazil,212000000,298130,215,3718,3,258330,36082,180559718,1.25,86.65
2022-04-30,Brazil,212000000,298279,149,3720,2,258470,36089,180933547,1.25,86.65
2022-05-01,Brazil,212000000,298444,165,3722,2,258623,36099,181307377,1.25,86.66
2022-05-02,Brazil,212000000,298590,146,3725,3,258740,36125,181681207,1.25,86.65
2022-05-03,Brazil,212000000,298846,256,3727,2,258941,36178,182055036,1.25,86.65
2022-05-04,Brazil,212000000,298971,125,3729,2,259052,36190,182428866,1.25,86.65
2022-05-05,Brazil,212000000,299124,153,3731,2,259185,36208,182802695,1.25,86.65
2022-05-06,Brazil,212000000,299286,162,3734,3,259335,36217,183176525,1.25,86.65
2022-05-07,Brazil,212000000,299425,139,3736,2,259464,36225,183550355,1.25,86.65
2022-05-08,Brazil,212000000,299579,154,3736,0,259592,36251,183924184,1.25,86.65
2022-05-09,Brazil,212000000,299728,149,3737,1,259720,36271,184298014,1.25,86.65
2022-05-10,Brazil,212000000,299908,180,3740,3,259890,36278,184671844,1.25,86.66
2022-05-11,Brazil,212000000,300073,165,3741,1,260019,36313,185045673,1.25,86.65
2022-05-12,Brazil,212000000,300194,121,3742,1,260120,36332,185419503,1.25,86.65
2022-05-13,Brazil,212000000,300372,178,3743,1,260275,36354,185793333,1.25,86.65
2022-05-14,Brazil,212000000,300536,164,3745,2,260414,36377,186167162,1.25,86.65
2022-05-15,Brazil,212000000,300623,87,3745,0,260484,36394,186540992,1.25,86.65
2022-05-16,Brazil,212000000,300803,180,3748,3,260646,36409,186914822,1.25,86.65
2022-05-17,Brazil,212000000,300925,122,3749,1,260754,36422,186914822,1.25,86.65
2022-05-18,Brazil,212000000,301049,124,3750,1,260861,36438,186914822,1.25,86.65
2022-05-19,Brazil,212000000,301272,223,3753,3,261063,36456,186914822,1.25,86.65
2022-05-20,Brazil,212000000,301414,142,3754,1,261175,36485,186914822,1.25,86.65
2022-05-21,Brazil,212000000,301536,122,3756,2,261291,36489,186914822,1.25,86.65
2022-05-22,Brazil,212000000,301665,129,3757,1,261402,36506,186914822,1.25,86.65
2022-05-23,Brazil,212000000,301779,114,3759,2,261510,36510,186914822,1.25,86.66
2022-05-24,Brazil,212000000,301877,98,3760,1,261591,36526,186914822,1.25,86.65
2022-05-25,Brazil,212000000,302035,158,3763,3,261738,36534,186914822,1.25,86.66
2022-05-26,Brazil,212000000,302122,87,3763,0,261806,36553,186914822,1.25,86.66
2022-05-27,Brazil,212000000,302257,135,3765,2,261922,36570,186914822,1.25,86.66
2022-05-28,Brazil,212000000,302369,112,3767,2,262011,36591,186914822,1.25,86.65
2022-05-29,Brazil,212000000,302450,81,3768,1,262087,36595,186914822,1.25,86.65
2022-05-30,Brazil,212000000,302563,113,3769,1,262182,36612,186914822,1.25,86.65
2022-05-31,Brazil,212000000,302689,126,3770,1,262284,36635,186914822,1.25,86.65
2022-06-01,Brazil,212000000,302790,101,3772,2,262363,36655,186914822,1.25,86.65
2022-06-02,Brazil,212000000,302960,170,3774,2,262518,36668,186914822,1.25,86.65
2022-06-03,Brazil,212000000,303077,117,3776,2,262628,36673,186914822,1.25,86.65
2022-06-04,Brazil,212000000,303189,112,3777,1,262725,36687,186914822,1.25,86.65
2022-06-05,Brazil,212000000,303287,98,3777,0,262804,36706,186914822,1.25,86.65
2022-06-06,Brazil,212000000,303385,98,3777,0,262896,36712,186914822,1.24,86.65
2022-06-07,Brazil,212000000,303492,107,3778,1,262979,36735,186914822,1.24,86.65
2022-06-08,Brazil,212000000,303606,114,3780,2,263085,36741,186914822,1.25,86.65
2022-06-09,Brazil,212000000,303709,103,3781,1,263181,36747,186914822,1.24,86.66
2022-06-10,Brazil,212000000,303819,110,3782,1,263277,36760,186914822,1.24,86.66
2022-06-11,Brazil,212000000,303907,88,3783,1,263357,36767,186914822,1.24,86.66
2022-06-12,Brazil,212000000,303992,85,3784,1,263426,36782,186914822,1.24,86.66
2022-06-13,Brazil,212000000,304100,108,3785,1,263520,36795,186914822,1.24,86.66
2022-06-14,Brazil,212000000,304188,88,3786,1,263595,36807,186914822,1.24,86.66
2022-06-15,Brazil,212000000,304278,90,3786,0,263669,36823,186914822,1.24,86.65
2022-06-16,Brazil,212000000,304392,114,3786,0,263769,36837,186914822,1.24,86.65
2022-06-17,Brazil,212000000,304469,77,3787,1,263838,36844,186914822,1.24,86.66
2022-06-18,Brazil,212000000,304546,77,3788,1,263905,36853,186914822,1.24,86.66
2022-06-19,Brazil,212000000,304636,90,3788,0,263991,36857,186914822,1.24,86.66
2022-06-20,Brazil,212000000,304735,99,3789,1,264071,36875,186914822,1.24,86.66
2022-06-21,Brazil,212000000,304805,70,3790,1,264133,36882,186914822,1.24,86.66
2022-06-22,Brazil,212000000,304882,77,3791,1,264202,36889,186914822,1.24,86.66
2022-06-23,Brazil,212000000,304952,70,3792,1,264265,36895,186914822,1.24,86.66
2022-06-24,Brazil,212000000,305027,75,3792,0,264333,36902,186914822,1.24,86.66
2022-06-25,Brazil,212000000,305092,65,3792,0,264388,36912,186914822,1.24,86.66
2022-06-26,Brazil,212000000,305156,64,3793,1,264447,36916,186914822,1.24,86.66
2022-06-27,Brazil,212000000,305246,90,3794,1,264521,36931,186914822,1.24,86.66
2022-06-28,Brazil,212000000,305297,51,3794,0,264569,36934,186914822,1.24,86.66
2022-06-29,Brazil,212000000,305368,71,3794,0,264633,36941,186914822,1.24,86.66
2022-06-30,Brazil,212000000,305436,68,3794,0,264689,36953,186914822,1.24,86.66
2022-07-01,Brazil,212000000,305482,46,3794,0,264727,36961,186914822,1.24,86.66
2022-07-02,Brazil,212000000,305548,66,3794,0,264786,36968,186914822,1.24,86.66
2022-07-03,Brazil,212000000,305602,54,3794,0,264829,36979,186914822,1.24,86.66
2022-07-04,Brazil,212000000,305664,62,3794,0,264878,36992,186914822,1.24,86.66
2022-07-05,Brazil,212000000,305730,66,3795,1,264930,37005,186914822,1.24,86.65
2022-07-06,Brazil,212000000,305787,57,3796,1,264979,37012,186914822,1.24,86.65
2022-07-07,Brazil,212000000,305849,62,3797,1,265038,37014,186914822,1.24,86.66
2022-07-08,Brazil,212000000,305919,70,3797,0,265100,37022,186914822,1.24,86.66
2022-07-09,Brazil,212000000,305970,51,3797,0,265140,37033,186914822,1.24,86.66
2022-07-10,Brazil,212000000,306025,55,3797,0,265188,37040,186914822,1.24,86.66
2022-07-11,Brazil,212000000,306075,50,3797,0,265235,37043,186914822,1.24,86.66
2022-07-12,Brazil,212000000,306129,54,3797,0,265283,37049,186914822,1.24,86.66
2022-07-13,Brazil,212000000,306188,59,3797,0,265338,37053,186914822,1.24,86.66
2022-07-14,Brazil,212000000,306246,58,3797,0,265392,37057,186914822,1.24,86.66
2022-07-15,Brazil,212000000,306289,43,3797,0,265431,37061,186914822,1.24,86.66
2022-07-16,Brazil,212000000,306330,41,3797,0,265464,37069,186914822,1.24,86.66
2022-07-17,Brazil,212000000,306381,51,3797,0,265508,37076,186914822,1.24,86.66
2022-07-18,Brazil,212000000,306426,45,3797,0,265546,37083,186914822,1.24,86.66
2022-07-19,Brazil,212000000,306479,53,3797,0,265591,37091,186914822,1.24,86.66
2022-07-20,Brazil,212000000,306523,44,3797,0,265629,37097,186914822,1.24,86.66
2022-07-21,Brazil,212000000,306578,55,3797,0,265676,37105,186914822,1.24,86.66
2022-07-22,Brazil,212000000,306604,26,3797,0,265697,37110,186914822,1.24,86.66
2022-07-23,Brazil,212000000,306664,60,3798,1,265751,37115,186914822,1.24,86.66
2022-07-24,Brazil,212000000,306698,34,3798,0,265779,37121,186914822,1.24,86.66
2022-07-25,Brazil,212000000,306751,53,3798,0,265828,37125,186914822,1.24,86.66
2022-07-26,Brazil,212000000,306782,31,3798,0,265853,37131,186914822,1.24,86.66
2022-07-27,Brazil,212000000,306823,41,3798,0,265885,37140,186914822,1.24,86.66
2022-07-28,Brazil,212000000,306855,32,3798,0,265911,37146,186914822,1.24,86.66
2022-07-29,Brazil,212000000,306893,38,3798,0,265942,37153,186914822,1.24,86.66
2022-07-30,Brazil,212000000,306932,39,3798,0,265976,37158,186914822,1.24,86.66
2022-07-31,Brazil,212000000,306964,32,3798,0,266001,37165,186914822,1.24,86.66
2022-08-01,Brazil,212000000,306994,30,3798,0,266028,37168,186914822,1.24,86.66
2022-08-02,Brazil,212000000,307030,36,3798,0,266056,37176,186914822,1.24,86.65
2022-08-03,Brazil,212000000,307064,34,3798,0,266088,37178,186914822,1.24,86.66
2022-08-04,Brazil,212000000,307100,36,3798,0,266119,37183,186914822,1.24,86.66
2022-08-05,Brazil,212000000,307140,40,3798,0,266155,37187,186914822,1.24,86.66
2022-08-06,Brazil,212000000,307183,43,3798,0,266190,37195,186914822,1.24,86.66
2022-08-07,Brazil,212000000,307216,33,3798,0,266218,37200,186914822,1.24,86.65
2022-08-08,Brazil,212000000,307251,35,3798,0,266250,37203,186914822,1.24,86.66
2022-08-09,Brazil,212000000,307278,27,3798,0,266274,37206,186914822,1.24,86.66
2022-08-10,Brazil,212000000,307312,34,3798,0,266303,37211,186914822,1.24,86.66
2022-08-11,Brazil,212000000,307337,25,3798,0,266324,37215,186914822,1.24,86.66
2022-08-12,Brazil,212000000,307359,22,3798,0,266341,37220,186914822,1.24,86.65
2022-08-13,Brazil,212000000,307382,23,3798,0,266363,37221,186914822,1.24,86.66
2022-08-14,Brazil,212000000,307411,29,3798,0,266388,37225,186914822,1.24,86.66
2022-08-15,Brazil,212000000,307436,25,3798,0,266411,37227,186914822,1.24,86.66
2022-08-16,Brazil,212000000,307462,26,3798,0,266434,37230,186914822,1.24,86.66
2022-08-17,Brazil,212000000,307484,22,3798,0,266454,37232,186914822,1.24,86.66
2022-08-18,Brazil,212000000,307508,24,3798,0,266474,37236,186914822,1.24,86.66
2022-08-19,Brazil,212000000,307529,21,3798,0,266491,37240,186914822,1.24,86.66
2022-08-20,Brazil,212000000,307553,24,3798,0,266513,37242,186914822,1.23,86.66
2022-08-21,Brazil,212000000,307575,22,3798,0,266532,37245,186914822,1.23,86.66
2022-08-22,Brazil,212000000,307595,20,3798,0,266549,37248,186914822,1.23,86.66
2022-08-23,Brazil,212000000,307621,26,3798,0,266573,37250,186914822,1.23,86.66
2022-08-24,Brazil,212000000,307641,20,3798,0,266590,37253,186914822,1.23,86.66
2022-08-25,Brazil,212000000,307658,17,3798,0,266604,37256,186914822,1.23,86.66
2022-08-26,Brazil,212000000,307677,19,3798,0,266621,37258,186914822,1.23,86.66
2022-08-27,Brazil,212000000,307705,28,3798,0,266643,37264,186914822,1.23,86.66
2022-08-28,Brazil,212000000,307723,18,3798,0,266657,37268,186914822,1.23,86.65
2022-08-29,Brazil,212000000,307742,19,3798,0,266674,37270,186914822,1.23,86.66
2022-08-30,Brazil,212000000,307761,19,3798,0,266692,37271,186914822,1.23,86.66
2022-08-31,Brazil,212000000,307778,17,3798,0,266708,37272,186914822,1.23,86.66
2022-09-01,Brazil,212000000,307795,17,3798,0,266722,37275,186914822,1.23,86.66
2022-09-02,Brazil,212000000,307811,16,3798,0,266736,37277,186914822,1.23,86.66
2022-09-03,Brazil,212000000,307828,17,3798,0,266752,37278,186914822,1.23,86.66
2022-09-04,Brazil,212000000,307840,12,3798,0,266761,37281,186914822,1.23,86.66
2022-09-05,Brazil,212000000,307854,14,3798,0,266773,37283,186914822,1.23,86.66
2022-09-06,Brazil,212000000,307865,11,3798,0,266782,37285,186914822,1.23,86.66
2022-09-07,Brazil,212000000,307877,12,3798,0,266791,37288,186914822,1.23,86.66
2022-09-08,Brazil,212000000,307892,15,3798,0,266803,37291,186914822,1.23,86.65
2022-09-09,Brazil,212000000,307902,10,3798,0,266811,37293,186914822,1.23,86.65
2022-09-10,Brazil,212000000,307913,11,3798,0,266819,37296,186914822,1.23,86.65
2022-09-11,Brazil,212000000,307927,14,3798,0,266831,37298,186914822,1.23,86.65
2022-09-12,Brazil,212000000,307940,13,3798,0,266842,37300,186914822,1.23,86.65
2022-09-13,Brazil,212000000,307960,20,3798,0,266857,37305,186914822,1.23,86.65
2022-09-14,Brazil,212000000,307971,11,3798,0,266866,37307,186914822,1.23,86.65
2022-09-15,Brazil,212000000,307981,10,3798,0,266875,37308,186914822,1.23,86.65
2022-09-16,Brazil,212000000,307992,11,3798,0,266885,37309,186914822,1.23,86.65
2022-09-17,Brazil,212000000,308006,14,3798,0,266897,37311,186914822,1.23,86.65
2022-09-18,Brazil,212000000,308016,10,3798,0,266905,37313,186914822,1.23,86.65
2022-09-19,Brazil,212000000,308027,11,3798,0,266915,37314,186914822,1.23,86.65
2022-09-20,Brazil,212000000,308039,12,3798,0,266924,37317,186914822,1.23,86.65
2022-09-21,Brazil,212000000,308052,13,3798,0,266935,37319,186914822,1.23,86.65
2022-09-22,Brazil,212000000,308062,10,3798,0,266943,37321,186914822,1.23,86.65
2022-09-23,Brazil,212000000,308071,9,3798,0,266951,37322,186914822,1.23,86.65
2022-09-24,Brazil,212000000,308080,9,3798,0,266959,37323,186914822,1.23,86.65
2022-09-25,Brazil,212000000,308093,13,3798,0,266969,37326,186914822,1.23,86.65
2022-09-26,Brazil,212000000,308103,10,3798,0,266977,37328,186914822,1.23,86.65
2022-09-27,Brazil,212000000,308112,9,3798,0,266984,37330,186914822,1.23,86.65
2022-09-28,Brazil,212000000,308124,12,3798,0,266993,37333,186914822,1.23,86.65
2022-09-29,Brazil,212000000,308131,7,3798,0,266999,37334,186914822,1.23,86.65
2022-09-30,Brazil,212000000,308138,7,3798,0,267005,37335,186914822,1.23,86.65
2022-10-01,Brazil,212000000,308145,7,3798,0,267011,37336,186914822,1.23,86.65
2022-10-02,Brazil,212000000,308153,8,3798,0,267018,37337,186914822,1.23,86.65
2022-10-03,Brazil,212000000,308160,7,3798,0,267023,37339,186914822,1.23,86.65
2022-10-04,Brazil,212000000,308166,6,3798,0,267028,37340,186914822,1.23,86.65
2022-10-05,Brazil,212000000,308174,8,3798,0,267034,37342,186914822,1.23,86.65
2022-10-06,Brazil,212000000,308180,6,3798,0,267038,37344,186914822,1.23,86.65
2022-10-07,Brazil,212000000,308186,6,3798,0,267043,37345,186914822,1.23,86.65
2022-10-08,Brazil,212000000,308192,6,3798,0,267048,37346,186914822,1.23,86.65
2022-10-09,Brazil,212000000,308197,5,3798,0,267052,37347,186914822,1.23,86.65
2022-10-10,Brazil,212000000,308202,5,3798,0,267056,37348,186914822,1.23,86.65
2022-10-11,Brazil,212000000,308208,6,3798,0,267060,37350,186914822,1.23,86.65
2022-10-12,Brazil,212000000,308214,6,3798,0,267065,37351,186914822,1.23,86.65
2022-10-13,Brazil,212000000,308219,5,3798,0,267069,37352,186914822,1.23,86.65
2022-10-14,Brazil,212000000,308227,8,3798,0,267076,37353,186914822,1.23,86.65
2022-10-15,Brazil,212000000,308231,4,3798,0,267079,37354,186914822,1.23,86.65
2022-10-16,Brazil,212000000,308236,5,3798,0,267083,37355,186914822,1.23,86.65
2022-10-17,Brazil,212000000,308241,5,3798,0,267087,37356,186914822,1.23,86.65
2022-10-18,Brazil,212000000,308246,5,3798,0,267091,37357,186914822,1.23,86.65
2022-10-19,Brazil,212000000,308252,6,3798,0,267096,37358,186914822,1.23,86.65
2022-10-20,Brazil,212000000,308256,4,3798,0,267099,37359,186914822,1.23,86.65
2022-10-21,Brazil,212000000,308260,4,3798,0,267102,37360,186914822,1.23,86.65
2022-10-22,Brazil,212000000,308263,3,3798,0,267104,37361,186914822,1.23,86.65
2022-10-23,Brazil,212000000,308266,3,3798,0,267106,37362,186914822,1.23,86.65
2022-10-24,Brazil,212000000,308269,3,3798,0,267108,37363,186914822,1.23,86.65
2022-10-25,Brazil,212000000,308273,4,3798,0,267111,37364,186914822,1.23,86.65
2022-10-26,Brazil,212000000,308277,4,3798,0,267114,37365,186914822,1.23,86.65
2022-10-27,Brazil,212000000,308281,4,3798,0,267117,37366,186914822,1.23,86.65
2022-10-28,Brazil,212000000,308284,3,3798,0,267119,37367,186914822,1.23,86.65
2022-10-29,Brazil,212000000,308288,4,3798,0,267122,37368,186914822,1.23,86.65
2022-10-30,Brazil,212000000,308291,3,3798,0,267124,37369,186914822,1.23,86.65
2022-10-31,Brazil,212000000,308294,3,3798,0,267126,37370,186914822,1.23,86.65
2022-11-01,Brazil,212000000,308297,3,3798,0,267128,37371,186914822,1.23,86.65
2022-11-02,Brazil,212000000,308301,4,3798,0,267131,37372,186914822,1.23,86.65
2022-11-03,Brazil,212000000,308304,3,3798,0,267133,37373,186914822,1.23,86.65
2022-11-04,Brazil,212000000,308307,3,3798,0,267135,37374,186914822,1.23,86.65
2022-11-05,Brazil,212000000,308310,3,3798,0,267137,37375,186914822,1.23,86.65
2022-11-06,Brazil,212000000,308312,2,3798,0,267138,37376,186914822,1.23,86.65
2022-11-07,Brazil,212000000,308314,2,3798,0,267139,37377,186914822,1.23,86.65
2022-11-08,Brazil,212000000,308316,2,3798,0,267140,37378,186914822,1.23,86.64
2022-11-09,Brazil,212000000,308318,2,3798,0,267141,37379,186914822,1.23,86.64
2022-11-10,Brazil,212000000,308320,2,3798,0,267142,37380,186914822,1.23,86.64
2022-11-11,Brazil,212000000,308322,2,3798,0,267143,37381,186914822,1.23,86.64
2022-11-12,Brazil,212000000,308325,3,3798,0,267145,37382,186914822,1.23,86.64
2022-11-13,Brazil,212000000,308326,1,3798,0,267145,37383,186914822,1.23,86.64
2022-11-14,Brazil,212000000,308328,2,3798,0,267146,37384,186914822,1.23,86.64
2022-11-15,Brazil,212000000,308330,2,3798,0,267147,37385,186914822,1.23,86.64
2022-11-16,Brazil,212000000,308332,2,3798,0,267148,37386,186914822,1.23,86.64
2022-11-17,Brazil,212000000,308334,2,3798,0,267149,37387,186914822,1.23,86.64
2022-11-18,Brazil,212000000,308335,1,3798,0,267149,37388,186914822,1.23,86.64
2022-11-19,Brazil,212000000,308337,2,3798,0,267150,37389,186914822,1.23,86.64
2022-11-20,Brazil,212000000,308338,1,3798,0,267150,37390,186914822,1.23,86.64
2022-11-21,Brazil,212000000,308340,2,3798,0,267151,37391,186914822,1.23,86.64
2022-11-22,Brazil,212000000,308341,1,3798,0,267151,37392,186914822,1.23,86.64
2022-11-23,Brazil,212000000,308342,1,3798,0,267151,37393,186914822,1.23,86.64
2022-11-24,Brazil,212000000,308343,1,3798,0,267151,37394,186914822,1.23,86.64
2022-11-25,Brazil,212000000,308345,2,3798,0,267152,37395,186914822,1.23,86.64
2022-11-26,Brazil,212000000,308346,1,3798,0,267152,37396,186914822,1.23,86.64
2022-11-27,Brazil,212000000,308347,1,3798,0,267152,37397,186914822,1.23,86.64
2022-11-28,Brazil,212000000,308348,1,3798,0,267152,37398,186914822,1.23,86.64
2022-11-29,Brazil,212000000,308349,1,3798,0,267152,37399,186914822,1.23,86.64
2022-11-30,Brazil,212000000,308350,1,3798,0,267152,37400,186914822,1.23,86.64
2022-12-01,Brazil,212000000,308351,1,3798,0,267152,37401,186914822,1.23,86.64
2022-12-02,Brazil,212000000,308352,1,3798,0,267152,37402,186914822,1.23,86.64
2022-12-03,Brazil,212000000,308353,1,3798,0,267152,37403,186914822,1.23,86.64
2022-12-04,Brazil,212000000,308354,1,3798,0,267152,37404,186914822,1.23,86.64
2022-12-05,Brazil,212000000,308354,0,3798,0,267152,37404,186914822,1.23,86.64
2022-12-06,Brazil,212000000,308354,0,3798,0,267152,37404,186914822,1.23,86.64
2022-12-07,Brazil,212000000,308355,1,3798,0,267152,37405,186914822,1.23,86.64
2022-12-08,Brazil,212000000,308355,0,3798,0,267152,37405,186914822,1.23,86.64
2022-12-09,Brazil,212000000,308355,0,3798,0,267152,37405,186914822,1.23,86.64
2022-12-10,Brazil,212000000,308356,1,3798,0,267152,37406,186914822,1.23,86.64
2022-12-11,Brazil,212000000,308356,0,3798,0,267152,37406,186914822,1.23,86.64
2022-12-12,Brazil,212000000,308356,0,3798,0,267152,37406,186914822,1.23,86.64
2022-12-13,Brazil,212000000,308356,0,3798,0,267152,37406,186914822,1.23,86.64
2022-12-14,Brazil,212000000,308356,0,3798,0,267152,37406,186914822,1.23,86.64
2022-12-15,Brazil,212000000,308356,0,3798,0,267152,37406,186914822,1.23,86.64
2022-12-16,Brazil,212000000,308357,1,3798,0,267152,37407,186914822,1.23,86.64
2022-12-17,Brazil,212000000,308357,0,3798,0,267152,37407,186914822,1.23,86.64
2022-12-18,Brazil,212000000,308357,0,3798,0,267152,37407,186914822,1.23,86.64
2022-12-19,Brazil,212000000,308357,0,3798,0,267152,37407,186914822,1.23,86.64
2022-12-20,Brazil,212000000,308357,0,3798,0,267152,37407,186914822,1.23,86.64
2022-12-21,Brazil,212000000,308357,0,3798,0,267152,37407,186914822,1.23,86.64
2022-12-22,Brazil,212000000,308357,0,3798,0,267152,37407,186914822,1.23,86.64
2022-12-23,Brazil,212000000,308357,0,3798,0,267152,37407,186914822,1.23,86.64
2022-12-24,Brazil,212000000,308357,0,3798,0,267152,37407,186914822,1.23,86.64
2022-12-25,Brazil,212000000,308357,0,3798,0,267152,37407,186914822,1.23,86.64
2022-12-26,Brazil,212000000,308357,0,3798,0,267152,37407,186914822,1.23,86.64
2022-12-27,Brazil,212000000,308357,0,3798,0,267152,37407,186914822,1.23,86.64
2022-12-28,Brazil,212000000,308357,0,3798,0,267152,37407,186914822,1.23,86.64
2022-12-29,Brazil,212000000,308357,0,3798,0,267152,37407,186914822,1.23,86.64
2022-12-30,Brazil,212000000,308357,0,3798,0,267152,37407,186914822,1.23,86.64
2022-12-31,Brazil,212000000,308357,0,3798,0,267152,37407,186914822,1.23,86.64
2020-01-01,United Kingdom,67000000,1,1,0,0,0,1,0,0,0
2020-01-02,United Kingdom,67000000,3,2,0,0,1,2,0,0,33.33
2020-01-03,United Kingdom,67000000,5,2,0,0,2,3,0,0,40
2020-01-04,United Kingdom,67000000,6,1,0,0,2,4,0,0,33.33
2020-01-05,United Kingdom,67000000,9,3,0,0,4,5,0,0,44.44
2020-01-06,United Kingdom,67000000,12,3,0,0,6,6,0,0,50
2020-01-07,United Kingdom,67000000,14,2,0,0,7,7,0,0,50
2020-01-08,United Kingdom,67000000,16,2,0,0,8,8,0,0,50
2020-01-09,United Kingdom,67000000,20,4,0,0,11,9,0,0,55
2020-01-10,United Kingdom,67000000,22,2,0,0,12,10,0,0,54.55
2020-01-11,United Kingdom,67000000,26,4,0,0,15,11,0,0,57.69
2020-01-12,United Kingdom,67000000,28,2,0,0,16,12,0,0,57.14
2020-01-13,United Kingdom,67000000,32,4,0,0,19,13,0,0,59.38
2020-01-14,United Kingdom,67000000,35,3,0,0,21,14,0,0,60
2020-01-15,United Kingdom,67000000,38,3,0,0,23,15,0,0,60.53
2020-01-16,United Kingdom,67000000,42,4,0,0,26,16,0,0,61.9
2020-01-17,United Kingdom,67000000,48,6,0,0,31,17,0,0,64.58
2020-01-18,United Kingdom,67000000,52,4,0,0,34,18,0,0,65.38
2020-01-19,United Kingdom,67000000,57,5,0,0,38,19,0,0,66.67
2020-01-20,United Kingdom,67000000,61,4,0,0,41,20,0,0,67.21
2020-01-21,United Kingdom,67000000,66,5,0,0,44,22,0,0,66.67
2020-01-22,United Kingdom,67000000,71,5,0,0,47,24,0,0,66.2
2020-01-23,United Kingdom,67000000,75,4,0,0,50,25,0,0,66.67
2020-01-24,United Kingdom,67000000,81,6,0,0,54,27,0,0,66.67
2020-01-25,United Kingdom,67000000,86,5,0,0,58,28,0,0,67.44
2020-01-26,United Kingdom,67000000,90,4,0,0,61,29,0,0,67.78
2020-01-27,United Kingdom,67000000,97,7,0,0,67,30,0,0,69.07
2020-01-28,United Kingdom,67000000,102,5,0,0,70,32,0,0,68.63
2020-01-29,United Kingdom,67000000,107,5,0,0,74,33,0,0,69.16
2020-01-30,United Kingdom,67000000,112,5,0,0,78,34,0,0,69.64
2020-01-31,United Kingdom,67000000,119,7,0,0,84,35,0,0,70.59
2020-02-01,United Kingdom,67000000,128,9,0,0,91,37,0,0,71.09
2020-02-02,United Kingdom,67000000,134,6,0,0,95,39,0,0,70.9
2020-02-03,United Kingdom,67000000,141,7,0,0,101,40,0,0,71.63
2020-02-04,United Kingdom,67000000,149,8,0,0,107,42,0,0,71.81
2020-02-05,United Kingdom,67000000,159,10,0,0,115,44,0,0,72.33
2020-02-06,United Kingdom,67000000,168,9,0,0,123,45,0,0,73.21
2020-02-07,United Kingdom,67000000,176,8,0,0,129,47,0,0,73.3
2020-02-08,United Kingdom,67000000,184,8,0,0,135,49,0,0,73.37
2020-02-09,United Kingdom,67000000,195,11,0,0,145,50,0,0,74.36
2020-02-10,United Kingdom,67000000,206,11,0,0,153,53,0,0,74.27
2020-02-11,United Kingdom,67000000,216,10,0,0,161,55,0,0,74.54
2020-02-12,United Kingdom,67000000,228,12,0,0,171,57,0,0,75
2020-02-13,United Kingdom,67000000,239,11,0,0,179,60,0,0,74.9
2020-02-14,United Kingdom,67000000,250,11,0,0,188,62,0,0,75.2
2020-02-15,United Kingdom,67000000,264,14,0,0,200,64,0,0,75.76
2020-02-16,United Kingdom,67000000,271,7,0,0,206,65,0,0,76.01
2020-02-17,United Kingdom,67000000,283,12,0,0,215,68,0,0,75.97
2020-02-18,United Kingdom,67000000,294,11,0,0,224,70,0,0,76.19
2020-02-19,United Kingdom,67000000,308,14,0,0,237,71,0,0,76.95
2020-02-20,United Kingdom,67000000,319,11,0,0,246,73,0,0,77.12
2020-02-21,United Kingdom,67000000,331,12,0,0,256,75,0,0,77.34
2020-02-22,United Kingdom,67000000,344,13,0,0,266,78,0,0,77.33
2020-02-23,United Kingdom,67000000,357,13,0,0,276,81,0,0,77.31
2020-02-24,United Kingdom,67000000,370,13,0,0,286,84,0,0,77.3
2020-02-25,United Kingdom,67000000,388,18,0,0,300,88,0,0,77.32
2020-02-26,United Kingdom,67000000,402,14,0,0,312,90,0,0,77.61
2020-02-27,United Kingdom,67000000,415,13,0,0,323,92,0,0,77.83
2020-02-28,United Kingdom,67000000,427,12,0,0,333,94,0,0,77.99
2020-02-29,United Kingdom,67000000,450,23,0,0,351,99,0,0,78
2020-03-01,United Kingdom,67000000,467,17,0,0,364,103,0,0,77.94
2020-03-02,United Kingdom,67000000,484,17,0,0,378,106,0,0,78.1
2020-03-03,United Kingdom,67000000,497,13,0,0,389,108,0,0,78.27
2020-03-04,United Kingdom,67000000,518,21,0,0,405,113,0,0,78.19
2020-03-05,United Kingdom,67000000,534,16,0,0,418,116,0,0,78.28
2020-03-06,United Kingdom,67000000,556,22,0,0,438,118,0,0,78.78
2020-03-07,United Kingdom,67000000,575,19,0,0,455,120,0,0,79.13
2020-03-08,United Kingdom,67000000,599,24,0,0,474,125,0,0,79.13
2020-03-09,United Kingdom,67000000,626,27,0,0,496,130,0,0,79.23
2020-03-10,United Kingdom,67000000,652,26,0,0,519,133,0,0,79.6
2020-03-11,United Kingdom,67000000,676,24,0,0,538,138,0,0,79.59
2020-03-12,United Kingdom,67000000,696,20,0,0,556,140,0,0,79.89
2020-03-13,United Kingdom,67000000,727,31,0,0,584,143,0,0,80.33
2020-03-14,United Kingdom,67000000,747,20,0,0,601,146,0,0,80.46
2020-03-15,United Kingdom,67000000,763,16,0,0,613,150,0,0,80.34
2020-03-16,United Kingdom,67000000,787,24,0,0,634,153,0,0,80.56
2020-03-17,United Kingdom,67000000,808,21,0,0,653,155,0,0,80.82
2020-03-18,United Kingdom,67000000,837,29,0,0,679,158,0,0,81.12
2020-03-19,United Kingdom,67000000,862,25,0,0,701,161,0,0,81.32
2020-03-20,United Kingdom,67000000,899,37,0,0,733,166,0,0,81.54
2020-03-21,United Kingdom,67000000,931,32,0,0,760,171,0,0,81.63
2020-03-22,United Kingdom,67000000,969,38,0,0,791,178,0,0,81.63
2020-03-23,United Kingdom,67000000,1000,31,0,0,818,182,0,0,81.8
2020-03-24,United Kingdom,67000000,1034,34,0,0,847,187,0,0,81.91
2020-03-25,United Kingdom,67000000,1062,28,0,0,872,190,0,0,82.11
2020-03-26,United Kingdom,67000000,1098,36,0,0,903,195,0,0,82.24
2020-03-27,United Kingdom,67000000,1124,26,0,0,924,200,0,0,82.21
2020-03-28,United Kingdom,67000000,1157,33,0,0,955,202,0,0,82.54
2020-03-29,United Kingdom,67000000,1196,39,0,0,987,209,0,0,82.53
2020-03-30,United Kingdom,67000000,1232,36,0,0,1019,213,0,0,82.71
2020-03-31,United Kingdom,67000000,1270,38,0,0,1055,215,0,0,83.07
2020-04-01,United Kingdom,67000000,1306,36,0,0,1083,223,0,0,82.92
2020-04-02,United Kingdom,67000000,1341,35,0,0,1113,228,0,0,83
2020-04-03,United Kingdom,67000000,1384,43,0,0,1150,234,0,0,83.09
2020-04-04,United Kingdom,67000000,1434,50,0,0,1197,237,0,0,83.47
2020-04-05,United Kingdom,67000000,1468,34,0,0,1225,243,0,0,83.45
2020-04-06,United Kingdom,67000000,1521,53,1,1,1273,247,0,0.07,83.69
2020-04-07,United Kingdom,67000000,1565,44,1,0,1312,252,0,0.06,83.83
2020-04-08,United Kingdom,67000000,1604,39,1,0,1343,260,0,0.06,83.73
2020-04-09,United Kingdom,67000000,1642,38,1,0,1373,268,0,0.06,83.62
2020-04-10,United Kingdom,67000000,1693,51,2,1,1415,276,0,0.12,83.58
2020-04-11,United Kingdom,67000000,1740,47,2,0,1459,279,0,0.11,83.85
2020-04-12,United Kingdom,67000000,1787,47,2,0,1496,289,0,0.11,83.72
2020-04-13,United Kingdom,67000000,1825,38,2,0,1531,292,0,0.11,83.89
2020-04-14,United Kingdom,67000000,1868,43,2,0,1568,298,0,0.11,83.94
2020-04-15,United Kingdom,67000000,1910,42,2,0,1607,301,0,0.1,84.14
2020-04-16,United Kingdom,67000000,1952,42,2,0,1643,307,0,0.1,84.17
2020-04-17,United Kingdom,67000000,1998,46,2,0,1681,315,0,0.1,84.13
2020-04-18,United Kingdom,67000000,2047,49,3,1,1722,322,0,0.15,84.12
2020-04-19,United Kingdom,67000000,2093,46,3,0,1762,328,0,0.14,84.19
2020-04-20,United Kingdom,67000000,2136,43,3,0,1799,334,0,0.14,84.22
2020-04-21,United Kingdom,67000000,2202,66,3,0,1858,341,0,0.14,84.38
2020-04-22,United Kingdom,67000000,2252,50,3,0,1899,350,0,0.13,84.33
2020-04-23,United Kingdom,67000000,2301,49,3,0,1944,354,0,0.13,84.49
2020-04-24,United Kingdom,67000000,2359,58,4,1,1993,362,0,0.17,84.48
2020-04-25,United Kingdom,67000000,2408,49,4,0,2032,372,0,0.17,84.39
2020-04-26,United Kingdom,67000000,2463,55,4,0,2081,378,0,0.16,84.49
2020-04-27,United Kingdom,67000000,2534,71,5,1,2139,390,0,0.2,84.41
2020-04-28,United Kingdom,67000000,2589,55,5,0,2190,394,0,0.19,84.59
2020-04-29,United Kingdom,67000000,2641,52,6,1,2235,400,0,0.23,84.63
2020-04-30,United Kingdom,67000000,2694,53,6,0,2278,410,0,0.22,84.56
2020-05-01,United Kingdom,67000000,2771,77,6,0,2346,419,0,0.22,84.66
2020-05-02,United Kingdom,67000000,2826,55,6,0,2397,423,0,0.21,84.82
2020-05-03,United Kingdom,67000000,2899,73,7,1,2457,435,0,0.24,84.75
2020-05-04,United Kingdom,67000000,2973,74,8,1,2516,449,0,0.27,84.63
2020-05-05,United Kingdom,67000000,3022,49,8,0,2562,452,0,0.26,84.78
2020-05-06,United Kingdom,67000000,3091,69,8,0,2624,459,0,0.26,84.89
2020-05-07,United Kingdom,67000000,3146,55,8,0,2670,468,0,0.25,84.87
2020-05-08,United Kingdom,67000000,3210,64,8,0,2724,478,0,0.25,84.86
2020-05-09,United Kingdom,67000000,3270,60,9,1,2774,487,0,0.28,84.83
2020-05-10,United Kingdom,67000000,3351,81,9,0,2841,501,0,0.27,84.78
2020-05-11,United Kingdom,67000000,3432,81,10,1,2915,507,0,0.29,84.94
2020-05-12,United Kingdom,67000000,3503,71,10,0,2973,520,0,0.29,84.87
2020-05-13,United Kingdom,67000000,3549,46,10,0,3009,530,0,0.28,84.78
2020-05-14,United Kingdom,67000000,3622,73,11,1,3075,536,0,0.3,84.9
2020-05-15,United Kingdom,67000000,3700,78,12,1,3143,545,0,0.32,84.95
2020-05-16,United Kingdom,67000000,3773,73,13,1,3200,560,0,0.34,84.81
2020-05-17,United Kingdom,67000000,3843,70,14,1,3266,563,0,0.36,84.99
2020-05-18,United Kingdom,67000000,3918,75,15,1,3337,566,0,0.38,85.17
2020-05-19,United Kingdom,67000000,4008,90,15,0,3418,575,0,0.37,85.28
2020-05-20,United Kingdom,67000000,4092,84,16,1,3485,591,0,0.39,85.17
2020-05-21,United Kingdom,67000000,4148,56,16,0,3534,598,0,0.39,85.2
2020-05-22,United Kingdom,67000000,4216,68,17,1,3591,608,0,0.4,85.18
2020-05-23,United Kingdom,67000000,4282,66,17,0,3653,612,0,0.4,85.31
2020-05-24,United Kingdom,67000000,4349,67,18,1,3714,617,0,0.41,85.4
2020-05-25,United Kingdom,67000000,4407,58,19,1,3768,620,0,0.43,85.5
2020-05-26,United Kingdom,67000000,4473,66,19,0,3824,630,0,0.42,85.49
2020-05-27,United Kingdom,67000000,4559,86,19,0,3902,638,0,0.42,85.59
2020-05-28,United Kingdom,67000000,4630,71,20,1,3960,650,0,0.43,85.53
2020-05-29,United Kingdom,67000000,4708,78,21,1,4030,657,0,0.45,85.6
2020-05-30,United Kingdom,67000000,4765,57,21,0,4078,666,0,0.44,85.58
2020-05-31,United Kingdom,67000000,4819,54,21,0,4129,669,0,0.44,85.68
2020-06-01,United Kingdom,67000000,4877,58,22,1,4184,671,0,0.45,85.79
2020-06-02,United Kingdom,67000000,4934,57,22,0,4232,680,0,0.45,85.77
2020-06-03,United Kingdom,67000000,5020,86,22,0,4308,690,0,0.44,85.82
2020-06-04,United Kingdom,67000000,5120,100,22,0,4395,703,0,0.43,85.84
2020-06-05,United Kingdom,67000000,5217,97,23,1,4475,719,0,0.44,85.78
2020-06-06,United Kingdom,67000000,5299,82,23,0,4551,725,0,0.43,85.88
2020-06-07,United Kingdom,67000000,5376,77,23,0,4621,732,0,0.43,85.96
2020-06-08,United Kingdom,67000000,5441,65,23,0,4675,743,0,0.42,85.92
2020-06-09,United Kingdom,67000000,5539,98,24,1,4764,751,0,0.43,86.01
2020-06-10,United Kingdom,67000000,5616,77,25,1,4836,755,0,0.45,86.11
2020-06-11,United Kingdom,67000000,5704,88,25,0,4910,769,0,0.44,86.08
2020-06-12,United Kingdom,67000000,5785,81,26,1,4977,782,0,0.45,86.03
2020-06-13,United Kingdom,67000000,5855,70,27,1,5037,791,0,0.46,86.03
2020-06-14,United Kingdom,67000000,5924,69,28,1,5101,795,0,0.47,86.11
2020-06-15,United Kingdom,67000000,5993,69,29,1,5158,806,0,0.48,86.07
2020-06-16,United Kingdom,67000000,6087,94,29,0,5232,826,0,0.48,85.95
2020-06-17,United Kingdom,67000000,6158,71,29,0,5291,838,0,0.47,85.92
2020-06-18,United Kingdom,67000000,6245,87,29,0,5368,848,0,0.46,85.96
2020-06-19,United Kingdom,67000000,6339,94,29,0,5445,865,0,0.46,85.9
2020-06-20,United Kingdom,67000000,6435,96,31,2,5520,884,0,0.48,85.78
2020-06-21,United Kingdom,67000000,6517,82,32,1,5589,896,0,0.49,85.76
2020-06-22,United Kingdom,67000000,6607,90,33,1,5670,904,0,0.5,85.82
2020-06-23,United Kingdom,67000000,6670,63,33,0,5727,910,0,0.49,85.86
2020-06-24,United Kingdom,67000000,6770,100,33,0,5805,932,0,0.49,85.75
2020-06-25,United Kingdom,67000000,6841,71,34,1,5863,944,0,0.5,85.7
2020-06-26,United Kingdom,67000000,6925,84,35,1,5931,959,0,0.51,85.65
2020-06-27,United Kingdom,67000000,6997,72,35,0,5987,975,0,0.5,85.57
2020-06-28,United Kingdom,67000000,7085,88,36,1,6057,992,0,0.51,85.49
2020-06-29,United Kingdom,67000000,7166,81,36,0,6127,1003,0,0.5,85.5
2020-06-30,United Kingdom,67000000,7255,89,37,1,6211,1007,0,0.51,85.61
2020-07-01,United Kingdom,67000000,7327,72,37,0,6279,1011,0,0.5,85.7
2020-07-02,United Kingdom,67000000,7457,130,39,2,6393,1025,0,0.52,85.73
2020-07-03,United Kingdom,67000000,7541,84,40,1,6460,1041,0,0.53,85.67
2020-07-04,United Kingdom,67000000,7633,92,41,1,6532,1060,0,0.54,85.58
2020-07-05,United Kingdom,67000000,7716,83,42,1,6607,1067,0,0.54,85.63
2020-07-06,United Kingdom,67000000,7805,89,42,0,6685,1078,0,0.54,85.65
2020-07-07,United Kingdom,67000000,7878,73,43,1,6747,1088,0,0.55,85.64
2020-07-08,United Kingdom,67000000,7956,78,43,0,6810,1103,0,0.54,85.6
2020-07-09,United Kingdom,67000000,8058,102,44,1,6907,1107,0,0.55,85.72
2020-07-10,United Kingdom,67000000,8139,81,45,1,6972,1122,0,0.55,85.66
2020-07-11,United Kingdom,67000000,8229,90,46,1,7042,1141,0,0.56,85.58
2020-07-12,United Kingdom,67000000,8311,82,46,0,7114,1151,0,0.55,85.6
2020-07-13,United Kingdom,67000000,8391,80,46,0,7189,1156,0,0.55,85.68
2020-07-14,United Kingdom,67000000,8481,90,47,1,7268,1166,0,0.55,85.7
2020-07-15,United Kingdom,67000000,8560,79,48,1,7334,1178,0,0.56,85.68
2020-07-16,United Kingdom,67000000,8671,111,49,1,7435,1187,0,0.57,85.75
2020-07-17,United Kingdom,67000000,8761,90,50,1,7520,1191,0,0.57,85.83
2020-07-18,United Kingdom,67000000,8845,84,51,1,7589,1205,0,0.58,85.8
2020-07-19,United Kingdom,67000000,8925,80,52,1,7657,1216,0,0.58,85.79
2020-07-20,United Kingdom,67000000,9032,107,53,1,7749,1230,0,0.59,85.79
2020-07-21,United Kingdom,67000000,9106,74,53,0,7816,1237,0,0.58,85.83
2020-07-22,United Kingdom,67000000,9181,75,54,1,7883,1244,0,0.59,85.86
2020-07-23,United Kingdom,67000000,9262,81,54,0,7958,1250,0,0.58,85.92
2020-07-24,United Kingdom,67000000,9322,60,55,1,8009,1258,0,0.59,85.92
2020-07-25,United Kingdom,67000000,9424,102,56,1,8093,1275,0,0.59,85.88
2020-07-26,United Kingdom,67000000,9533,109,57,1,8191,1285,0,0.6,85.92
2020-07-27,United Kingdom,67000000,9622,89,57,0,8267,1298,0,0.59,85.92
2020-07-28,United Kingdom,67000000,9679,57,58,1,8315,1306,0,0.6,85.91
2020-07-29,United Kingdom,67000000,9765,86,58,0,8391,1316,0,0.59,85.93
2020-07-30,United Kingdom,67000000,9864,99,59,1,8475,1330,0,0.6,85.92
2020-07-31,United Kingdom,67000000,9941,77,59,0,8536,1346,0,0.59,85.87
2020-08-01,United Kingdom,67000000,10008,67,59,0,8591,1358,0,0.59,85.84
2020-08-02,United Kingdom,67000000,10085,77,60,1,8658,1367,0,0.59,85.85
2020-08-03,United Kingdom,67000000,10174,89,61,1,8731,1382,0,0.6,85.82
2020-08-04,United Kingdom,67000000,10253,79,62,1,8797,1394,0,0.6,85.8
2020-08-05,United Kingdom,67000000,10342,89,62,0,8877,1403,0,0.6,85.83
2020-08-06,United Kingdom,67000000,10419,77,62,0,8945,1412,0,0.6,85.85
2020-08-07,United Kingdom,67000000,10493,74,63,1,9008,1422,0,0.6,85.85
2020-08-08,United Kingdom,67000000,10570,77,64,1,9080,1426,0,0.61,85.9
2020-08-09,United Kingdom,67000000,10667,97,65,1,9169,1433,0,0.61,85.96
2020-08-10,United Kingdom,67000000,10749,82,65,0,9239,1445,0,0.6,85.95
2020-08-11,United Kingdom,67000000,10803,54,65,0,9289,1449,0,0.6,85.99
2020-08-12,United Kingdom,67000000,10875,72,65,0,9356,1454,0,0.6,86.03
2020-08-13,United Kingdom,67000000,10962,87,65,0,9433,1464,0,0.59,86.05
2020-08-14,United Kingdom,67000000,11035,73,66,1,9491,1478,0,0.6,86.01
2020-08-15,United Kingdom,67000000,11104,69,66,0,9548,1490,0,0.59,85.99
2020-08-16,United Kingdom,67000000,11174,70,67,1,9606,1501,0,0.6,85.97
2020-08-17,United Kingdom,67000000,11245,71,68,1,9661,1516,0,0.6,85.91
2020-08-18,United Kingdom,67000000,11322,77,68,0,9732,1522,0,0.6,85.96
2020-08-19,United Kingdom,67000000,11384,62,68,0,9782,1534,0,0.6,85.93
2020-08-20,United Kingdom,67000000,11444,60,68,0,9836,1540,0,0.59,85.95
2020-08-21,United Kingdom,67000000,11522,78,68,0,9908,1546,0,0.59,85.99
2020-08-22,United Kingdom,67000000,11574,52,68,0,9953,1553,0,0.59,85.99
2020-08-23,United Kingdom,67000000,11665,91,68,0,10030,1567,0,0.58,85.98
2020-08-24,United Kingdom,67000000,11722,57,69,1,10079,1574,0,0.59,85.98
2020-08-25,United Kingdom,67000000,11772,50,70,1,10120,1582,0,0.59,85.97
2020-08-26,United Kingdom,67000000,11859,87,71,1,10196,1592,0,0.6,85.98
2020-08-27,United Kingdom,67000000,11922,63,71,0,10249,1602,0,0.6,85.97
2020-08-28,United Kingdom,67000000,11998,76,72,1,10312,1614,0,0.6,85.95
2020-08-29,United Kingdom,67000000,12060,62,72,0,10369,1619,0,0.6,85.98
2020-08-30,United Kingdom,67000000,12112,52,72,0,10415,1625,0,0.59,85.99
2020-08-31,United Kingdom,67000000,12164,52,73,1,10459,1632,0,0.6,85.98
2020-09-01,United Kingdom,67000000,12238,74,73,0,10518,1647,0,0.6,85.95
2020-09-02,United Kingdom,67000000,12321,83,74,1,10595,1652,0,0.6,85.99
2020-09-03,United Kingdom,67000000,12405,84,74,0,10673,1658,0,0.6,86.04
2020-09-04,United Kingdom,67000000,12474,69,75,1,10735,1664,0,0.6,86.06
2020-09-05,United Kingdom,67000000,12550,76,76,1,10801,1673,0,0.61,86.06
2020-09-06,United Kingdom,67000000,12609,59,76,0,10854,1679,0,0.6,86.08
2020-09-07,United Kingdom,67000000,12670,61,76,0,10906,1688,0,0.6,86.08
2020-09-08,United Kingdom,67000000,12749,79,77,1,10981,1691,0,0.6,86.13
2020-09-09,United Kingdom,67000000,12817,68,77,0,11042,1698,0,0.6,86.15
2020-09-10,United Kingdom,67000000,12879,62,78,1,11097,1704,0,0.61,86.16
2020-09-11,United Kingdom,67000000,12954,75,79,1,11166,1709,0,0.61,86.2
2020-09-12,United Kingdom,67000000,13041,87,79,0,11247,1715,0,0.61,86.24
2020-09-13,United Kingdom,67000000,13086,45,79,0,11285,1722,0,0.6,86.24
2020-09-14,United Kingdom,67000000,13140,54,80,1,11329,1731,0,0.61,86.22
2020-09-15,United Kingdom,67000000,13199,59,80,0,11383,1736,0,0.61,86.24
2020-09-16,United Kingdom,67000000,13256,57,80,0,11432,1744,0,0.6,86.24
2020-09-17,United Kingdom,67000000,13312,56,81,1,11477,1754,0,0.61,86.22
2020-09-18,United Kingdom,67000000,13365,53,81,0,11527,1757,0,0.61,86.25
2020-09-19,United Kingdom,67000000,13434,69,81,0,11583,1770,0,0.6,86.22
2020-09-20,United Kingdom,67000000,13498,64,82,1,11641,1775,0,0.61,86.24
2020-09-21,United Kingdom,67000000,13571,73,82,0,11698,1791,0,0.6,86.2
2020-09-22,United Kingdom,67000000,13641,70,83,1,11761,1797,0,0.61,86.22
2020-09-23,United Kingdom,67000000,13708,67,83,0,11816,1809,0,0.61,86.2
2020-09-24,United Kingdom,67000000,13763,55,84,1,11866,1813,0,0.61,86.22
2020-09-25,United Kingdom,67000000,13809,46,84,0,11907,1818,0,0.61,86.23
2020-09-26,United Kingdom,67000000,13865,56,84,0,11959,1822,0,0.61,86.25
2020-09-27,United Kingdom,67000000,13935,70,84,0,12015,1836,0,0.6,86.22
2020-09-28,United Kingdom,67000000,13985,50,84,0,12057,1844,0,0.6,86.21
2020-09-29,United Kingdom,67000000,14038,53,84,0,12107,1847,0,0.6,86.24
2020-09-30,United Kingdom,67000000,14096,58,84,0,12160,1852,0,0.6,86.27
2020-10-01,United Kingdom,67000000,14149,53,85,1,12202,1862,0,0.6,86.24
2020-10-02,United Kingdom,67000000,14203,54,85,0,12246,1872,0,0.6,86.22
2020-10-03,United Kingdom,67000000,14256,53,85,0,12291,1880,0,0.6,86.22
2020-10-04,United Kingdom,67000000,14329,73,86,1,12359,1884,0,0.6,86.25
2020-10-05,United Kingdom,67000000,14389,60,86,0,12409,1894,0,0.6,86.24
2020-10-06,United Kingdom,67000000,14446,57,86,0,12459,1901,0,0.6,86.25
2020-10-07,United Kingdom,67000000,14480,34,86,0,12490,1904,0,0.59,86.26
2020-10-08,United Kingdom,67000000,14530,50,86,0,12535,1909,0,0.59,86.27
2020-10-09,United Kingdom,67000000,14579,49,86,0,12576,1917,0,0.59,86.26
2020-10-10,United Kingdom,67000000,14630,51,86,0,12623,1921,0,0.59,86.28
2020-10-11,United Kingdom,67000000,14695,65,86,0,12675,1934,0,0.59,86.25
2020-10-12,United Kingdom,67000000,14733,38,86,0,12708,1939,0,0.58,86.26
2020-10-13,United Kingdom,67000000,14774,41,86,0,12747,1941,0,0.58,86.28
2020-10-14,United Kingdom,67000000,14819,45,86,0,12788,1945,0,0.58,86.29
2020-10-15,United Kingdom,67000000,14867,48,86,0,12832,1949,0,0.58,86.31
2020-10-16,United Kingdom,67000000,14934,67,87,1,12884,1963,0,0.58,86.27
2020-10-17,United Kingdom,67000000,14980,46,87,0,12927,1966,0,0.58,86.3
2020-10-18,United Kingdom,67000000,15030,50,87,0,12967,1976,0,0.58,86.27
2020-10-19,United Kingdom,67000000,15094,64,87,0,13019,1988,0,0.58,86.25
2020-10-20,United Kingdom,67000000,15135,41,87,0,13052,1996,0,0.57,86.24
2020-10-21,United Kingdom,67000000,15174,39,87,0,13085,2002,0,0.57,86.23
2020-10-22,United Kingdom,67000000,15229,55,87,0,13135,2007,0,0.57,86.25
2020-10-23,United Kingdom,67000000,15297,68,87,0,13195,2015,0,0.57,86.26
2020-10-24,United Kingdom,67000000,15340,43,87,0,13235,2018,0,0.57,86.28
2020-10-25,United Kingdom,67000000,15387,47,87,0,13279,2021,0,0.57,86.3
2020-10-26,United Kingdom,67000000,15431,44,87,0,13314,2030,0,0.56,86.28
2020-10-27,United Kingdom,67000000,15486,55,87,0,13360,2039,0,0.56,86.27
2020-10-28,United Kingdom,67000000,15532,46,87,0,13401,2044,0,0.56,86.28
2020-10-29,United Kingdom,67000000,15603,71,88,1,13457,2058,0,0.56,86.25
2020-10-30,United Kingdom,67000000,15645,42,88,0,13492,2065,0,0.56,86.24
2020-10-31,United Kingdom,67000000,15697,52,88,0,13539,2070,0,0.56,86.25
2020-11-01,United Kingdom,67000000,15742,45,88,0,13576,2078,0,0.56,86.24
2020-11-02,United Kingdom,67000000,15837,95,89,1,13657,2091,0,0.56,86.23
2020-11-03,United Kingdom,67000000,15892,55,89,0,13707,2096,0,0.56,86.25
2020-11-04,United Kingdom,67000000,15941,49,89,0,13749,2103,0,0.56,86.25
2020-11-05,United Kingdom,67000000,16007,66,89,0,13808,2110,0,0.56,86.26
2020-11-06,United Kingdom,67000000,16084,77,90,1,13872,2122,0,0.56,86.25
2020-11-07,United Kingdom,67000000,16159,75,90,0,13936,2133,0,0.56,86.24
2020-11-08,United Kingdom,67000000,16214,55,90,0,13979,2145,0,0.56,86.22
2020-11-09,United Kingdom,67000000,16278,64,90,0,14030,2158,0,0.55,86.19
2020-11-10,United Kingdom,67000000,16352,74,91,1,14090,2171,0,0.56,86.17
2020-11-11,United Kingdom,67000000,16414,62,91,0,14144,2179,0,0.55,86.17
2020-11-12,United Kingdom,67000000,16480,66,92,1,14201,2187,0,0.56,86.17
2020-11-13,United Kingdom,67000000,16546,66,93,1,14253,2200,0,0.56,86.14
2020-11-14,United Kingdom,67000000,16593,47,93,0,14295,2205,0,0.56,86.15
2020-11-15,United Kingdom,67000000,16661,68,93,0,14348,2220,0,0.56,86.12
2020-11-16,United Kingdom,67000000,16716,55,94,1,14393,2229,0,0.56,86.1
2020-11-17,United Kingdom,67000000,16772,56,94,0,14442,2236,0,0.56,86.11
2020-11-18,United Kingdom,67000000,16842,70,94,0,14503,2245,0,0.56,86.11
2020-11-19,United Kingdom,67000000,16918,76,95,1,14572,2251,0,0.56,86.13
2020-11-20,United Kingdom,67000000,16994,76,96,1,14639,2259,0,0.56,86.14
2020-11-21,United Kingdom,67000000,17065,71,96,0,14702,2267,0,0.56,86.15
2020-11-22,United Kingdom,67000000,17146,81,96,0,14772,2278,0,0.56,86.15
2020-11-23,United Kingdom,67000000,17212,66,96,0,14828,2288,0,0.56,86.15
2020-11-24,United Kingdom,67000000,17274,62,96,0,14887,2291,0,0.56,86.18
2020-11-25,United Kingdom,67000000,17330,56,97,1,14931,2302,0,0.56,86.16
2020-11-26,United Kingdom,67000000,17394,64,97,0,14986,2311,0,0.56,86.16
2020-11-27,United Kingdom,67000000,17459,65,97,0,15039,2323,0,0.56,86.14
2020-11-28,United Kingdom,67000000,17520,61,98,1,15093,2329,0,0.56,86.15
2020-11-29,United Kingdom,67000000,17606,86,99,1,15172,2335,0,0.56,86.18
2020-11-30,United Kingdom,67000000,17671,65,99,0,15233,2339,0,0.56,86.2
2020-12-01,United Kingdom,67000000,17756,85,99,0,15299,2358,0,0.56,86.16
2020-12-02,United Kingdom,67000000,17850,94,100,1,15387,2363,0,0.56,86.2
2020-12-03,United Kingdom,67000000,17921,71,101,1,15443,2377,0,0.56,86.17
2020-12-04,United Kingdom,67000000,18017,96,101,0,15520,2396,0,0.56,86.14
2020-12-05,United Kingdom,67000000,18099,82,101,0,15592,2406,0,0.56,86.15
2020-12-06,United Kingdom,67000000,18180,81,102,1,15656,2422,0,0.56,86.12
2020-12-07,United Kingdom,67000000,18268,88,103,1,15737,2428,0,0.56,86.15
2020-12-08,United Kingdom,67000000,18355,87,104,1,15816,2435,0,0.57,86.17
2020-12-09,United Kingdom,67000000,18429,74,105,1,15875,2449,0,0.57,86.14
2020-12-10,United Kingdom,67000000,18482,53,105,0,15923,2454,0,0.57,86.15
2020-12-11,United Kingdom,67000000,18569,87,106,1,15991,2472,0,0.57,86.12
2020-12-12,United Kingdom,67000000,18644,75,106,0,16049,2489,0,0.57,86.08
2020-12-13,United Kingdom,67000000,18730,86,107,1,16125,2498,0,0.57,86.09
2020-12-14,United Kingdom,67000000,18812,82,107,0,16198,2507,0,0.57,86.1
2020-12-15,United Kingdom,67000000,18897,85,108,1,16278,2511,0,0.57,86.14
2020-12-16,United Kingdom,67000000,18976,79,109,1,16351,2516,0,0.57,86.17
2020-12-17,United Kingdom,67000000,19083,107,110,1,16438,2535,0,0.58,86.14
2020-12-18,United Kingdom,67000000,19160,77,110,0,16502,2548,0,0.57,86.13
2020-12-19,United Kingdom,67000000,19251,91,111,1,16579,2561,0,0.58,86.12
2020-12-20,United Kingdom,67000000,19332,81,111,0,16649,2572,0,0.57,86.12
2020-12-21,United Kingdom,67000000,19422,90,112,1,16723,2587,0,0.58,86.1
2020-12-22,United Kingdom,67000000,19499,77,112,0,16796,2591,0,0.57,86.14
2020-12-23,United Kingdom,67000000,19594,95,113,1,16877,2604,0,0.58,86.13
2020-12-24,United Kingdom,67000000,19702,108,114,1,16970,2618,0,0.58,86.13
2020-12-25,United Kingdom,67000000,19807,105,115,1,17052,2640,0,0.58,86.09
2020-12-26,United Kingdom,67000000,19901,94,115,0,17140,2646,0,0.58,86.13
2020-12-27,United Kingdom,67000000,20006,105,117,2,17240,2649,0,0.58,86.17
2020-12-28,United Kingdom,67000000,20110,104,118,1,17325,2667,0,0.59,86.15
2020-12-29,United Kingdom,67000000,20196,86,118,0,17407,2671,0,0.58,86.19
2020-12-30,United Kingdom,67000000,20304,108,118,0,17491,2695,0,0.58,86.15
2020-12-31,United Kingdom,67000000,20393,89,119,1,17564,2710,0,0.58,86.13
2021-01-01,United Kingdom,67000000,20501,108,119,0,17651,2731,0,0.58,86.1
2021-01-02,United Kingdom,67000000,20635,134,120,1,17759,2756,86923,0.58,86.06
2021-01-03,United Kingdom,67000000,20726,91,120,0,17837,2769,173847,0.58,86.06
2021-01-04,United Kingdom,67000000,20852,126,120,0,17938,2794,260770,0.58,86.03
2021-01-05,United Kingdom,67000000,20962,110,122,2,18040,2800,347694,0.58,86.06
2021-01-06,United Kingdom,67000000,21055,93,123,1,18117,2815,434617,0.58,86.05
2021-01-07,United Kingdom,67000000,21193,138,126,3,18227,2840,521541,0.59,86
2021-01-08,United Kingdom,67000000,21302,109,126,0,18325,2851,608465,0.59,86.02
2021-01-09,United Kingdom,67000000,21410,108,127,1,18427,2856,695388,0.59,86.07
2021-01-10,United Kingdom,67000000,21518,108,128,1,18529,2861,782312,0.59,86.11
2021-01-11,United Kingdom,67000000,21605,87,129,1,18603,2873,869235,0.6,86.11
2021-01-12,United Kingdom,67000000,21699,94,130,1,18678,2891,956159,0.6,86.08
2021-01-13,United Kingdom,67000000,21822,123,130,0,18781,2911,1043082,0.6,86.06
2021-01-14,United Kingdom,67000000,21913,91,131,1,18862,2920,1130006,0.6,86.08
2021-01-15,United Kingdom,67000000,22022,109,132,1,18965,2925,1216930,0.6,86.12
2021-01-16,United Kingdom,67000000,22127,105,133,1,19052,2942,1303853,0.6,86.1
2021-01-17,United Kingdom,67000000,22218,91,134,1,19132,2952,1390777,0.6,86.11
2021-01-18,United Kingdom,67000000,22328,110,135,1,19221,2972,1477700,0.6,86.08
2021-01-19,United Kingdom,67000000,22430,102,137,2,19306,2987,1564624,0.61,86.07
2021-01-20,United Kingdom,67000000,22556,126,139,2,19406,3011,1651547,0.62,86.03
2021-01-21,United Kingdom,67000000,22684,128,140,1,19527,3017,1738471,0.62,86.08
2021-01-22,United Kingdom,67000000,22782,98,141,1,19618,3023,1825395,0.62,86.11
2021-01-23,United Kingdom,67000000,22902,120,143,2,19718,3041,1912318,0.62,86.1
2021-01-24,United Kingdom,67000000,23014,112,145,2,19822,3047,1999242,0.63,86.13
2021-01-25,United Kingdom,67000000,23139,125,145,0,19938,3056,2086165,0.63,86.17
2021-01-26,United Kingdom,67000000,23230,91,145,0,20010,3075,2173089,0.62,86.14
2021-01-27,United Kingdom,67000000,23379,149,147,2,20152,3080,2260013,0.63,86.2
2021-01-28,United Kingdom,67000000,23461,82,148,1,20216,3097,2346936,0.63,86.17
2021-01-29,United Kingdom,67000000,23586,125,149,1,20320,3117,2433860,0.63,86.15
2021-01-30,United Kingdom,67000000,23741,155,151,2,20450,3140,2520783,0.64,86.14
2021-01-31,United Kingdom,67000000,23864,123,153,2,20557,3154,2607707,0.64,86.14
2021-02-01,United Kingdom,67000000,24021,157,154,1,20703,3164,2694630,0.64,86.19
2021-02-02,United Kingdom,67000000,24113,92,155,1,20780,3178,2781554,0.64,86.18
2021-02-03,United Kingdom,67000000,24238,125,157,2,20887,3194,2868478,0.65,86.17
2021-02-04,United Kingdom,67000000,24347,109,158,1,20991,3198,2955401,0.65,86.22
2021-02-05,United Kingdom,67000000,24473,126,160,2,21092,3221,3042325,0.65,86.18
2021-02-06,United Kingdom,67000000,24575,102,161,1,21185,3229,3129248,0.66,86.21
2021-02-07,United Kingdom,67000000,24672,97,162,1,21269,3241,3216172,0.66,86.21
2021-02-08,United Kingdom,67000000,24788,116,162,0,21371,3255,3303095,0.65,86.22
2021-02-09,United Kingdom,67000000,24943,155,165,3,21514,3264,3390019,0.66,86.25
2021-02-10,United Kingdom,67000000,25114,171,168,3,21660,3286,3476943,0.67,86.25
2021-02-11,United Kingdom,67000000,25261,147,169,1,21800,3292,3563866,0.67,86.3
2021-02-12,United Kingdom,67000000,25375,114,170,1,21897,3308,3650790,0.67,86.29
2021-02-13,United Kingdom,67000000,25519,144,171,1,22034,3314,3737713,0.67,86.34
2021-02-14,United Kingdom,67000000,25667,148,172,1,22164,3331,3824637,0.67,86.35
2021-02-15,United Kingdom,67000000,25786,119,172,0,22273,3341,3911561,0.67,86.38
2021-02-16,United Kingdom,67000000,25960,174,173,1,22415,3372,3998484,0.67,86.34
2021-02-17,United Kingdom,67000000,26115,155,174,1,22543,3398,4085408,0.67,86.32
2021-02-18,United Kingdom,67000000,26266,151,176,2,22675,3415,4172331,0.67,86.33
2021-02-19,United Kingdom,67000000,26446,180,177,1,22823,3446,4259255,0.67,86.3
2021-02-20,United Kingdom,67000000,26548,102,177,0,22918,3453,4346178,0.67,86.33
2021-02-21,United Kingdom,67000000,26685,137,179,2,23041,3465,4433102,0.67,86.34
2021-02-22,United Kingdom,67000000,26781,96,181,2,23129,3471,4520026,0.68,86.36
2021-02-23,United Kingdom,67000000,26895,114,182,1,23235,3478,4606949,0.68,86.39
2021-02-24,United Kingdom,67000000,27005,110,183,1,23324,3498,4693873,0.68,86.37
2021-02-25,United Kingdom,67000000,27158,153,184,1,23463,3511,4780796,0.68,86.39
2021-02-26,United Kingdom,67000000,27305,147,187,3,23579,3539,4867720,0.68,86.35
2021-02-27,United Kingdom,67000000,27420,115,188,1,23685,3547,4954643,0.69,86.38
2021-02-28,United Kingdom,67000000,27565,145,189,1,23809,3567,5041567,0.69,86.37
2021-03-01,United Kingdom,67000000,27712,147,191,2,23949,3572,5128491,0.69,86.42
2021-03-02,United Kingdom,67000000,27854,142,192,1,24085,3577,5215414,0.69,86.47
2021-03-03,United Kingdom,67000000,27977,123,194,2,24191,3592,5302338,0.69,86.47
2021-03-04,United Kingdom,67000000,28076,99,195,1,24270,3611,5389261,0.69,86.44
2021-03-05,United Kingdom,67000000,28223,147,196,1,24393,3634,5476185,0.69,86.43
2021-03-06,United Kingdom,67000000,28366,143,197,1,24526,3643,5563109,0.69,86.46
2021-03-07,United Kingdom,67000000,28532,166,199,2,24684,3649,5650032,0.7,86.51
2021-03-08,United Kingdom,67000000,28640,108,200,1,24780,3660,5736956,0.7,86.52
2021-03-09,United Kingdom,67000000,28782,142,200,0,24891,3691,5823879,0.69,86.48
2021-03-10,United Kingdom,67000000,28903,121,201,1,24995,3707,5910803,0.7,86.48
2021-03-11,United Kingdom,67000000,29020,117,201,0,25100,3719,5997726,0.69,86.49
2021-03-12,United Kingdom,67000000,29117,97,201,0,25177,3739,6084650,0.69,86.47
2021-03-13,United Kingdom,67000000,29265,148,202,1,25296,3767,6171574,0.69,86.44
2021-03-14,United Kingdom,67000000,29434,169,204,2,25434,3796,6258497,0.69,86.41
2021-03-15,United Kingdom,67000000,29534,100,205,1,25523,3806,6345421,0.69,86.42
2021-03-16,United Kingdom,67000000,29673,139,207,2,25640,3826,6432344,0.7,86.41
2021-03-17,United Kingdom,67000000,29817,144,208,1,25775,3834,6519268,0.7,86.44
2021-03-18,United Kingdom,67000000,29979,162,209,1,25919,3851,6606191,0.7,86.46
2021-03-19,United Kingdom,67000000,30137,158,211,2,26045,3881,6693115,0.7,86.42
2021-03-20,United Kingdom,67000000,30280,143,213,2,26167,3900,6780039,0.7,86.42
2021-03-21,United Kingdom,67000000,30402,122,213,0,26277,3912,6866962,0.7,86.43
2021-03-22,United Kingdom,67000000,30552,150,215,2,26405,3932,6953886,0.7,86.43
2021-03-23,United Kingdom,67000000,30721,169,217,2,26543,3961,7040809,0.71,86.4
2021-03-24,United Kingdom,67000000,30852,131,218,1,26655,3979,7127733,0.71,86.4
2021-03-25,United Kingdom,67000000,30996,144,220,2,26771,4005,7214657,0.71,86.37
2021-03-26,United Kingdom,67000000,31150,154,221,1,26913,4016,7301580,0.71,86.4
2021-03-27,United Kingdom,67000000,31254,104,221,0,27008,4025,7388504,0.71,86.41
2021-03-28,United Kingdom,67000000,31386,132,222,1,27116,4048,7475427,0.71,86.4
2021-03-29,United Kingdom,67000000,31536,150,224,2,27246,4066,7562351,0.71,86.4
2021-03-30,United Kingdom,67000000,31645,109,225,1,27344,4076,7649274,0.71,86.41
2021-03-31,United Kingdom,67000000,31829,184,226,1,27498,4105,7736198,0.71,86.39
2021-04-01,United Kingdom,67000000,31954,125,228,2,27606,4120,7823122,0.71,86.39
2021-04-02,United Kingdom,67000000,32052,98,229,1,27683,4140,7910045,0.71,86.37
2021-04-03,United Kingdom,67000000,32145,93,230,1,27771,4144,7996969,0.72,86.39
2021-04-04,United Kingdom,67000000,32280,135,231,1,27881,4168,8083892,0.72,86.37
2021-04-05,United Kingdom,67000000,32418,138,233,2,28010,4175,8170816,0.72,86.4
2021-04-06,United Kingdom,67000000,32543,125,234,1,28129,4180,8257739,0.72,86.44
2021-04-07,United Kingdom,67000000,32696,153,236,2,28263,4197,8344663,0.72,86.44
2021-04-08,United Kingdom,67000000,32837,141,238,2,28388,4211,8431587,0.72,86.45
2021-04-09,United Kingdom,67000000,32976,139,240,2,28517,4219,8518510,0.73,86.48
2021-04-10,United Kingdom,67000000,33065,89,241,1,28593,4231,8605434,0.73,86.48
2021-04-11,United Kingdom,67000000,33181,116,243,2,28691,4247,8692357,0.73,86.47
2021-04-12,United Kingdom,67000000,33309,128,243,0,28799,4267,8779281,0.73,86.46
2021-04-13,United Kingdom,67000000,33413,104,245,2,28881,4287,8866205,0.73,86.44
2021-04-14,United Kingdom,67000000,33542,129,247,2,28998,4297,8953128,0.74,86.45
2021-04-15,United Kingdom,67000000,33643,101,248,1,29087,4308,9040052,0.74,86.46
2021-04-16,United Kingdom,67000000,33734,91,249,1,29164,4321,9126975,0.74,86.45
2021-04-17,United Kingdom,67000000,33862,128,250,1,29273,4339,9213899,0.74,86.45
2021-04-18,United Kingdom,67000000,33983,121,251,1,29384,4348,9300822,0.74,86.47
2021-04-19,United Kingdom,67000000,34088,105,251,0,29466,4371,9387746,0.74,86.44
2021-04-20,United Kingdom,67000000,34232,144,252,1,29588,4392,9474670,0.74,86.43
2021-04-21,United Kingdom,67000000,34351,119,253,1,29699,4399,9561593,0.74,86.46
2021-04-22,United Kingdom,67000000,34477,126,254,1,29810,4413,9648517,0.74,86.46
2021-04-23,United Kingdom,67000000,34591,114,256,2,29911,4424,9735440,0.74,86.47
2021-04-24,United Kingdom,67000000,34693,102,257,1,30002,4434,9822364,0.74,86.48
2021-04-25,United Kingdom,67000000,34806,113,258,1,30109,4439,9909287,0.74,86.51
2021-04-26,United Kingdom,67000000,34933,127,259,1,30224,4450,9996211,0.74,86.52
2021-04-27,United Kingdom,67000000,35088,155,260,1,30353,4475,10083135,0.74,86.51
2021-04-28,United Kingdom,67000000,35227,139,262,2,30466,4499,10170058,0.74,86.48
2021-04-29,United Kingdom,67000000,35319,92,262,0,30553,4504,10256982,0.74,86.51
2021-04-30,United Kingdom,67000000,35428,109,263,1,30657,4508,10343905,0.74,86.53
2021-05-01,United Kingdom,67000000,35548,120,264,1,30767,4517,10430829,0.74,86.55
2021-05-02,United Kingdom,67000000,35642,94,265,1,30842,4535,10517753,0.74,86.53
2021-05-03,United Kingdom,67000000,35758,116,267,2,30952,4539,10604676,0.75,86.56
2021-05-04,United Kingdom,67000000,35872,114,268,1,31043,4561,10691600,0.75,86.54
2021-05-05,United Kingdom,67000000,35985,113,270,2,31134,4581,10778523,0.75,86.52
2021-05-06,United Kingdom,67000000,36073,88,271,1,31207,4595,10865447,0.75,86.51
2021-05-07,United Kingdom,67000000,36214,141,272,1,31337,4605,10952370,0.75,86.53
2021-05-08,United Kingdom,67000000,36303,89,272,0,31419,4612,11039294,0.75,86.55
2021-05-09,United Kingdom,67000000,36434,131,273,1,31528,4633,11126218,0.75,86.53
2021-05-10,United Kingdom,67000000,36553,119,274,1,31625,4654,11213141,0.75,86.52
2021-05-11,United Kingdom,67000000,36675,122,275,1,31730,4670,11300065,0.75,86.52
2021-05-12,United Kingdom,67000000,36798,123,277,2,31833,4688,11386988,0.75,86.51
2021-05-13,United Kingdom,67000000,36898,100,278,1,31913,4707,11473912,0.75,86.49
2021-05-14,United Kingdom,67000000,37009,111,280,2,32006,4723,11560835,0.76,86.48
2021-05-15,United Kingdom,67000000,37133,124,280,0,32111,4742,11647759,0.75,86.48
2021-05-16,United Kingdom,67000000,37231,98,281,1,32192,4758,11734683,0.75,86.47
2021-05-17,United Kingdom,67000000,37341,110,281,0,32291,4769,11821606,0.75,86.48
2021-05-18,United Kingdom,67000000,37453,112,282,1,32396,4775,11908530,0.75,86.5
2021-05-19,United Kingdom,67000000,37573,120,283,1,32500,4790,11995453,0.75,86.5
2021-05-20,United Kingdom,67000000,37649,76,284,1,32562,4803,12082377,0.75,86.49
2021-05-21,United Kingdom,67000000,37748,99,286,2,32643,4819,12169301,0.76,86.48
2021-05-22,United Kingdom,67000000,37887,139,288,2,32774,4825,12256224,0.76,86.5
2021-05-23,United Kingdom,67000000,38007,120,290,2,32875,4842,12343148,0.76,86.5
2021-05-24,United Kingdom,67000000,38117,110,291,1,32963,4863,12430071,0.76,86.48
2021-05-25,United Kingdom,67000000,38194,77,292,1,33030,4872,12516995,0.76,86.48
2021-05-26,United Kingdom,67000000,38300,106,293,1,33117,4890,12603918,0.77,86.47
2021-05-27,United Kingdom,67000000,38418,118,294,1,33229,4895,12690842,0.77,86.49
2021-05-28,United Kingdom,67000000,38525,107,294,0,33314,4917,12777766,0.76,86.47
2021-05-29,United Kingdom,67000000,38629,104,295,1,33401,4933,12864689,0.76,86.47
2021-05-30,United Kingdom,67000000,38713,84,296,1,33473,4944,12951613,0.76,86.46
2021-05-31,United Kingdom,67000000,38810,97,297,1,33563,4950,13038536,0.77,86.48
2021-06-01,United Kingdom,67000000,38890,80,298,1,33633,4959,13125460,0.77,86.48
2021-06-02,United Kingdom,67000000,39004,114,300,2,33722,4982,13212383,0.77,86.46
2021-06-03,United Kingdom,67000000,39081,77,301,1,33789,4991,13299307,0.77,86.46
2021-06-04,United Kingdom,67000000,39148,67,301,0,33844,5003,13386231,0.77,86.45
2021-06-05,United Kingdom,67000000,39242,94,302,1,33927,5013,13473154,0.77,86.46
2021-06-06,United Kingdom,67000000,39336,94,302,0,34000,5034,13560078,0.77,86.43
2021-06-07,United Kingdom,67000000,39436,100,303,1,34095,5038,13647001,0.77,86.46
2021-06-08,United Kingdom,67000000,39515,79,304,1,34167,5044,13733925,0.77,86.47
2021-06-09,United Kingdom,67000000,39632,117,304,0,34275,5053,13820849,0.77,86.48
2021-06-10,United Kingdom,67000000,39714,82,304,0,34345,5065,13907772,0.77,86.48
2021-06-11,United Kingdom,67000000,39801,87,305,1,34417,5079,13994696,0.77,86.47
2021-06-12,United Kingdom,67000000,39904,103,307,2,34511,5086,14081619,0.77,86.49
2021-06-13,United Kingdom,67000000,39987,83,307,0,34579,5101,14168543,0.77,86.48
2021-06-14,United Kingdom,67000000,40073,86,308,1,34655,5110,14255466,0.77,86.48
2021-06-15,United Kingdom,67000000,40160,87,309,1,34733,5118,14342390,0.77,86.49
2021-06-16,United Kingdom,67000000,40237,77,310,1,34797,5130,14429314,0.77,86.48
2021-06-17,United Kingdom,67000000,40311,74,310,0,34859,5142,14516237,0.77,86.48
2021-06-18,United Kingdom,67000000,40396,85,311,1,34938,5147,14603161,0.77,86.49
2021-06-19,United Kingdom,67000000,40484,88,311,0,35007,5166,14690084,0.77,86.47
2021-06-20,United Kingdom,67000000,40562,78,311,0,35068,5183,14777008,0.77,86.46
2021-06-21,United Kingdom,67000000,40665,103,311,0,35163,5191,14863931,0.76,86.47
2021-06-22,United Kingdom,67000000,40747,82,311,0,35228,5208,14950855,0.76,86.46
2021-06-23,United Kingdom,67000000,40847,100,311,0,35323,5213,15037779,0.76,86.48
2021-06-24,United Kingdom,67000000,40946,99,312,1,35415,5219,15124702,0.76,86.49
2021-06-25,United Kingdom,67000000,41076,130,314,2,35516,5246,15211626,0.76,86.46
2021-06-26,United Kingdom,67000000,41174,98,315,1,35609,5250,15298549,0.77,86.48
2021-06-27,United Kingdom,67000000,41247,73,316,1,35678,5253,15385473,0.77,86.5
2021-06-28,United Kingdom,67000000,41342,95,317,1,35769,5256,15472397,0.77,86.52
2021-06-29,United Kingdom,67000000,41426,84,317,0,35842,5267,15559320,0.77,86.52
2021-06-30,United Kingdom,67000000,41509,83,318,1,35921,5270,15646244,0.77,86.54
2021-07-01,United Kingdom,67000000,41622,113,319,1,36021,5282,15733167,0.77,86.54
2021-07-02,United Kingdom,67000000,41694,72,319,0,36084,5291,15820091,0.77,86.54
2021-07-03,United Kingdom,67000000,41813,119,319,0,36176,5318,15907014,0.76,86.52
2021-07-04,United Kingdom,67000000,41883,70,319,0,36238,5326,15993938,0.76,86.52
2021-07-05,United Kingdom,67000000,41977,94,319,0,36316,5342,16080862,0.76,86.51
2021-07-06,United Kingdom,67000000,42068,91,320,1,36398,5350,16167785,0.76,86.52
2021-07-07,United Kingdom,67000000,42139,71,320,0,36454,5365,16254709,0.76,86.51
2021-07-08,United Kingdom,67000000,42223,84,321,1,36522,5380,16341632,0.76,86.5
2021-07-09,United Kingdom,67000000,42298,75,321,0,36581,5396,16428556,0.76,86.48
2021-07-10,United Kingdom,67000000,42413,115,322,1,36688,5403,16515479,0.76,86.5
2021-07-11,United Kingdom,67000000,42515,102,323,1,36770,5422,16602403,0.76,86.49
2021-07-12,United Kingdom,67000000,42617,102,324,1,36859,5434,16689327,0.76,86.49
2021-07-13,United Kingdom,67000000,42685,68,325,1,36919,5441,16776250,0.76,86.49
2021-07-14,United Kingdom,67000000,42774,89,326,1,36992,5456,16863174,0.76,86.48
2021-07-15,United Kingdom,67000000,42876,102,327,1,37088,5461,16950097,0.76,86.5
2021-07-16,United Kingdom,67000000,42984,108,328,1,37173,5483,17037021,0.76,86.48
2021-07-17,United Kingdom,67000000,43061,77,329,1,37234,5498,17123945,0.76,86.47
2021-07-18,United Kingdom,67000000,43123,62,329,0,37288,5506,17210868,0.76,86.47
2021-07-19,United Kingdom,67000000,43226,103,330,1,37370,5526,17297792,0.76,86.45
2021-07-20,United Kingdom,67000000,43323,97,330,0,37450,5543,17384715,0.76,86.44
2021-07-21,United Kingdom,67000000,43417,94,330,0,37536,5551,17471639,0.76,86.45
2021-07-22,United Kingdom,67000000,43503,86,331,1,37612,5560,17558562,0.76,86.46
2021-07-23,United Kingdom,67000000,43590,87,332,1,37686,5572,17645486,0.76,86.46
2021-07-24,United Kingdom,67000000,43667,77,333,1,37753,5581,17732410,0.76,86.46
2021-07-25,United Kingdom,67000000,43785,118,334,1,37855,5596,17819333,0.76,86.46
2021-07-26,United Kingdom,67000000,43841,56,335,1,37903,5603,17906257,0.76,86.46
2021-07-27,United Kingdom,67000000,43917,76,336,1,37974,5607,17993180,0.77,86.47
2021-07-28,United Kingdom,67000000,43990,73,337,1,38039,5614,18080104,0.77,86.47
2021-07-29,United Kingdom,67000000,44062,72,337,0,38096,5629,18167027,0.76,86.46
2021-07-30,United Kingdom,67000000,44154,92,338,1,38181,5635,18253951,0.77,86.47
2021-07-31,United Kingdom,67000000,44225,71,339,1,38238,5648,18340875,0.77,86.46
2021-08-01,United Kingdom,67000000,44295,70,339,0,38304,5652,18427798,0.77,86.47
2021-08-02,United Kingdom,67000000,44369,74,340,1,38371,5658,18514722,0.77,86.48
2021-08-03,United Kingdom,67000000,44447,78,340,0,38439,5668,18601645,0.76,86.48
2021-08-04,United Kingdom,67000000,44533,86,341,1,38509,5683,18688569,0.77,86.47
2021-08-05,United Kingdom,67000000,44633,100,342,1,38600,5691,18775493,0.77,86.48
2021-08-06,United Kingdom,67000000,44729,96,343,1,38686,5700,18862416,0.77,86.49
2021-08-07,United Kingdom,67000000,44801,72,343,0,38744,5714,18949340,0.77,86.48
2021-08-08,United Kingdom,67000000,44864,63,344,1,38803,5717,19036263,0.77,86.49
2021-08-09,United Kingdom,67000000,44934,70,344,0,38863,5727,19123187,0.77,86.49
2021-08-10,United Kingdom,67000000,45015,81,344,0,38929,5742,19210110,0.76,86.48
2021-08-11,United Kingdom,67000000,45127,112,345,1,39028,5754,19297034,0.76,86.48
2021-08-12,United Kingdom,67000000,45217,90,346,1,39108,5763,19383958,0.77,86.49
2021-08-13,United Kingdom,67000000,45278,61,347,1,39163,5768,19470881,0.77,86.49
2021-08-14,United Kingdom,67000000,45355,77,347,0,39224,5784,19557805,0.77,86.48
2021-08-15,United Kingdom,67000000,45433,78,347,0,39295,5791,19644728,0.76,86.49
2021-08-16,United Kingdom,67000000,45522,89,347,0,39376,5799,19731652,0.76,86.5
2021-08-17,United Kingdom,67000000,45597,75,348,1,39444,5805,19818575,0.76,86.51
2021-08-18,United Kingdom,67000000,45699,102,349,1,39527,5823,19905499,0.76,86.49
2021-08-19,United Kingdom,67000000,45801,102,350,1,39609,5842,19992423,0.76,86.48
2021-08-20,United Kingdom,67000000,45890,89,351,1,39685,5854,20079346,0.76,86.48
2021-08-21,United Kingdom,67000000,46007,117,352,1,39793,5862,20166270,0.77,86.49
2021-08-22,United Kingdom,67000000,46106,99,353,1,39881,5872,20253193,0.77,86.5
2021-08-23,United Kingdom,67000000,46199,93,354,1,39955,5890,20340117,0.77,86.48
2021-08-24,United Kingdom,67000000,46284,85,355,1,40025,5904,20427041,0.77,86.48
2021-08-25,United Kingdom,67000000,46388,104,355,0,40122,5911,20513964,0.77,86.49
2021-08-26,United Kingdom,67000000,46495,107,355,0,40220,5920,20600888,0.76,86.5
2021-08-27,United Kingdom,67000000,46558,63,355,0,40271,5932,20687811,0.76,86.5
2021-08-28,United Kingdom,67000000,46641,83,356,1,40343,5942,20774735,0.76,86.5
2021-08-29,United Kingdom,67000000,46734,93,357,1,40416,5961,20861658,0.76,86.48
2021-08-30,United Kingdom,67000000,46822,88,358,1,40485,5979,20948582,0.76,86.47
2021-08-31,United Kingdom,67000000,46921,99,359,1,40576,5986,21035506,0.77,86.48
2021-09-01,United Kingdom,67000000,47016,95,360,1,40655,6001,21122429,0.77,86.47
2021-09-02,United Kingdom,67000000,47097,81,361,1,40720,6016,21209353,0.77,86.46
2021-09-03,United Kingdom,67000000,47173,76,361,0,40785,6027,21296276,0.77,86.46
2021-09-04,United Kingdom,67000000,47274,101,363,2,40877,6034,21383200,0.77,86.47
2021-09-05,United Kingdom,67000000,47346,72,364,1,40940,6042,21470123,0.77,86.47
2021-09-06,United Kingdom,67000000,47419,73,365,1,41000,6054,21557047,0.77,86.46
2021-09-07,United Kingdom,67000000,47512,93,365,0,41085,6062,21643971,0.77,86.47
2021-09-08,United Kingdom,67000000,47599,87,365,0,41155,6079,21730894,0.77,86.46
2021-09-09,United Kingdom,67000000,47676,77,365,0,41215,6096,21817818,0.77,86.45
2021-09-10,United Kingdom,67000000,47789,113,366,1,41320,6103,21904741,0.77,86.46
2021-09-11,United Kingdom,67000000,47892,103,366,0,41406,6120,21991665,0.76,86.46
2021-09-12,United Kingdom,67000000,47994,102,367,1,41496,6131,22078589,0.76,86.46
2021-09-13,United Kingdom,67000000,48073,79,368,1,41565,6140,22165512,0.77,86.46
2021-09-14,United Kingdom,67000000,48180,107,369,1,41655,6156,22252436,0.77,86.46
2021-09-15,United Kingdom,67000000,48279,99,370,1,41743,6166,22339359,0.77,86.46
2021-09-16,United Kingdom,67000000,48368,89,371,1,41819,6178,22426283,0.77,86.46
2021-09-17,United Kingdom,67000000,48447,79,371,0,41893,6183,22513206,0.77,86.47
2021-09-18,United Kingdom,67000000,48542,95,372,1,41982,6188,22600130,0.77,86.49
2021-09-19,United Kingdom,67000000,48672,130,373,1,42089,6210,22687054,0.77,86.47
2021-09-20,United Kingdom,67000000,48798,126,373,0,42209,6216,22773977,0.76,86.5
2021-09-21,United Kingdom,67000000,48900,102,374,1,42295,6231,22860901,0.76,86.49
2021-09-22,United Kingdom,67000000,48984,84,375,1,42374,6235,22947824,0.77,86.51
2021-09-23,United Kingdom,67000000,49074,90,376,1,42459,6239,23034748,0.77,86.52
2021-09-24,United Kingdom,67000000,49172,98,377,1,42543,6252,23121671,0.77,86.52
2021-09-25,United Kingdom,67000000,49298,126,378,1,42642,6278,23208595,0.77,86.5
2021-09-26,United Kingdom,67000000,49393,95,379,1,42730,6284,23295519,0.77,86.51
2021-09-27,United Kingdom,67000000,49496,103,380,1,42816,6300,23382442,0.77,86.5
2021-09-28,United Kingdom,67000000,49654,158,381,1,42956,6317,23469366,0.77,86.51
2021-09-29,United Kingdom,67000000,49747,93,382,1,43029,6336,23556289,0.77,86.5
2021-09-30,United Kingdom,67000000,49858,111,382,0,43126,6350,23643213,0.77,86.5
2021-10-01,United Kingdom,67000000,49920,62,382,0,43181,6357,23730137,0.77,86.5
2021-10-02,United Kingdom,67000000,50007,87,383,1,43251,6373,23817060,0.77,86.49
2021-10-03,United Kingdom,67000000,50105,98,384,1,43334,6387,23903984,0.77,86.49
2021-10-04,United Kingdom,67000000,50229,124,386,2,43439,6404,23990907,0.77,86.48
2021-10-05,United Kingdom,67000000,50311,82,386,0,43506,6419,24077831,0.77,86.47
2021-10-06,United Kingdom,67000000,50419,108,387,1,43593,6439,24164754,0.77,86.46
2021-10-07,United Kingdom,67000000,50546,127,388,1,43698,6460,24251678,0.77,86.45
2021-10-08,United Kingdom,67000000,50651,105,389,1,43787,6475,24338602,0.77,86.45
2021-10-09,United Kingdom,67000000,50741,90,390,1,43865,6486,24425525,0.77,86.45
2021-10-10,United Kingdom,67000000,50827,86,391,1,43941,6495,24512449,0.77,86.45
2021-10-11,United Kingdom,67000000,50921,94,392,1,44017,6512,24599372,0.77,86.44
2021-10-12,United Kingdom,67000000,51032,111,393,1,44111,6528,24686296,0.77,86.44
2021-10-13,United Kingdom,67000000,51136,104,394,1,44206,6536,24773219,0.77,86.45
2021-10-14,United Kingdom,67000000,51224,88,395,1,44285,6544,24860143,0.77,86.45
2021-10-15,United Kingdom,67000000,51321,97,396,1,44376,6549,24947067,0.77,86.47
2021-10-16,United Kingdom,67000000,51416,95,398,2,44457,6561,25033990,0.77,86.47
2021-10-17,United Kingdom,67000000,51519,103,399,1,44549,6571,25120914,0.77,86.47
2021-10-18,United Kingdom,67000000,51602,83,400,1,44625,6577,25207837,0.78,86.48
2021-10-19,United Kingdom,67000000,51714,112,401,1,44722,6591,25294761,0.78,86.48
2021-10-20,United Kingdom,67000000,51800,86,402,1,44801,6597,25381685,0.78,86.49
2021-10-21,United Kingdom,67000000,51889,89,403,1,44878,6608,25468608,0.78,86.49
2021-10-22,United Kingdom,67000000,51982,93,404,1,44965,6613,25555532,0.78,86.5
2021-10-23,United Kingdom,67000000,52086,104,406,2,45046,6634,25642455,0.78,86.48
2021-10-24,United Kingdom,67000000,52189,103,406,0,45142,6641,25729379,0.78,86.5
2021-10-25,United Kingdom,67000000,52310,121,408,2,45249,6653,25816302,0.78,86.5
2021-10-26,United Kingdom,67000000,52448,138,410,2,45378,6660,25903226,0.78,86.52
2021-10-27,United Kingdom,67000000,52564,116,411,1,45488,6665,25990150,0.78,86.54
2021-10-28,United Kingdom,67000000,52674,110,412,1,45585,6677,26077073,0.78,86.54
2021-10-29,United Kingdom,67000000,52811,137,412,0,45704,6695,26163997,0.78,86.54
2021-10-30,United Kingdom,67000000,52915,104,413,1,45802,6700,26250920,0.78,86.56
2021-10-31,United Kingdom,67000000,53034,119,414,1,45902,6718,26337844,0.78,86.55
2021-11-01,United Kingdom,67000000,53164,130,416,2,46022,6726,26424767,0.78,86.57
2021-11-02,United Kingdom,67000000,53232,68,416,0,46085,6731,26511691,0.78,86.57
2021-11-03,United Kingdom,67000000,53309,77,417,1,46155,6737,26598615,0.78,86.58
2021-11-04,United Kingdom,67000000,53430,121,418,1,46250,6762,26685538,0.78,86.56
2021-11-05,United Kingdom,67000000,53531,101,419,1,46341,6771,26772462,0.78,86.57
2021-11-06,United Kingdom,67000000,53628,97,419,0,46429,6780,26859385,0.78,86.58
2021-11-07,United Kingdom,67000000,53723,95,420,1,46506,6797,26946309,0.78,86.57
2021-11-08,United Kingdom,67000000,53815,92,421,1,46579,6815,27033233,0.78,86.55
2021-11-09,United Kingdom,67000000,53954,139,423,2,46694,6837,27120156,0.78,86.54
2021-11-10,United Kingdom,67000000,54063,109,424,1,46792,6847,27207080,0.78,86.55
2021-11-11,United Kingdom,67000000,54166,103,424,0,46876,6866,27294003,0.78,86.54
2021-11-12,United Kingdom,67000000,54290,124,425,1,46989,6876,27380927,0.78,86.55
2021-11-13,United Kingdom,67000000,54379,89,426,1,47073,6880,27467850,0.78,86.56
2021-11-14,United Kingdom,67000000,54506,127,428,2,47179,6899,27554774,0.79,86.56
2021-11-15,United Kingdom,67000000,54631,125,429,1,47288,6914,27641698,0.79,86.56
2021-11-16,United Kingdom,67000000,54730,99,429,0,47381,6920,27728621,0.78,86.57
2021-11-17,United Kingdom,67000000,54858,128,431,2,47480,6947,27815545,0.79,86.55
2021-11-18,United Kingdom,67000000,54966,108,432,1,47564,6970,27902468,0.79,86.53
2021-11-19,United Kingdom,67000000,55080,114,432,0,47655,6993,27989392,0.78,86.52
2021-11-20,United Kingdom,67000000,55214,134,433,1,47782,6999,28076315,0.78,86.54
2021-11-21,United Kingdom,67000000,55345,131,434,1,47885,7026,28163239,0.78,86.52
2021-11-22,United Kingdom,67000000,55467,122,436,2,47980,7051,28250163,0.79,86.5
2021-11-23,United Kingdom,67000000,55578,111,436,0,48080,7062,28337086,0.78,86.51
2021-11-24,United Kingdom,67000000,55703,125,438,2,48199,7066,28424010,0.79,86.53
2021-11-25,United Kingdom,67000000,55810,107,439,1,48294,7077,28510933,0.79,86.53
2021-11-26,United Kingdom,67000000,55916,106,440,1,48380,7096,28597857,0.79,86.52
2021-11-27,United Kingdom,67000000,56032,116,442,2,48481,7109,28684781,0.79,86.52
2021-11-28,United Kingdom,67000000,56154,122,443,1,48597,7114,28771704,0.79,86.54
2021-11-29,United Kingdom,67000000,56292,138,445,2,48721,7126,28858628,0.79,86.55
2021-11-30,United Kingdom,67000000,56411,119,446,1,48813,7152,28945551,0.79,86.53
2021-12-01,United Kingdom,67000000,56513,102,447,1,48899,7167,29032475,0.79,86.53
2021-12-02,United Kingdom,67000000,56612,99,448,1,48977,7187,29119398,0.79,86.51
2021-12-03,United Kingdom,67000000,56728,116,449,1,49076,7203,29206322,0.79,86.51
2021-12-04,United Kingdom,67000000,56836,108,450,1,49176,7210,29293246,0.79,86.52
2021-12-05,United Kingdom,67000000,56996,160,453,3,49324,7219,29380169,0.79,86.54
2021-12-06,United Kingdom,67000000,57091,95,454,1,49409,7228,29467093,0.8,86.54
2021-12-07,United Kingdom,67000000,57210,119,456,2,49512,7242,29554016,0.8,86.54
2021-12-08,United Kingdom,67000000,57300,90,457,1,49588,7255,29640940,0.8,86.54
2021-12-09,United Kingdom,67000000,57415,115,458,1,49678,7279,29727863,0.8,86.52
2021-12-10,United Kingdom,67000000,57518,103,459,1,49763,7296,29814787,0.8,86.52
2021-12-11,United Kingdom,67000000,57619,101,459,0,49859,7301,29901711,0.8,86.53
2021-12-12,United Kingdom,67000000,57752,133,460,1,49977,7315,29988634,0.8,86.54
2021-12-13,United Kingdom,67000000,57891,139,462,2,50102,7327,30075558,0.8,86.55
2021-12-14,United Kingdom,67000000,58055,164,464,2,50255,7336,30162481,0.8,86.56
2021-12-15,United Kingdom,67000000,58171,116,466,2,50358,7347,30249405,0.8,86.57
2021-12-16,United Kingdom,67000000,58260,89,467,1,50437,7356,30336329,0.8,86.57
2021-12-17,United Kingdom,67000000,58358,98,468,1,50525,7365,30423252,0.8,86.58
2021-12-18,United Kingdom,67000000,58460,102,468,0,50604,7388,30510176,0.8,86.56
2021-12-19,United Kingdom,67000000,58576,116,469,1,50702,7405,30597099,0.8,86.56
2021-12-20,United Kingdom,67000000,58686,110,469,0,50794,7423,30684023,0.8,86.55
2021-12-21,United Kingdom,67000000,58789,103,469,0,50879,7441,30770946,0.8,86.55
2021-12-22,United Kingdom,67000000,58866,77,469,0,50949,7448,30857870,0.8,86.55
2021-12-23,United Kingdom,67000000,58996,130,470,1,51071,7455,30944794,0.8,86.57
2021-12-24,United Kingdom,67000000,59139,143,473,3,51187,7479,31031717,0.8,86.55
2021-12-25,United Kingdom,67000000,59252,113,473,0,51284,7495,31118641,0.8,86.55
2021-12-26,United Kingdom,67000000,59336,84,474,1,51357,7505,31205564,0.8,86.55
2021-12-27,United Kingdom,67000000,59456,120,476,2,51455,7525,31292488,0.8,86.54
2021-12-28,United Kingdom,67000000,59533,77,477,1,51515,7541,31379411,0.8,86.53
2021-12-29,United Kingdom,67000000,59644,111,477,0,51602,7565,31466335,0.8,86.52
2021-12-30,United Kingdom,67000000,59740,96,477,0,51686,7577,31553259,0.8,86.52
2021-12-31,United Kingdom,67000000,59832,92,478,1,51760,7594,31640182,0.8,86.51
2022-01-01,United Kingdom,67000000,59954,122,479,1,51864,7611,31727106,0.8,86.51
2022-01-02,United Kingdom,67000000,60048,94,479,0,51949,7620,31814029,0.8,86.51
2022-01-03,United Kingdom,67000000,60152,104,481,2,52041,7630,31900953,0.8,86.52
2022-01-04,United Kingdom,67000000,60280,128,482,1,52141,7657,31987877,0.8,86.5
2022-01-05,United Kingdom,67000000,60404,124,482,0,52245,7677,32074800,0.8,86.49
2022-01-06,United Kingdom,67000000,60508,104,484,2,52328,7696,32161724,0.8,86.48
2022-01-07,United Kingdom,67000000,60612,104,485,1,52420,7707,32248647,0.8,86.48
2022-01-08,United Kingdom,67000000,60702,90,485,0,52491,7726,32335571,0.8,86.47
2022-01-09,United Kingdom,67000000,60810,108,486,1,52578,7746,32422494,0.8,86.46
2022-01-10,United Kingdom,67000000,60956,146,488,2,52703,7765,32509418,0.8,86.46
2022-01-11,United Kingdom,67000000,61073,117,489,1,52811,7773,32596342,0.8,86.47
2022-01-12,United Kingdom,67000000,61192,119,491,2,52912,7789,32683265,0.8,86.47
2022-01-13,United Kingdom,67000000,61281,89,491,0,52988,7802,32770189,0.8,86.47
2022-01-14,United Kingdom,67000000,61384,103,492,1,53084,7808,32857112,0.8,86.48
2022-01-15,United Kingdom,67000000,61486,102,492,0,53180,7814,32944036,0.8,86.49
2022-01-16,United Kingdom,67000000,61581,95,492,0,53263,7826,33030959,0.8,86.49
2022-01-17,United Kingdom,67000000,61705,124,493,1,53378,7834,33117883,0.8,86.51
2022-01-18,United Kingdom,67000000,61807,102,494,1,53460,7853,33204807,0.8,86.5
2022-01-19,United Kingdom,67000000,61912,105,494,0,53551,7867,33291730,0.8,86.5
2022-01-20,United Kingdom,67000000,62039,127,495,1,53671,7873,33378654,0.8,86.51
2022-01-21,United Kingdom,67000000,62144,105,496,1,53768,7880,33465577,0.8,86.52
2022-01-22,United Kingdom,67000000,62245,101,497,1,53849,7899,33552501,0.8,86.51
2022-01-23,United Kingdom,67000000,62345,100,497,0,53943,7905,33639425,0.8,86.52
2022-01-24,United Kingdom,67000000,62444,99,498,1,54032,7914,33726348,0.8,86.53
2022-01-25,United Kingdom,67000000,62534,90,499,1,54108,7927,33813272,0.8,86.53
2022-01-26,United Kingdom,67000000,62638,104,500,1,54205,7933,33900195,0.8,86.54
2022-01-27,United Kingdom,67000000,62735,97,501,1,54284,7950,33987119,0.8,86.53
2022-01-28,United Kingdom,67000000,62865,130,502,1,54391,7972,34074042,0.8,86.52
2022-01-29,United Kingdom,67000000,62951,86,502,0,54464,7985,34160966,0.8,86.52
2022-01-30,United Kingdom,67000000,63056,105,503,1,54559,7994,34247890,0.8,86.52
2022-01-31,United Kingdom,67000000,63155,99,505,2,54653,7997,34334813,0.8,86.54
2022-02-01,United Kingdom,67000000,63245,90,505,0,54734,8006,34421737,0.8,86.54
2022-02-02,United Kingdom,67000000,63336,91,506,1,54816,8014,34508660,0.8,86.55
2022-02-03,United Kingdom,67000000,63415,79,507,1,54884,8024,34595584,0.8,86.55
2022-02-04,United Kingdom,67000000,63501,86,508,1,54957,8036,34682507,0.8,86.55
2022-02-05,United Kingdom,67000000,63575,74,508,0,55018,8049,34769431,0.8,86.54
2022-02-06,United Kingdom,67000000,63652,77,508,0,55082,8062,34856355,0.8,86.54
2022-02-07,United Kingdom,67000000,63731,79,509,1,55153,8069,34943278,0.8,86.54
2022-02-08,United Kingdom,67000000,63844,113,510,1,55260,8074,35030202,0.8,86.55
2022-02-09,United Kingdom,67000000,63927,83,510,0,55333,8084,35117125,0.8,86.56
2022-02-10,United Kingdom,67000000,64003,76,511,1,55396,8096,35204049,0.8,86.55
2022-02-11,United Kingdom,67000000,64130,127,512,1,55514,8104,35290973,0.8,86.56
2022-02-12,United Kingdom,67000000,64226,96,513,1,55589,8124,35377896,0.8,86.55
2022-02-13,United Kingdom,67000000,64296,70,514,1,55655,8127,35464820,0.8,86.56
2022-02-14,United Kingdom,67000000,64394,98,515,1,55738,8141,35551743,0.8,86.56
2022-02-15,United Kingdom,67000000,64467,73,516,1,55796,8155,35638667,0.8,86.55
2022-02-16,United Kingdom,67000000,64542,75,517,1,55854,8171,35725590,0.8,86.54
2022-02-17,United Kingdom,67000000,64613,71,518,1,55918,8177,35812514,0.8,86.54
2022-02-18,United Kingdom,67000000,64689,76,518,0,55978,8193,35899438,0.8,86.53
2022-02-19,United Kingdom,67000000,64754,65,518,0,56038,8198,35986361,0.8,86.54
2022-02-20,United Kingdom,67000000,64840,86,519,1,56114,8207,36073285,0.8,86.54
2022-02-21,United Kingdom,67000000,64936,96,521,2,56197,8218,36160208,0.8,86.54
2022-02-22,United Kingdom,67000000,65020,84,521,0,56269,8230,36247132,0.8,86.54
2022-02-23,United Kingdom,67000000,65110,90,522,1,56340,8248,36334055,0.8,86.53
2022-02-24,United Kingdom,67000000,65177,67,522,0,56398,8257,36420979,0.8,86.53
2022-02-25,United Kingdom,67000000,65261,84,523,1,56468,8270,36507903,0.8,86.53
2022-02-26,United Kingdom,67000000,65357,96,524,1,56550,8283,36594826,0.8,86.52
2022-02-27,United Kingdom,67000000,65431,74,525,1,56611,8295,36681750,0.8,86.52
2022-02-28,United Kingdom,67000000,65513,82,525,0,56689,8299,36768673,0.8,86.53
2022-03-01,United Kingdom,67000000,65584,71,526,1,56755,8303,36855597,0.8,86.54
2022-03-02,United Kingdom,67000000,65650,66,526,0,56815,8309,36942521,0.8,86.54
2022-03-03,United Kingdom,67000000,65722,72,526,0,56875,8321,37029444,0.8,86.54
2022-03-04,United Kingdom,67000000,65811,89,527,1,56945,8339,37116368,0.8,86.53
2022-03-05,United Kingdom,67000000,65904,93,528,1,57024,8352,37203291,0.8,86.53
2022-03-06,United Kingdom,67000000,65965,61,528,0,57073,8364,37290215,0.8,86.52
2022-03-07,United Kingdom,67000000,66041,76,529,1,57135,8377,37377138,0.8,86.51
2022-03-08,United Kingdom,67000000,66086,45,529,0,57175,8382,37464062,0.8,86.52
2022-03-09,United Kingdom,67000000,66155,69,529,0,57233,8393,37550986,0.8,86.51
2022-03-10,United Kingdom,67000000,66238,83,529,0,57303,8406,37637909,0.8,86.51
2022-03-11,United Kingdom,67000000,66325,87,529,0,57384,8412,37724833,0.8,86.52
2022-03-12,United Kingdom,67000000,66379,54,530,1,57430,8419,37811756,0.8,86.52
2022-03-13,United Kingdom,67000000,66445,66,530,0,57488,8427,37898680,0.8,86.52
2022-03-14,United Kingdom,67000000,66524,79,531,1,57557,8436,37985603,0.8,86.52
2022-03-15,United Kingdom,67000000,66612,88,531,0,57628,8453,38072527,0.8,86.51
2022-03-16,United Kingdom,67000000,66690,78,532,1,57694,8464,38159451,0.8,86.51
2022-03-17,United Kingdom,67000000,66739,49,532,0,57733,8474,38246374,0.8,86.51
2022-03-18,United Kingdom,67000000,66801,62,532,0,57783,8486,38333298,0.8,86.5
2022-03-19,United Kingdom,67000000,66866,65,532,0,57844,8490,38420221,0.8,86.51
2022-03-20,United Kingdom,67000000,66927,61,532,0,57893,8502,38507145,0.79,86.5
2022-03-21,United Kingdom,67000000,66981,54,532,0,57935,8514,38594069,0.79,86.49
2022-03-22,United Kingdom,67000000,67089,108,534,2,58032,8523,38680992,0.8,86.5
2022-03-23,United Kingdom,67000000,67148,59,534,0,58081,8533,38767916,0.8,86.5
2022-03-24,United Kingdom,67000000,67191,43,534,0,58121,8536,38854839,0.79,86.5
2022-03-25,United Kingdom,67000000,67259,68,534,0,58176,8549,38941763,0.79,86.5
2022-03-26,United Kingdom,67000000,67318,59,534,0,58223,8561,39028686,0.79,86.49
2022-03-27,United Kingdom,67000000,67379,61,534,0,58281,8564,39115610,0.79,86.5
2022-03-28,United Kingdom,67000000,67450,71,535,1,58346,8569,39202534,0.79,86.5
2022-03-29,United Kingdom,67000000,67516,66,536,1,58406,8574,39289457,0.79,86.51
2022-03-30,United Kingdom,67000000,67586,70,536,0,58470,8580,39376381,0.79,86.51
2022-03-31,United Kingdom,67000000,67637,51,536,0,58518,8583,39463304,0.79,86.52
2022-04-01,United Kingdom,67000000,67684,47,536,0,58559,8589,39550228,0.79,86.52
2022-04-02,United Kingdom,67000000,67747,63,536,0,58616,8595,39637151,0.79,86.52
2022-04-03,United Kingdom,67000000,67803,56,537,1,58664,8602,39724075,0.79,86.52
2022-04-04,United Kingdom,67000000,67876,73,538,1,58730,8608,39810999,0.79,86.53
2022-04-05,United Kingdom,67000000,67926,50,538,0,58776,8612,39897922,0.79,86.53
2022-04-06,United Kingdom,67000000,67996,70,539,1,58832,8625,39984846,0.79,86.52
2022-04-07,United Kingdom,67000000,68035,39,539,0,58866,8630,40071769,0.79,86.52
2022-04-08,United Kingdom,67000000,68103,68,539,0,58920,8644,40158693,0.79,86.52
2022-04-09,United Kingdom,67000000,68154,51,540,1,58962,8652,40245617,0.79,86.51
2022-04-10,United Kingdom,67000000,68221,67,541,1,59021,8659,40332540,0.79,86.51
2022-04-11,United Kingdom,67000000,68267,46,541,0,59063,8663,40419464,0.79,86.52
2022-04-12,United Kingdom,67000000,68316,49,541,0,59106,8669,40506387,0.79,86.52
2022-04-13,United Kingdom,67000000,68355,39,541,0,59138,8676,40593311,0.79,86.52
2022-04-14,United Kingdom,67000000,68402,47,541,0,59180,8681,40680234,0.79,86.52
2022-04-15,United Kingdom,67000000,68452,50,541,0,59226,8685,40767158,0.79,86.52
2022-04-16,United Kingdom,67000000,68495,43,541,0,59267,8687,40854082,0.79,86.53
2022-04-17,United Kingdom,67000000,68546,51,541,0,59313,8692,40941005,0.79,86.53
2022-04-18,United Kingdom,67000000,68591,45,541,0,59349,8701,41027929,0.79,86.53
2022-04-19,United Kingdom,67000000,68627,36,541,0,59379,8707,41114852,0.79,86.52
2022-04-20,United Kingdom,67000000,68667,40,541,0,59410,8716,41201776,0.79,86.52
2022-04-21,United Kingdom,67000000,68727,60,541,0,59464,8722,41288699,0.79,86.52
2022-04-22,United Kingdom,67000000,68779,52,541,0,59505,8733,41375623,0.79,86.52
2022-04-23,United Kingdom,67000000,68816,37,541,0,59540,8735,41462547,0.79,86.52
2022-04-24,United Kingdom,67000000,68874,58,541,0,59591,8742,41549470,0.79,86.52
2022-04-25,United Kingdom,67000000,68920,46,541,0,59634,8745,41636394,0.78,86.53
2022-04-26,United Kingdom,67000000,68971,51,541,0,59678,8752,41723317,0.78,86.53
2022-04-27,United Kingdom,67000000,69022,51,541,0,59726,8755,41810241,0.78,86.53
2022-04-28,United Kingdom,67000000,69058,36,541,0,59755,8762,41897165,0.78,86.53
2022-04-29,United Kingdom,67000000,69093,35,541,0,59787,8765,41984088,0.78,86.53
2022-04-30,United Kingdom,67000000,69143,50,541,0,59828,8774,42071012,0.78,86.53
2022-05-01,United Kingdom,67000000,69185,42,541,0,59861,8783,42157935,0.78,86.52
2022-05-02,United Kingdom,67000000,69224,39,541,0,59893,8790,42244859,0.78,86.52
2022-05-03,United Kingdom,67000000,69270,46,541,0,59930,8799,42331782,0.78,86.52
2022-05-04,United Kingdom,67000000,69319,49,541,0,59970,8808,42418706,0.78,86.51
2022-05-05,United Kingdom,67000000,69354,35,541,0,60002,8811,42505630,0.78,86.52
2022-05-06,United Kingdom,67000000,69397,43,541,0,60039,8817,42592553,0.78,86.52
2022-05-07,United Kingdom,67000000,69428,31,541,0,60063,8824,42679477,0.78,86.51
2022-05-08,United Kingdom,67000000,69469,41,541,0,60096,8832,42766400,0.78,86.51
2022-05-09,United Kingdom,67000000,69494,25,541,0,60117,8836,42853324,0.78,86.51
2022-05-10,United Kingdom,67000000,69534,40,541,0,60151,8842,42940247,0.78,86.51
2022-05-11,United Kingdom,67000000,69565,31,541,0,60177,8847,43027171,0.78,86.5
2022-05-12,United Kingdom,67000000,69608,43,541,0,60213,8854,43114095,0.78,86.5
2022-05-13,United Kingdom,67000000,69659,51,541,0,60256,8862,43201018,0.78,86.5
2022-05-14,United Kingdom,67000000,69693,34,541,0,60287,8865,43287942,0.78,86.5
2022-05-15,United Kingdom,67000000,69731,38,541,0,60319,8871,43374865,0.78,86.5
2022-05-16,United Kingdom,67000000,69764,33,541,0,60345,8878,43461789,0.78,86.5
2022-05-17,United Kingdom,67000000,69797,33,541,0,60375,8881,43461789,0.78,86.5
2022-05-18,United Kingdom,67000000,69826,29,541,0,60402,8883,43461789,0.77,86.5
2022-05-19,United Kingdom,67000000,69850,24,541,0,60422,8887,43461789,0.77,86.5
2022-05-20,United Kingdom,67000000,69873,23,541,0,60443,8889,43461789,0.77,86.5
2022-05-21,United Kingdom,67000000,69905,32,541,0,60469,8895,43461789,0.77,86.5
2022-05-22,United Kingdom,67000000,69930,25,541,0,60489,8900,43461789,0.77,86.5
2022-05-23,United Kingdom,67000000,69946,16,541,0,60503,8902,43461789,0.77,86.5
2022-05-24,United Kingdom,67000000,69973,27,541,0,60528,8904,43461789,0.77,86.5
2022-05-25,United Kingdom,67000000,69995,22,541,0,60545,8909,43461789,0.77,86.5
2022-05-26,United Kingdom,67000000,70033,38,541,0,60577,8915,43461789,0.77,86.5
2022-05-27,United Kingdom,67000000,70060,27,541,0,60598,8921,43461789,0.77,86.49
2022-05-28,United Kingdom,67000000,70079,19,541,0,60614,8924,43461789,0.77,86.49
2022-05-29,United Kingdom,67000000,70105,26,541,0,60636,8928,43461789,0.77,86.49
2022-05-30,United Kingdom,67000000,70129,24,541,0,60659,8929,43461789,0.77,86.5
2022-05-31,United Kingdom,67000000,70155,26,541,0,60679,8935,43461789,0.77,86.49
2022-06-01,United Kingdom,67000000,70183,28,541,0,60705,8937,43461789,0.77,86.5
2022-06-02,United Kingdom,67000000,70204,21,541,0,60723,8940,43461789,0.77,86.5
2022-06-03,United Kingdom,67000000,70237,33,541,0,60751,8945,43461789,0.77,86.49
2022-06-04,United Kingdom,67000000,70266,29,541,0,60776,8949,43461789,0.77,86.49
2022-06-05,United Kingdom,67000000,70296,30,541,0,60802,8953,43461789,0.77,86.49
2022-06-06,United Kingdom,67000000,70327,31,541,0,60829,8957,43461789,0.77,86.49
2022-06-07,United Kingdom,67000000,70344,17,541,0,60843,8960,43461789,0.77,86.49
2022-06-08,United Kingdom,67000000,70365,21,541,0,60863,8961,43461789,0.77,86.5
2022-06-09,United Kingdom,67000000,70383,18,541,0,60877,8965,43461789,0.77,86.49
2022-06-10,United Kingdom,67000000,70399,16,541,0,60890,8968,43461789,0.77,86.49
2022-06-11,United Kingdom,67000000,70428,29,541,0,60917,8970,43461789,0.77,86.5
2022-06-12,United Kingdom,67000000,70453,25,541,0,60937,8975,43461789,0.77,86.49
2022-06-13,United Kingdom,67000000,70473,20,541,0,60954,8978,43461789,0.77,86.49
2022-06-14,United Kingdom,67000000,70492,19,541,0,60971,8980,43461789,0.77,86.49
2022-06-15,United Kingdom,67000000,70506,14,541,0,60984,8981,43461789,0.77,86.49
2022-06-16,United Kingdom,67000000,70524,18,541,0,60999,8984,43461789,0.77,86.49
2022-06-17,United Kingdom,67000000,70541,17,541,0,61015,8985,43461789,0.77,86.5
2022-06-18,United Kingdom,67000000,70562,21,541,0,61034,8987,43461789,0.77,86.5
2022-06-19,United Kingdom,67000000,70579,17,541,0,61047,8991,43461789,0.77,86.49
2022-06-20,United Kingdom,67000000,70597,18,541,0,61061,8995,43461789,0.77,86.49
2022-06-21,United Kingdom,67000000,70615,18,541,0,61075,8999,43461789,0.77,86.49
2022-06-22,United Kingdom,67000000,70633,18,541,0,61091,9001,43461789,0.77,86.49
2022-06-23,United Kingdom,67000000,70650,17,541,0,61104,9005,43461789,0.77,86.49
2022-06-24,United Kingdom,67000000,70673,23,541,0,61122,9010,43461789,0.77,86.49
2022-06-25,United Kingdom,67000000,70687,14,541,0,61133,9013,43461789,0.77,86.48
2022-06-26,United Kingdom,67000000,70703,16,541,0,61146,9016,43461789,0.77,86.48
2022-06-27,United Kingdom,67000000,70724,21,541,0,61162,9021,43461789,0.76,86.48
2022-06-28,United Kingdom,67000000,70741,17,541,0,61177,9023,43461789,0.76,86.48
2022-06-29,United Kingdom,67000000,70755,14,541,0,61190,9024,43461789,0.76,86.48
2022-06-30,United Kingdom,67000000,70768,13,541,0,61202,9025,43461789,0.76,86.48
2022-07-01,United Kingdom,67000000,70781,13,541,0,61212,9028,43461789,0.76,86.48
2022-07-02,United Kingdom,67000000,70794,13,541,0,61223,9030,43461789,0.76,86.48
2022-07-03,United Kingdom,67000000,70806,12,541,0,61234,9031,43461789,0.76,86.48
2022-07-04,United Kingdom,67000000,70822,16,541,0,61248,9033,43461789,0.76,86.48
2022-07-05,United Kingdom,67000000,70835,13,541,0,61259,9035,43461789,0.76,86.48
2022-07-06,United Kingdom,67000000,70848,13,541,0,61269,9038,43461789,0.76,86.48
2022-07-07,United Kingdom,67000000,70859,11,541,0,61278,9040,43461789,0.76,86.48
2022-07-08,United Kingdom,67000000,70874,15,541,0,61290,9043,43461789,0.76,86.48
2022-07-09,United Kingdom,67000000,70888,14,541,0,61302,9045,43461789,0.76,86.48
2022-07-10,United Kingdom,67000000,70898,10,541,0,61310,9047,43461789,0.76,86.48
2022-07-11,United Kingdom,67000000,70910,12,541,0,61321,9048,43461789,0.76,86.48
2022-07-12,United Kingdom,67000000,70921,11,541,0,61330,9050,43461789,0.76,86.48
2022-07-13,United Kingdom,67000000,70933,12,541,0,61339,9053,43461789,0.76,86.47
2022-07-14,United Kingdom,67000000,70943,10,541,0,61348,9054,43461789,0.76,86.48
2022-07-15,United Kingdom,67000000,70956,13,541,0,61360,9055,43461789,0.76,86.48
2022-07-16,United Kingdom,67000000,70968,12,541,0,61370,9057,43461789,0.76,86.48
2022-07-17,United Kingdom,67000000,70980,12,541,0,61379,9060,43461789,0.76,86.47
2022-07-18,United Kingdom,67000000,70993,13,541,0,61389,9063,43461789,0.76,86.47
2022-07-19,United Kingdom,67000000,71002,9,541,0,61396,9065,43461789,0.76,86.47
2022-07-20,United Kingdom,67000000,71011,9,541,0,61404,9066,43461789,0.76,86.47
2022-07-21,United Kingdom,67000000,71019,8,541,0,61411,9067,43461789,0.76,86.47
2022-07-22,United Kingdom,67000000,71027,8,541,0,61418,9068,43461789,0.76,86.47
2022-07-23,United Kingdom,67000000,71037,10,541,0,61427,9069,43461789,0.76,86.47
2022-07-24,United Kingdom,67000000,71047,10,541,0,61434,9072,43461789,0.76,86.47
2022-07-25,United Kingdom,67000000,71056,9,541,0,61441,9074,43461789,0.76,86.47
2022-07-26,United Kingdom,67000000,71066,10,541,0,61449,9076,43461789,0.76,86.47
2022-07-27,United Kingdom,67000000,71074,8,541,0,61455,9078,43461789,0.76,86.47
2022-07-28,United Kingdom,67000000,71082,8,541,0,61461,9080,43461789,0.76,86.46
2022-07-29,United Kingdom,67000000,71088,6,541,0,61466,9081,43461789,0.76,86.46
2022-07-30,United Kingdom,67000000,71097,9,541,0,61473,9083,43461789,0.76,86.46
2022-07-31,United Kingdom,67000000,71104,7,541,0,61478,9085,43461789,0.76,86.46
2022-08-01,United Kingdom,67000000,71111,7,541,0,61483,9087,43461789,0.76,86.46
2022-08-02,United Kingdom,67000000,71117,6,541,0,61488,9088,43461789,0.76,86.46
2022-08-03,United Kingdom,67000000,71124,7,541,0,61493,9090,43461789,0.76,86.46
2022-08-04,United Kingdom,67000000,71134,10,541,0,61502,9091,43461789,0.76,86.46
2022-08-05,United Kingdom,67000000,71139,5,541,0,61506,9092,43461789,0.76,86.46
2022-08-06,United Kingdom,67000000,71146,7,541,0,61511,9094,43461789,0.76,86.46
2022-08-07,United Kingdom,67000000,71151,5,541,0,61515,9095,43461789,0.76,86.46
2022-08-08,United Kingdom,67000000,71157,6,541,0,61519,9097,43461789,0.76,86.46
2022-08-09,United Kingdom,67000000,71166,9,541,0,61526,9099,43461789,0.76,86.45
2022-08-10,United Kingdom,67000000,71173,7,541,0,61532,9100,43461789,0.76,86.45
2022-08-11,United Kingdom,67000000,71179,6,541,0,61537,9101,43461789,0.76,86.45
2022-08-12,United Kingdom,67000000,71184,5,541,0,61541,9102,43461789,0.76,86.45
2022-08-13,United Kingdom,67000000,71189,5,541,0,61545,9103,43461789,0.76,86.45
2022-08-14,United Kingdom,67000000,71194,5,541,0,61549,9104,43461789,0.76,86.45
2022-08-15,United Kingdom,67000000,71200,6,541,0,61554,9105,43461789,0.76,86.45
2022-08-16,United Kingdom,67000000,71206,6,541,0,61558,9107,43461789,0.76,86.45
2022-08-17,United Kingdom,67000000,71212,6,541,0,61563,9108,43461789,0.76,86.45
2022-08-18,United Kingdom,67000000,71217,5,541,0,61567,9109,43461789,0.76,86.45
2022-08-19,United Kingdom,67000000,71222,5,541,0,61570,9111,43461789,0.76,86.45
2022-08-20,United Kingdom,67000000,71227,5,541,0,61573,9113,43461789,0.76,86.45
2022-08-21,United Kingdom,67000000,71232,5,541,0,61577,9114,43461789,0.76,86.45
2022-08-22,United Kingdom,67000000,71237,5,541,0,61581,9115,43461789,0.76,86.45
2022-08-23,United Kingdom,67000000,71242,5,541,0,61585,9116,43461789,0.76,86.44
2022-08-24,United Kingdom,67000000,71246,4,541,0,61588,9117,43461789,0.76,86.44
2022-08-25,United Kingdom,67000000,71250,4,541,0,61591,9118,43461789,0.76,86.44
2022-08-26,United Kingdom,67000000,71255,5,541,0,61595,9119,43461789,0.76,86.44
2022-08-27,United Kingdom,67000000,71259,4,541,0,61598,9120,43461789,0.76,86.44
2022-08-28,United Kingdom,67000000,71263,4,541,0,61601,9121,43461789,0.76,86.44
2022-08-29,United Kingdom,67000000,71267,4,541,0,61604,9122,43461789,0.76,86.44
2022-08-30,United Kingdom,67000000,71272,5,541,0,61608,9123,43461789,0.76,86.44
2022-08-31,United Kingdom,67000000,71276,4,541,0,61611,9124,43461789,0.76,86.44
2022-09-01,United Kingdom,67000000,71279,3,541,0,61613,9125,43461789,0.76,86.44
2022-09-02,United Kingdom,67000000,71282,3,541,0,61615,9126,43461789,0.76,86.44
2022-09-03,United Kingdom,67000000,71286,4,541,0,61618,9127,43461789,0.76,86.44
2022-09-04,United Kingdom,67000000,71290,4,541,0,61621,9128,43461789,0.76,86.44
2022-09-05,United Kingdom,67000000,71292,2,541,0,61622,9129,43461789,0.76,86.44
2022-09-06,United Kingdom,67000000,71295,3,541,0,61624,9130,43461789,0.76,86.44
2022-09-07,United Kingdom,67000000,71298,3,541,0,61626,9131,43461789,0.76,86.43
2022-09-08,United Kingdom,67000000,71300,2,541,0,61627,9132,43461789,0.76,86.43
2022-09-09,United Kingdom,67000000,71303,3,541,0,61629,9133,43461789,0.76,86.43
2022-09-10,United Kingdom,67000000,71305,2,541,0,61630,9134,43461789,0.76,86.43
2022-09-11,United Kingdom,67000000,71308,3,541,0,61632,9135,43461789,0.76,86.43
2022-09-12,United Kingdom,67000000,71310,2,541,0,61633,9136,43461789,0.76,86.43
2022-09-13,United Kingdom,67000000,71313,3,541,0,61635,9137,43461789,0.76,86.43
2022-09-14,United Kingdom,67000000,71316,3,541,0,61637,9138,43461789,0.76,86.43
2022-09-15,United Kingdom,67000000,71318,2,541,0,61638,9139,43461789,0.76,86.43
2022-09-16,United Kingdom,67000000,71320,2,541,0,61639,9140,43461789,0.76,86.43
2022-09-17,United Kingdom,67000000,71322,2,541,0,61640,9141,43461789,0.76,86.42
2022-09-18,United Kingdom,67000000,71325,3,541,0,61642,9142,43461789,0.76,86.42
2022-09-19,United Kingdom,67000000,71327,2,541,0,61643,9143,43461789,0.76,86.42
2022-09-20,United Kingdom,67000000,71329,2,541,0,61644,9144,43461789,0.76,86.42
2022-09-21,United Kingdom,67000000,71331,2,541,0,61645,9145,43461789,0.76,86.42
2022-09-22,United Kingdom,67000000,71333,2,541,0,61646,9146,43461789,0.76,86.42
2022-09-23,United Kingdom,67000000,71335,2,541,0,61647,9147,43461789,0.76,86.42
2022-09-24,United Kingdom,67000000,71337,2,541,0,61648,9148,43461789,0.76,86.42
2022-09-25,United Kingdom,67000000,71339,2,541,0,61649,9149,43461789,0.76,86.42
2022-09-26,United Kingdom,67000000,71342,3,541,0,61651,9150,43461789,0.76,86.42
2022-09-27,United Kingdom,67000000,71344,2,541,0,61652,9151,43461789,0.76,86.42
2022-09-28,United Kingdom,67000000,71346,2,541,0,61653,9152,43461789,0.76,86.41
2022-09-29,United Kingdom,67000000,71347,1,541,0,61653,9153,43461789,0.76,86.41
2022-09-30,United Kingdom,67000000,71348,1,541,0,61653,9154,43461789,0.76,86.41
2022-10-01,United Kingdom,67000000,71349,1,541,0,61653,9155,43461789,0.76,86.41
2022-10-02,United Kingdom,67000000,71351,2,541,0,61654,9156,43461789,0.76,86.41
2022-10-03,United Kingdom,67000000,71353,2,541,0,61655,9157,43461789,0.76,86.41
2022-10-04,United Kingdom,67000000,71354,1,541,0,61655,9158,43461789,0.76,86.41
2022-10-05,United Kingdom,67000000,71355,1,541,0,61655,9159,43461789,0.76,86.41
2022-10-06,United Kingdom,67000000,71356,1,541,0,61655,9160,43461789,0.76,86.4
2022-10-07,United Kingdom,67000000,71357,1,541,0,61655,9161,43461789,0.76,86.4
2022-10-08,United Kingdom,67000000,71358,1,541,0,61655,9162,43461789,0.76,86.4
2022-10-09,United Kingdom,67000000,71359,1,541,0,61655,9163,43461789,0.76,86.4
2022-10-10,United Kingdom,67000000,71360,1,541,0,61655,9164,43461789,0.76,86.4
2022-10-11,United Kingdom,67000000,71361,1,541,0,61655,9165,43461789,0.76,86.4
2022-10-12,United Kingdom,67000000,71362,1,541,0,61655,9166,43461789,0.76,86.4
2022-10-13,United Kingdom,67000000,71362,0,541,0,61655,9166,43461789,0.76,86.4
2022-10-14,United Kingdom,67000000,71363,1,541,0,61655,9167,43461789,0.76,86.4
2022-10-15,United Kingdom,67000000,71364,1,541,0,61655,9168,43461789,0.76,86.4
2022-10-16,United Kingdom,67000000,71365,1,541,0,61655,9169,43461789,0.76,86.39
2022-10-17,United Kingdom,67000000,71366,1,541,0,61655,9170,43461789,0.76,86.39
2022-10-18,United Kingdom,67000000,71366,0,541,0,61655,9170,43461789,0.76,86.39
2022-10-19,United Kingdom,67000000,71367,1,541,0,61655,9171,43461789,0.76,86.39
2022-10-20,United Kingdom,67000000,71367,0,541,0,61655,9171,43461789,0.76,86.39
2022-10-21,United Kingdom,67000000,71367,0,541,0,61655,9171,43461789,0.76,86.39
2022-10-22,United Kingdom,67000000,71368,1,541,0,61655,9172,43461789,0.76,86.39
2022-10-23,United Kingdom,67000000,71369,1,541,0,61655,9173,43461789,0.76,86.39
2022-10-24,United Kingdom,67000000,71369,0,541,0,61655,9173,43461789,0.76,86.39
2022-10-25,United Kingdom,67000000,71370,1,541,0,61655,9174,43461789,0.76,86.39
2022-10-26,United Kingdom,67000000,71370,0,541,0,61655,9174,43461789,0.76,86.39
2022-10-27,United Kingdom,67000000,71370,0,541,0,61655,9174,43461789,0.76,86.39
2022-10-28,United Kingdom,67000000,71371,1,541,0,61655,9175,43461789,0.76,86.39
2022-10-29,United Kingdom,67000000,71371,0,541,0,61655,9175,43461789,0.76,86.39
2022-10-30,United Kingdom,67000000,71372,1,541,0,61655,9176,43461789,0.76,86.39
2022-10-31,United Kingdom,67000000,71372,0,541,0,61655,9176,43461789,0.76,86.39
2022-11-01,United Kingdom,67000000,71372,0,541,0,61655,9176,43461789,0.76,86.39
2022-11-02,United Kingdom,67000000,71372,0,541,0,61655,9176,43461789,0.76,86.39
2022-11-03,United Kingdom,67000000,71372,0,541,0,61655,9176,43461789,0.76,86.39
2022-11-04,United Kingdom,67000000,71372,0,541,0,61655,9176,43461789,0.76,86.39
2022-11-05,United Kingdom,67000000,71372,0,541,0,61655,9176,43461789,0.76,86.39
2022-11-06,United Kingdom,67000000,71372,0,541,0,61655,9176,43461789,0.76,86.39
2022-11-07,United Kingdom,67000000,71372,0,541,0,61655,9176,43461789,0.76,86.39
2022-11-08,United Kingdom,67000000,71372,0,541,0,61655,9176,43461789,0.76,86.39
2022-11-09,United Kingdom,67000000,71372,0,541,0,61655,9176,43461789,0.76,86.39
2022-11-10,United Kingdom,67000000,71372,0,541,0,61655,9176,43461789,0.76,86.39
2022-11-11,United Kingdom,67000000,71372,0,541,0,61655,9176,43461789,0.76,86.39
2022-11-12,United Kingdom,67000000,71372,0,541,0,61655,9176,43461789,0.76,86.39
2022-11-13,United Kingdom,67000000,71372,0,541,0,61655,9176,43461789,0.76,86.39
2022-11-14,United Kingdom,67000000,71372,0,541,0,61655,9176,43461789,0.76,86.39
2022-11-15,United Kingdom,67000000,71372,0,541,0,61655,9176,43461789,0.76,86.39
2022-11-16,United Kingdom,67000000,71372,0,541,0,61655,9176,43461789,0.76,86.39
2022-11-17,United Kingdom,67000000,71372,0,541,0,61655,9176,43461789,0.76,86.39
2022-11-18,United Kingdom,67000000,71372,0,541,0,61655,9176,43461789,0.76,86.39
2022-11-19,United Kingdom,67000000,71372,0,541,0,61655,9176,43461789,0.76,86.39
2022-11-20,United Kingdom,67000000,71372,0,541,0,61655,9176,43461789,0.76,86.39
2022-11-21,United Kingdom,67000000,71372,0,541,0,61655,9176,43461789,0.76,86.39
2022-11-22,United Kingdom,67000000,71372,0,541,0,61655,9176,43461789,0.76,86.39
2022-11-23,United Kingdom,67000000,71372,0,541,0,61655,9176,43461789,0.76,86.39
2022-11-24,United Kingdom,67000000,71372,0,541,0,61655,9176,43461789,0.76,86.39
2022-11-25,United Kingdom,67000000,71372,0,541,0,61655,9176,43461789,0.76,86.39
2022-11-26,United Kingdom,67000000,71372,0,541,0,61655,9176,43461789,0.76,86.39
2022-11-27,United Kingdom,67000000,71372,0,541,0,61655,9176,43461789,0.76,86.39
2022-11-28,United Kingdom,67000000,71372,0,541,0,61655,9176,43461789,0.76,86.39
2022-11-29,United Kingdom,67000000,71372,0,541,0,61655,9176,43461789,0.76,86.39
2022-11-30,United Kingdom,67000000,71372,0,541,0,61655,9176,43461789,0.76,86.39
2022-12-01,United Kingdom,67000000,71372,0,541,0,61655,9176,43461789,0.76,86.39
2022-12-02,United Kingdom,67000000,71372,0,541,0,61655,9176,43461789,0.76,86.39
2022-12-03,United Kingdom,67000000,71372,0,541,0,61655,9176,43461789,0.76,86.39
2022-12-04,United Kingdom,67000000,71372,0,541,0,61655,9176,43461789,0.76,86.39
2022-12-05,United Kingdom,67000000,71372,0,541,0,61655,9176,43461789,0.76,86.39
2022-12-06,United Kingdom,67000000,71372,0,541,0,61655,9176,43461789,0.76,86.39
2022-12-07,United Kingdom,67000000,71372,0,541,0,61655,9176,43461789,0.76,86.39
2022-12-08,United Kingdom,67000000,71372,0,541,0,61655,9176,43461789,0.76,86.39
2022-12-09,United Kingdom,67000000,71372,0,541,0,61655,9176,43461789,0.76,86.39
2022-12-10,United Kingdom,67000000,71372,0,541,0,61655,9176,43461789,0.76,86.39
2022-12-11,United Kingdom,67000000,71372,0,541,0,61655,9176,43461789,0.76,86.39
2022-12-12,United Kingdom,67000000,71372,0,541,0,61655,9176,43461789,0.76,86.39
2022-12-13,United Kingdom,67000000,71372,0,541,0,61655,9176,43461789,0.76,86.39
2022-12-14,United Kingdom,67000000,71372,0,541,0,61655,9176,43461789,0.76,86.39
2022-12-15,United Kingdom,67000000,71372,0,541,0,61655,9176,43461789,0.76,86.39
2022-12-16,United Kingdom,67000000,71372,0,541,0,61655,9176,43461789,0.76,86.39
2022-12-17,United Kingdom,67000000,71372,0,541,0,61655,9176,43461789,0.76,86.39
2022-12-18,United Kingdom,67000000,71372,0,541,0,61655,9176,43461789,0.76,86.39
2022-12-19,United Kingdom,67000000,71372,0,541,0,61655,9176,43461789,0.76,86.39
2022-12-20,United Kingdom,67000000,71372,0,541,0,61655,9176,43461789,0.76,86.39
2022-12-21,United Kingdom,67000000,71372,0,541,0,61655,9176,43461789,0.76,86.39
2022-12-22,United Kingdom,67000000,71372,0,541,0,61655,9176,43461789,0.76,86.39
2022-12-23,United Kingdom,67000000,71372,0,541,0,61655,9176,43461789,0.76,86.39
2022-12-24,United Kingdom,67000000,71372,0,541,0,61655,9176,43461789,0.76,86.39
2022-12-25,United Kingdom,67000000,71372,0,541,0,61655,9176,43461789,0.76,86.39
2022-12-26,United Kingdom,67000000,71372,0,541,0,61655,9176,43461789,0.76,86.39
2022-12-27,United Kingdom,67000000,71372,0,541,0,61655,9176,43461789,0.76,86.39
2022-12-28,United Kingdom,67000000,71372,0,541,0,61655,9176,43461789,0.76,86.39
2022-12-29,United Kingdom,67000000,71372,0,541,0,61655,9176,43461789,0.76,86.39
2022-12-30,United Kingdom,67000000,71372,0,541,0,61655,9176,43461789,0.76,86.39
2022-12-31,United Kingdom,67000000,71372,0,541,0,61655,9176,43461789,0.76,86.39
2020-01-01,Germany,83000000,2,2,0,0,1,1,0,0,50
2020-01-02,Germany,83000000,4,2,0,0,2,2,0,0,50
2020-01-03,Germany,83000000,6,2,0,0,3,3,0,0,50
2020-01-04,Germany,83000000,9,3,0,0,5,4,0,0,55.56
2020-01-05,Germany,83000000,11,2,0,0,6,5,0,0,54.55
2020-01-06,Germany,83000000,14,3,0,0,8,6,0,0,57.14
2020-01-07,Germany,83000000,17,3,0,0,10,7,0,0,58.82
2020-01-08,Germany,83000000,20,3,0,0,12,8,0,0,60
2020-01-09,Germany,83000000,24,4,0,0,15,9,0,0,62.5
2020-01-10,Germany,83000000,29,5,0,0,19,10,0,0,65.52
2020-01-11,Germany,83000000,33,4,0,0,22,11,0,0,66.67
2020-01-12,Germany,83000000,37,4,0,0,25,12,0,0,67.57
2020-01-13,Germany,83000000,42,5,0,0,29,13,0,0,69.05
2020-01-14,Germany,83000000,47,5,0,0,33,14,0,0,70.21
2020-01-15,Germany,83000000,50,3,0,0,35,15,0,0,70
2020-01-16,Germany,83000000,56,6,0,0,40,16,0,0,71.43
2020-01-17,Germany,83000000,60,4,0,0,43,17,0,0,71.67
2020-01-18,Germany,83000000,67,7,0,0,48,19,0,0,71.64
2020-01-19,Germany,83000000,73,6,0,0,53,20,0,0,72.6
2020-01-20,Germany,83000000,82,9,0,0,61,21,0,0,74.39
2020-01-21,Germany,83000000,87,5,0,0,65,22,0,0,74.71
2020-01-22,Germany,83000000,93,6,0,0,69,24,0,0,74.19
2020-01-23,Germany,83000000,101,8,0,0,76,25,0,0,75.25
2020-01-24,Germany,83000000,108,7,0,0,82,26,0,0,75.93
2020-01-25,Germany,83000000,116,8,0,0,89,27,0,0,76.72
2020-01-26,Germany,83000000,122,6,0,0,94,28,0,0,77.05
2020-01-27,Germany,83000000,133,11,0,0,103,30,0,0,77.44
2020-01-28,Germany,83000000,142,9,0,0,111,31,0,0,78.17
2020-01-29,Germany,83000000,150,8,0,0,118,32,0,0,78.67
2020-01-30,Germany,83000000,158,8,0,0,124,34,0,0,78.48
2020-01-31,Germany,83000000,169,11,0,0,133,36,0,0,78.7
2020-02-01,Germany,83000000,177,8,0,0,139,38,0,0,78.53
2020-02-02,Germany,83000000,185,8,0,0,145,40,0,0,78.38
2020-02-03,Germany,83000000,194,9,0,0,153,41,0,0,78.87
2020-02-04,Germany,83000000,212,18,0,0,169,43,0,0,79.72
2020-02-05,Germany,83000000,222,10,0,0,177,45,0,0,79.73
2020-02-06,Germany,83000000,233,11,0,0,185,48,0,0,79.4
2020-02-07,Germany,83000000,245,12,0,0,195,50,0,0,79.59
2020-02-08,Germany,83000000,255,10,0,0,204,51,0,0,80
2020-02-09,Germany,83000000,269,14,0,0,215,54,0,0,79.93
2020-02-10,Germany,83000000,282,13,0,0,227,55,0,0,80.5
2020-02-11,Germany,83000000,297,15,0,0,238,59,0,0,80.13
2020-02-12,Germany,83000000,309,12,0,0,249,60,0,0,80.58
2020-02-13,Germany,83000000,325,16,0,0,262,63,0,0,80.62
2020-02-14,Germany,83000000,338,13,0,0,272,66,0,0,80.47
2020-02-15,Germany,83000000,352,14,0,0,283,69,0,0,80.4
2020-02-16,Germany,83000000,366,14,0,0,296,70,0,0,80.87
2020-02-17,Germany,83000000,383,17,0,0,309,74,0,0,80.68
2020-02-18,Germany,83000000,399,16,0,0,323,76,0,0,80.95
2020-02-19,Germany,83000000,414,15,0,0,335,79,0,0,80.92
2020-02-20,Germany,83000000,437,23,0,0,353,84,0,0,80.78
2020-02-21,Germany,83000000,453,16,0,0,365,88,0,0,80.57
2020-02-22,Germany,83000000,474,21,0,0,384,90,0,0,81.01
2020-02-23,Germany,83000000,492,18,0,0,401,91,0,0,81.5
2020-02-24,Germany,83000000,509,17,0,0,415,94,0,0,81.53
2020-02-25,Germany,83000000,529,20,0,0,432,97,0,0,81.66
2020-02-26,Germany,83000000,551,22,0,0,452,99,0,0,82.03
2020-02-27,Germany,83000000,571,20,0,0,470,101,0,0,82.31
2020-02-28,Germany,83000000,592,21,0,0,487,105,0,0,82.26
2020-02-29,Germany,83000000,608,16,0,0,501,107,0,0,82.4
2020-03-01,Germany,83000000,636,28,0,0,523,113,0,0,82.23
2020-03-02,Germany,83000000,650,14,0,0,535,115,0,0,82.31
2020-03-03,Germany,83000000,675,25,0,0,558,117,0,0,82.67
2020-03-04,Germany,83000000,695,20,0,0,574,121,0,0,82.59
2020-03-05,Germany,83000000,715,20,0,0,591,124,0,0,82.66
2020-03-06,Germany,83000000,742,27,0,0,614,128,0,0,82.75
2020-03-07,Germany,83000000,775,33,0,0,641,134,0,0,82.71
2020-03-08,Germany,83000000,813,38,0,0,675,138,0,0,83.03
2020-03-09,Germany,83000000,838,25,0,0,696,142,0,0,83.05
2020-03-10,Germany,83000000,870,32,0,0,724,146,0,0,83.22
2020-03-11,Germany,83000000,899,29,0,0,748,151,0,0,83.2
2020-03-12,Germany,83000000,925,26,0,0,772,153,0,0,83.46
2020-03-13,Germany,83000000,957,32,0,0,798,159,0,0,83.39
2020-03-14,Germany,83000000,990,33,0,0,826,164,0,0,83.43
2020-03-15,Germany,83000000,1019,29,0,0,853,166,0,0,83.71
2020-03-16,Germany,83000000,1057,38,0,0,883,174,0,0,83.54
2020-03-17,Germany,83000000,1090,33,0,0,911,179,0,0,83.58
2020-03-18,Germany,83000000,1116,26,0,0,934,182,0,0,83.69
2020-03-19,Germany,83000000,1153,37,0,0,967,186,0,0,83.87
2020-03-20,Germany,83000000,1181,28,0,0,992,189,0,0,84
2020-03-21,Germany,83000000,1213,32,0,0,1022,191,0,0,84.25
2020-03-22,Germany,83000000,1275,62,1,1,1074,200,0,0.08,84.24
2020-03-23,Germany,83000000,1311,36,1,0,1107,203,0,0.08,84.44
2020-03-24,Germany,83000000,1348,37,1,0,1141,206,0,0.07,84.64
2020-03-25,Germany,83000000,1390,42,1,0,1176,213,0,0.07,84.6
2020-03-26,Germany,83000000,1452,62,2,1,1231,219,0,0.14,84.78
2020-03-27,Germany,83000000,1496,44,2,0,1267,227,0,0.13,84.69
2020-03-28,Germany,83000000,1556,60,2,0,1322,232,0,0.13,84.96
2020-03-29,Germany,83000000,1608,52,2,0,1366,240,0,0.12,84.95
2020-03-30,Germany,83000000,1652,44,2,0,1403,247,0,0.12,84.93
2020-03-31,Germany,83000000,1683,31,2,0,1430,251,0,0.12,84.97
2020-04-01,Germany,83000000,1731,48,2,0,1475,254,0,0.12,85.21
2020-04-02,Germany,83000000,1773,42,2,0,1512,259,0,0.11,85.28
2020-04-03,Germany,83000000,1826,53,2,0,1555,269,0,0.11,85.16
2020-04-04,Germany,83000000,1892,66,3,1,1612,277,0,0.16,85.2
2020-04-05,Germany,83000000,1935,43,3,0,1651,281,0,0.16,85.32
2020-04-06,Germany,83000000,1999,64,3,0,1711,285,0,0.15,85.59
2020-04-07,Germany,83000000,2056,57,3,0,1763,290,0,0.15,85.75
2020-04-08,Germany,83000000,2096,40,3,0,1796,297,0,0.14,85.69
2020-04-09,Germany,83000000,2152,56,3,0,1844,305,0,0.14,85.69
2020-04-10,Germany,83000000,2212,60,4,1,1893,315,0,0.18,85.58
2020-04-11,Germany,83000000,2278,66,5,1,1954,319,0,0.22,85.78
2020-04-12,Germany,83000000,2328,50,5,0,1994,329,0,0.21,85.65
2020-04-13,Germany,83000000,2398,70,6,1,2050,342,0,0.25,85.49
2020-04-14,Germany,83000000,2483,85,7,1,2123,353,0,0.28,85.5
2020-04-15,Germany,83000000,2551,68,8,1,2177,366,0,0.31,85.34
2020-04-16,Germany,83000000,2606,55,8,0,2221,377,0,0.31,85.23
2020-04-17,Germany,83000000,2673,67,9,1,2278,386,0,0.34,85.22
2020-04-18,Germany,83000000,2736,63,9,0,2335,392,0,0.33,85.34
2020-04-19,Germany,83000000,2813,77,9,0,2406,398,0,0.32,85.53
2020-04-20,Germany,83000000,2872,59,10,1,2462,400,0,0.35,85.72
2020-04-21,Germany,83000000,2927,55,10,0,2513,404,0,0.34,85.86
2020-04-22,Germany,83000000,3000,73,11,1,2572,417,0,0.37,85.73
2020-04-23,Germany,83000000,3062,62,11,0,2621,430,0,0.36,85.6
2020-04-24,Germany,83000000,3117,55,11,0,2673,433,0,0.35,85.76
2020-04-25,Germany,83000000,3181,64,11,0,2729,441,0,0.35,85.79
2020-04-26,Germany,83000000,3263,82,12,1,2800,451,0,0.37,85.81
2020-04-27,Germany,83000000,3337,74,13,1,2861,463,0,0.39,85.74
2020-04-28,Germany,83000000,3408,71,13,0,2923,472,0,0.38,85.77
2020-04-29,Germany,83000000,3474,66,13,0,2980,481,0,0.37,85.78
2020-04-30,Germany,83000000,3566,92,13,0,3057,496,0,0.36,85.73
2020-05-01,Germany,83000000,3623,57,13,0,3110,500,0,0.36,85.84
2020-05-02,Germany,83000000,3703,80,14,1,3185,504,0,0.38,86.01
2020-05-03,Germany,83000000,3798,95,15,1,3275,508,0,0.39,86.23
2020-05-04,Germany,83000000,3884,86,15,0,3343,526,0,0.39,86.07
2020-05-05,Germany,83000000,3998,114,17,2,3449,532,0,0.43,86.27
2020-05-06,Germany,83000000,4091,93,18,1,3535,538,0,0.44,86.41
2020-05-07,Germany,83000000,4168,77,18,0,3596,554,0,0.43,86.28
2020-05-08,Germany,83000000,4231,63,18,0,3646,567,0,0.43,86.17
2020-05-09,Germany,83000000,4286,55,19,1,3691,576,0,0.44,86.12
2020-05-10,Germany,83000000,4373,87,20,1,3765,588,0,0.46,86.1
2020-05-11,Germany,83000000,4439,66,21,1,3822,596,0,0.47,86.1
2020-05-12,Germany,83000000,4552,113,21,0,3921,610,0,0.46,86.14
2020-05-13,Germany,83000000,4652,100,23,2,3999,630,0,0.49,85.96
2020-05-14,Germany,83000000,4753,101,24,1,4086,643,0,0.5,85.97
2020-05-15,Germany,83000000,4840,87,25,1,4156,659,0,0.52,85.87
2020-05-16,Germany,83000000,4929,89,26,1,4238,665,0,0.53,85.98
2020-05-17,Germany,83000000,5040,111,27,1,4329,684,0,0.54,85.89
2020-05-18,Germany,83000000,5132,92,28,1,4415,689,0,0.55,86.03
2020-05-19,Germany,83000000,5219,87,29,1,4496,694,0,0.56,86.15
2020-05-20,Germany,83000000,5291,72,30,1,4561,700,0,0.57,86.2
2020-05-21,Germany,83000000,5429,138,32,2,4670,727,0,0.59,86.02
2020-05-22,Germany,83000000,5523,94,33,1,4753,737,0,0.6,86.06
2020-05-23,Germany,83000000,5634,111,34,1,4843,757,0,0.6,85.96
2020-05-24,Germany,83000000,5722,88,34,0,4918,770,0,0.59,85.95
2020-05-25,Germany,83000000,5835,113,35,1,5025,775,0,0.6,86.12
2020-05-26,Germany,83000000,5907,72,36,1,5089,782,0,0.61,86.15
2020-05-27,Germany,83000000,6015,108,38,2,5178,799,0,0.63,86.08
2020-05-28,Germany,83000000,6121,106,39,1,5271,811,0,0.64,86.11
2020-05-29,Germany,83000000,6172,51,39,0,5314,819,0,0.63,86.1
2020-05-30,Germany,83000000,6242,70,39,0,5372,831,0,0.62,86.06
2020-05-31,Germany,83000000,6349,107,40,1,5463,846,0,0.63,86.05
2020-06-01,Germany,83000000,6452,103,41,1,5555,856,0,0.64,86.1
2020-06-02,Germany,83000000,6537,85,42,1,5628,867,0,0.64,86.09
2020-06-03,Germany,83000000,6670,133,43,1,5748,879,0,0.64,86.18
2020-06-04,Germany,83000000,6776,106,44,1,5838,894,0,0.65,86.16
2020-06-05,Germany,83000000,6869,93,45,1,5914,910,0,0.66,86.1
2020-06-06,Germany,83000000,6986,117,46,1,6010,930,0,0.66,86.03
2020-06-07,Germany,83000000,7122,136,48,2,6125,949,0,0.67,86
2020-06-08,Germany,83000000,7236,114,50,2,6226,960,0,0.69,86.04
2020-06-09,Germany,83000000,7368,132,52,2,6346,970,0,0.71,86.13
2020-06-10,Germany,83000000,7470,102,52,0,6434,984,0,0.7,86.13
2020-06-11,Germany,83000000,7579,109,53,1,6530,996,0,0.7,86.16
2020-06-12,Germany,83000000,7713,134,55,2,6641,1017,0,0.71,86.1
2020-06-13,Germany,83000000,7804,91,56,1,6723,1025,0,0.72,86.15
2020-06-14,Germany,83000000,7918,114,56,0,6825,1037,0,0.71,86.2
2020-06-15,Germany,83000000,8010,92,57,1,6899,1054,0,0.71,86.13
2020-06-16,Germany,83000000,8116,106,58,1,6989,1069,0,0.71,86.11
2020-06-17,Germany,83000000,8245,129,60,2,7090,1095,0,0.73,85.99
2020-06-18,Germany,83000000,8372,127,62,2,7204,1106,0,0.74,86.05
2020-06-19,Germany,83000000,8491,119,63,1,7305,1123,0,0.74,86.03
2020-06-20,Germany,83000000,8579,88,64,1,7380,1135,0,0.75,86.02
2020-06-21,Germany,83000000,8696,117,65,1,7473,1158,0,0.75,85.94
2020-06-22,Germany,83000000,8820,124,67,2,7571,1182,0,0.76,85.84
2020-06-23,Germany,83000000,8934,114,67,0,7660,1207,0,0.75,85.74
2020-06-24,Germany,83000000,9032,98,68,1,7738,1226,0,0.75,85.67
2020-06-25,Germany,83000000,9159,127,70,2,7847,1242,0,0.76,85.68
2020-06-26,Germany,83000000,9255,96,71,1,7922,1262,0,0.77,85.6
2020-06-27,Germany,83000000,9366,111,72,1,8023,1271,0,0.77,85.66
2020-06-28,Germany,83000000,9476,110,73,1,8116,1287,0,0.77,85.65
2020-06-29,Germany,83000000,9595,119,74,1,8224,1297,0,0.77,85.71
2020-06-30,Germany,83000000,9701,106,75,1,8320,1306,0,0.77,85.76
2020-07-01,Germany,83000000,9837,136,76,1,8448,1313,0,0.77,85.88
2020-07-02,Germany,83000000,10035,198,78,2,8606,1351,0,0.78,85.76
2020-07-03,Germany,83000000,10129,94,79,1,8688,1362,0,0.78,85.77
2020-07-04,Germany,83000000,10239,110,80,1,8775,1384,0,0.78,85.7
2020-07-05,Germany,83000000,10344,105,81,1,8866,1397,0,0.78,85.71
2020-07-06,Germany,83000000,10481,137,82,1,8975,1424,0,0.78,85.63
2020-07-07,Germany,83000000,10577,96,84,2,9050,1443,0,0.79,85.56
2020-07-08,Germany,83000000,10683,106,85,1,9141,1457,0,0.8,85.57
2020-07-09,Germany,83000000,10810,127,86,1,9257,1467,0,0.8,85.63
2020-07-10,Germany,83000000,10892,82,86,0,9329,1477,0,0.79,85.65
2020-07-11,Germany,83000000,11018,126,88,2,9441,1489,0,0.8,85.69
2020-07-12,Germany,83000000,11138,120,89,1,9545,1504,0,0.8,85.7
2020-07-13,Germany,83000000,11260,122,89,0,9648,1523,0,0.79,85.68
2020-07-14,Germany,83000000,11379,119,91,2,9750,1538,0,0.8,85.68
2020-07-15,Germany,83000000,11474,95,92,1,9841,1541,0,0.8,85.77
2020-07-16,Germany,83000000,11555,81,93,1,9907,1555,0,0.8,85.74
2020-07-17,Germany,83000000,11706,151,94,1,10043,1569,0,0.8,85.79
2020-07-18,Germany,83000000,11871,165,96,2,10179,1596,0,0.81,85.75
2020-07-19,Germany,83000000,12012,141,97,1,10309,1606,0,0.81,85.82
2020-07-20,Germany,83000000,12110,98,98,1,10397,1615,0,0.81,85.85
2020-07-21,Germany,83000000,12194,84,99,1,10473,1622,0,0.81,85.89
2020-07-22,Germany,83000000,12313,119,100,1,10569,1644,0,0.81,85.84
2020-07-23,Germany,83000000,12425,112,101,1,10666,1658,0,0.81,85.84
2020-07-24,Germany,83000000,12527,102,102,1,10755,1670,0,0.81,85.85
2020-07-25,Germany,83000000,12622,95,103,1,10837,1682,0,0.82,85.86
2020-07-26,Germany,83000000,12715,93,103,0,10910,1702,0,0.81,85.8
2020-07-27,Germany,83000000,12846,131,105,2,11024,1717,0,0.82,85.82
2020-07-28,Germany,83000000,12951,105,106,1,11109,1736,0,0.82,85.78
2020-07-29,Germany,83000000,13038,87,107,1,11178,1753,0,0.82,85.73
2020-07-30,Germany,83000000,13163,125,109,2,11277,1777,0,0.83,85.67
2020-07-31,Germany,83000000,13262,99,110,1,11362,1790,0,0.83,85.67
2020-08-01,Germany,83000000,13381,119,111,1,11468,1802,0,0.83,85.7
2020-08-02,Germany,83000000,13489,108,113,2,11559,1817,0,0.84,85.69
2020-08-03,Germany,83000000,13608,119,114,1,11670,1824,0,0.84,85.76
2020-08-04,Germany,83000000,13731,123,114,0,11769,1848,0,0.83,85.71
2020-08-05,Germany,83000000,13797,66,115,1,11828,1854,0,0.83,85.73
2020-08-06,Germany,83000000,13881,84,116,1,11898,1867,0,0.84,85.71
2020-08-07,Germany,83000000,13987,106,117,1,11997,1873,0,0.84,85.77
2020-08-08,Germany,83000000,14087,100,119,2,12083,1885,0,0.84,85.77
2020-08-09,Germany,83000000,14188,101,120,1,12164,1904,0,0.85,85.73
2020-08-10,Germany,83000000,14269,81,121,1,12227,1921,0,0.85,85.69
2020-08-11,Germany,83000000,14382,113,121,0,12317,1944,0,0.84,85.64
2020-08-12,Germany,83000000,14474,92,122,1,12389,1963,0,0.84,85.59
2020-08-13,Germany,83000000,14568,94,123,1,12464,1981,0,0.84,85.56
2020-08-14,Germany,83000000,14675,107,123,0,12565,1987,0,0.84,85.62
2020-08-15,Germany,83000000,14751,76,124,1,12624,2003,0,0.84,85.58
2020-08-16,Germany,83000000,14837,86,125,1,12701,2011,0,0.84,85.6
2020-08-17,Germany,83000000,14928,91,126,1,12778,2024,0,0.84,85.6
2020-08-18,Germany,83000000,15017,89,126,0,12860,2031,0,0.84,85.64
2020-08-19,Germany,83000000,15103,86,126,0,12936,2041,0,0.83,85.65
2020-08-20,Germany,83000000,15178,75,127,1,13000,2051,0,0.84,85.65
2020-08-21,Germany,83000000,15260,82,128,1,13072,2060,0,0.84,85.66
2020-08-22,Germany,83000000,15325,65,128,0,13130,2067,0,0.84,85.68
2020-08-23,Germany,83000000,15415,90,128,0,13207,2080,0,0.83,85.68
2020-08-24,Germany,83000000,15525,110,130,2,13294,2101,0,0.84,85.63
2020-08-25,Germany,83000000,15618,93,131,1,13376,2111,0,0.84,85.64
2020-08-26,Germany,83000000,15714,96,132,1,13466,2116,0,0.84,85.69
2020-08-27,Germany,83000000,15794,80,132,0,13531,2131,0,0.84,85.67
2020-08-28,Germany,83000000,15890,96,133,1,13606,2151,0,0.84,85.63
2020-08-29,Germany,83000000,15994,104,134,1,13697,2163,0,0.84,85.64
2020-08-30,Germany,83000000,16081,87,135,1,13767,2179,0,0.84,85.61
2020-08-31,Germany,83000000,16159,78,135,0,13836,2188,0,0.84,85.62
2020-09-01,Germany,83000000,16264,105,136,1,13922,2206,0,0.84,85.6
2020-09-02,Germany,83000000,16347,83,137,1,14000,2210,0,0.84,85.64
2020-09-03,Germany,83000000,16418,71,138,1,14064,2216,0,0.84,85.66
2020-09-04,Germany,83000000,16489,71,139,1,14128,2222,0,0.84,85.68
2020-09-05,Germany,83000000,16602,113,141,2,14230,2231,0,0.85,85.71
2020-09-06,Germany,83000000,16675,73,142,1,14299,2234,0,0.85,85.75
2020-09-07,Germany,83000000,16762,87,143,1,14381,2238,0,0.85,85.8
2020-09-08,Germany,83000000,16834,72,143,0,14443,2248,0,0.85,85.8
2020-09-09,Germany,83000000,16900,66,144,1,14497,2259,0,0.85,85.78
2020-09-10,Germany,83000000,16993,93,145,1,14576,2272,0,0.85,85.78
2020-09-11,Germany,83000000,17043,50,145,0,14617,2281,0,0.85,85.77
2020-09-12,Germany,83000000,17146,103,145,0,14698,2303,0,0.85,85.72
2020-09-13,Germany,83000000,17230,84,146,1,14766,2318,0,0.85,85.7
2020-09-14,Germany,83000000,17292,62,146,0,14822,2324,0,0.84,85.72
2020-09-15,Germany,83000000,17373,81,147,1,14889,2337,0,0.85,85.7
2020-09-16,Germany,83000000,17449,76,147,0,14955,2347,0,0.84,85.71
2020-09-17,Germany,83000000,17533,84,148,1,15020,2365,0,0.84,85.67
2020-09-18,Germany,83000000,17601,68,149,1,15078,2374,0,0.85,85.67
2020-09-19,Germany,83000000,17659,58,149,0,15133,2377,0,0.84,85.7
2020-09-20,Germany,83000000,17735,76,149,0,15196,2390,0,0.84,85.68
2020-09-21,Germany,83000000,17800,65,149,0,15256,2395,0,0.84,85.71
2020-09-22,Germany,83000000,17864,64,150,1,15308,2406,0,0.84,85.69
2020-09-23,Germany,83000000,17973,109,151,1,15401,2421,0,0.84,85.69
2020-09-24,Germany,83000000,18056,83,151,0,15473,2432,0,0.84,85.69
2020-09-25,Germany,83000000,18149,93,152,1,15547,2450,0,0.84,85.66
2020-09-26,Germany,83000000,18217,68,152,0,15611,2454,0,0.83,85.69
2020-09-27,Germany,83000000,18307,90,152,0,15689,2466,0,0.83,85.7
2020-09-28,Germany,83000000,18381,74,153,1,15758,2470,0,0.83,85.73
2020-09-29,Germany,83000000,18450,69,153,0,15822,2475,0,0.83,85.76
2020-09-30,Germany,83000000,18518,68,154,1,15887,2477,0,0.83,85.79
2020-10-01,Germany,83000000,18605,87,155,1,15957,2493,0,0.83,85.77
2020-10-02,Germany,83000000,18671,66,156,1,16019,2496,0,0.84,85.8
2020-10-03,Germany,83000000,18731,60,156,0,16069,2506,0,0.83,85.79
2020-10-04,Germany,83000000,18801,70,157,1,16129,2515,0,0.84,85.79
2020-10-05,Germany,83000000,18855,54,158,1,16172,2525,0,0.84,85.77
2020-10-06,Germany,83000000,18968,113,159,1,16276,2533,0,0.84,85.81
2020-10-07,Germany,83000000,19050,82,159,0,16340,2551,0,0.83,85.77
2020-10-08,Germany,83000000,19113,63,159,0,16391,2563,0,0.83,85.76
2020-10-09,Germany,83000000,19193,80,160,1,16464,2569,0,0.83,85.78
2020-10-10,Germany,83000000,19282,89,160,0,16546,2576,0,0.83,85.81
2020-10-11,Germany,83000000,19373,91,161,1,16626,2586,0,0.83,85.82
2020-10-12,Germany,83000000,19460,87,162,1,16703,2595,0,0.83,85.83
2020-10-13,Germany,83000000,19520,60,162,0,16752,2606,0,0.83,85.82
2020-10-14,Germany,83000000,19584,64,162,0,16801,2621,0,0.83,85.79
2020-10-15,Germany,83000000,19637,53,162,0,16845,2630,0,0.82,85.78
2020-10-16,Germany,83000000,19726,89,163,1,16920,2643,0,0.83,85.78
2020-10-17,Germany,83000000,19782,56,164,1,16973,2645,0,0.83,85.8
2020-10-18,Germany,83000000,19873,91,165,1,17059,2649,0,0.83,85.84
2020-10-19,Germany,83000000,19969,96,166,1,17145,2658,0,0.83,85.86
2020-10-20,Germany,83000000,20016,47,166,0,17187,2663,0,0.83,85.87
2020-10-21,Germany,83000000,20095,79,167,1,17253,2675,0,0.83,85.86
2020-10-22,Germany,83000000,20179,84,168,1,17332,2679,0,0.83,85.89
2020-10-23,Germany,83000000,20259,80,168,0,17408,2683,0,0.83,85.93
2020-10-24,Germany,83000000,20316,57,168,0,17454,2694,0,0.83,85.91
2020-10-25,Germany,83000000,20412,96,168,0,17539,2705,0,0.82,85.92
2020-10-26,Germany,83000000,20471,59,169,1,17594,2708,0,0.83,85.95
2020-10-27,Germany,83000000,20534,63,169,0,17645,2720,0,0.82,85.93
2020-10-28,Germany,83000000,20614,80,170,1,17707,2737,0,0.82,85.9
2020-10-29,Germany,83000000,20699,85,171,1,17785,2743,0,0.83,85.92
2020-10-30,Germany,83000000,20763,64,172,1,17835,2756,0,0.83,85.9
2020-10-31,Germany,83000000,20834,71,173,1,17898,2763,0,0.83,85.91
2020-11-01,Germany,83000000,20914,80,173,0,17974,2767,0,0.83,85.94
2020-11-02,Germany,83000000,20980,66,174,1,18032,2774,0,0.83,85.95
2020-11-03,Germany,83000000,21056,76,175,1,18098,2783,0,0.83,85.95
2020-11-04,Germany,83000000,21129,73,175,0,18164,2790,0,0.83,85.97
2020-11-05,Germany,83000000,21185,56,175,0,18210,2800,0,0.83,85.96
2020-11-06,Germany,83000000,21257,72,176,1,18269,2812,0,0.83,85.94
2020-11-07,Germany,83000000,21353,96,177,1,18344,2832,0,0.83,85.91
2020-11-08,Germany,83000000,21470,117,179,2,18443,2848,0,0.83,85.9
2020-11-09,Germany,83000000,21546,76,180,1,18510,2856,0,0.84,85.91
2020-11-10,Germany,83000000,21623,77,180,0,18582,2861,0,0.83,85.94
2020-11-11,Germany,83000000,21714,91,180,0,18655,2879,0,0.83,85.91
2020-11-12,Germany,83000000,21793,79,180,0,18719,2894,0,0.83,85.89
2020-11-13,Germany,83000000,21874,81,181,1,18792,2901,0,0.83,85.91
2020-11-14,Germany,83000000,21948,74,182,1,18860,2906,0,0.83,85.93
2020-11-15,Germany,83000000,22030,82,183,1,18936,2911,0,0.83,85.96
2020-11-16,Germany,83000000,22117,87,183,0,19004,2930,0,0.83,85.92
2020-11-17,Germany,83000000,22199,82,184,1,19081,2934,0,0.83,85.95
2020-11-18,Germany,83000000,22267,68,184,0,19139,2944,0,0.83,85.95
2020-11-19,Germany,83000000,22364,97,185,1,19217,2962,0,0.83,85.93
2020-11-20,Germany,83000000,22442,78,186,1,19290,2966,0,0.83,85.95
2020-11-21,Germany,83000000,22543,101,187,1,19375,2981,0,0.83,85.95
2020-11-22,Germany,83000000,22633,90,188,1,19455,2990,0,0.83,85.96
2020-11-23,Germany,83000000,22747,114,188,0,19561,2998,0,0.83,85.99
2020-11-24,Germany,83000000,22851,104,189,1,19648,3014,0,0.83,85.98
2020-11-25,Germany,83000000,22928,77,189,0,19718,3021,0,0.82,86
2020-11-26,Germany,83000000,23037,109,190,1,19816,3031,0,0.82,86.02
2020-11-27,Germany,83000000,23131,94,191,1,19891,3049,0,0.83,85.99
2020-11-28,Germany,83000000,23217,86,192,1,19963,3062,0,0.83,85.98
2020-11-29,Germany,83000000,23277,60,193,1,20012,3072,0,0.83,85.97
2020-11-30,Germany,83000000,23377,100,194,1,20101,3082,0,0.83,85.99
2020-12-01,Germany,83000000,23475,98,194,0,20192,3089,0,0.83,86.01
2020-12-02,Germany,83000000,23586,111,196,2,20290,3100,0,0.83,86.03
2020-12-03,Germany,83000000,23660,74,197,1,20353,3110,0,0.83,86.02
2020-12-04,Germany,83000000,23759,99,198,1,20438,3123,0,0.83,86.02
2020-12-05,Germany,83000000,23838,79,198,0,20506,3134,0,0.83,86.02
2020-12-06,Germany,83000000,23928,90,199,1,20585,3144,0,0.83,86.03
2020-12-07,Germany,83000000,24001,73,199,0,20654,3148,0,0.83,86.05
2020-12-08,Germany,83000000,24080,79,200,1,20727,3153,0,0.83,86.08
2020-12-09,Germany,83000000,24183,103,200,0,20819,3164,0,0.83,86.09
2020-12-10,Germany,83000000,24266,83,201,1,20889,3176,0,0.83,86.08
2020-12-11,Germany,83000000,24374,108,202,1,20989,3183,0,0.83,86.11
2020-12-12,Germany,83000000,24496,122,203,1,21100,3193,0,0.83,86.14
2020-12-13,Germany,83000000,24608,112,205,2,21188,3215,0,0.83,86.1
2020-12-14,Germany,83000000,24727,119,205,0,21291,3231,0,0.83,86.1
2020-12-15,Germany,83000000,24865,138,206,1,21416,3243,0,0.83,86.13
2020-12-16,Germany,83000000,24988,123,207,1,21525,3256,0,0.83,86.14
2020-12-17,Germany,83000000,25100,112,208,1,21624,3268,0,0.83,86.15
2020-12-18,Germany,83000000,25233,133,210,2,21748,3275,0,0.83,86.19
2020-12-19,Germany,83000000,25367,134,210,0,21860,3297,0,0.83,86.17
2020-12-20,Germany,83000000,25481,114,211,1,21960,3310,0,0.83,86.18
2020-12-21,Germany,83000000,25646,165,213,2,22100,3333,0,0.83,86.17
2020-12-22,Germany,83000000,25754,108,213,0,22185,3356,0,0.83,86.14
2020-12-23,Germany,83000000,25901,147,215,2,22325,3361,0,0.83,86.19
2020-12-24,Germany,83000000,25999,98,217,2,22413,3369,0,0.83,86.21
2020-12-25,Germany,83000000,26153,154,220,3,22554,3379,0,0.84,86.24
2020-12-26,Germany,83000000,26265,112,221,1,22647,3397,0,0.84,86.23
2020-12-27,Germany,83000000,26344,79,222,1,22721,3401,0,0.84,86.25
2020-12-28,Germany,83000000,26460,116,222,0,22812,3426,0,0.84,86.21
2020-12-29,Germany,83000000,26629,169,224,2,22957,3448,0,0.84,86.21
2020-12-30,Germany,83000000,26756,127,225,1,23074,3457,0,0.84,86.24
2020-12-31,Germany,83000000,26911,155,227,2,23209,3475,0,0.84,86.24
2021-01-01,Germany,83000000,27019,108,228,1,23310,3481,0,0.84,86.27
2021-01-02,Germany,83000000,27147,128,228,0,23415,3504,114123,0.84,86.25
2021-01-03,Germany,83000000,27269,122,230,2,23521,3518,228247,0.84,86.26
2021-01-04,Germany,83000000,27412,143,232,2,23643,3537,342370,0.85,86.25
2021-01-05,Germany,83000000,27538,126,234,2,23758,3546,456494,0.85,86.27
2021-01-06,Germany,83000000,27667,129,236,2,23873,3558,570617,0.85,86.29
2021-01-07,Germany,83000000,27799,132,237,1,23978,3584,684741,0.85,86.25
2021-01-08,Germany,83000000,27971,172,238,1,24122,3611,798864,0.85,86.24
2021-01-09,Germany,83000000,28107,136,239,1,24247,3621,912988,0.85,86.27
2021-01-10,Germany,83000000,28266,159,240,1,24378,3648,1027111,0.85,86.24
2021-01-11,Germany,83000000,28405,139,241,1,24490,3674,1141235,0.85,86.22
2021-01-12,Germany,83000000,28508,103,242,1,24586,3680,1255358,0.85,86.24
2021-01-13,Germany,83000000,28674,166,243,1,24720,3711,1369482,0.85,86.21
2021-01-14,Germany,83000000,28818,144,245,2,24844,3729,1483606,0.85,86.21
2021-01-15,Germany,83000000,28989,171,248,3,25006,3735,1597729,0.86,86.26
2021-01-16,Germany,83000000,29147,158,249,1,25135,3763,1711853,0.85,86.24
2021-01-17,Germany,83000000,29266,119,250,1,25232,3784,1825976,0.85,86.22
2021-01-18,Germany,83000000,29412,146,251,1,25348,3813,1940100,0.85,86.18
2021-01-19,Germany,83000000,29558,146,253,2,25480,3825,2054223,0.86,86.2
2021-01-20,Germany,83000000,29697,139,255,2,25591,3851,2168347,0.86,86.17
2021-01-21,Germany,83000000,29825,128,257,2,25708,3860,2282470,0.86,86.2
2021-01-22,Germany,83000000,29962,137,258,1,25823,3881,2396594,0.86,86.19
2021-01-23,Germany,83000000,30112,150,260,2,25947,3905,2510717,0.86,86.17
2021-01-24,Germany,83000000,30273,161,261,1,26095,3917,2624841,0.86,86.2
2021-01-25,Germany,83000000,30456,183,263,2,26256,3937,2738964,0.86,86.21
2021-01-26,Germany,83000000,30641,185,266,3,26409,3966,2853088,0.87,86.19
2021-01-27,Germany,83000000,30818,177,267,1,26564,3987,2967212,0.87,86.2
2021-01-28,Germany,83000000,30960,142,269,2,26700,3991,3081335,0.87,86.24
2021-01-29,Germany,83000000,31068,108,271,2,26799,3998,3195459,0.87,86.26
2021-01-30,Germany,83000000,31180,112,272,1,26895,4013,3309582,0.87,86.26
2021-01-31,Germany,83000000,31364,184,275,3,27067,4022,3423706,0.88,86.3
2021-02-01,Germany,83000000,31480,116,275,0,27166,4039,3537829,0.87,86.3
2021-02-02,Germany,83000000,31648,168,277,2,27309,4062,3651953,0.88,86.29
2021-02-03,Germany,83000000,31803,155,277,0,27445,4081,3766076,0.87,86.3
2021-02-04,Germany,83000000,31953,150,278,1,27586,4089,3880200,0.87,86.33
2021-02-05,Germany,83000000,32164,211,280,2,27760,4124,3994323,0.87,86.31
2021-02-06,Germany,83000000,32309,145,281,1,27873,4155,4108447,0.87,86.27
2021-02-07,Germany,83000000,32483,174,282,1,28032,4169,4222571,0.87,86.3
2021-02-08,Germany,83000000,32667,184,283,1,28188,4196,4336694,0.87,86.29
2021-02-09,Germany,83000000,32803,136,285,2,28300,4218,4450818,0.87,86.27
2021-02-10,Germany,83000000,32926,123,285,0,28406,4235,4564941,0.87,86.27
2021-02-11,Germany,83000000,33063,137,286,1,28529,4248,4679065,0.87,86.29
2021-02-12,Germany,83000000,33230,167,287,1,28677,4266,4793188,0.86,86.3
2021-02-13,Germany,83000000,33436,206,288,1,28860,4288,4907312,0.86,86.31
2021-02-14,Germany,83000000,33572,136,290,2,28988,4294,5021435,0.86,86.35
2021-02-15,Germany,83000000,33755,183,293,3,29140,4322,5135559,0.87,86.33
2021-02-16,Germany,83000000,33944,189,295,2,29315,4334,5249682,0.87,86.36
2021-02-17,Germany,83000000,34113,169,296,1,29446,4371,5363806,0.87,86.32
2021-02-18,Germany,83000000,34303,190,299,3,29626,4378,5477929,0.87,86.37
2021-02-19,Germany,83000000,34493,190,300,1,29782,4411,5592053,0.87,86.34
2021-02-20,Germany,83000000,34669,176,301,1,29928,4440,5706177,0.87,86.32
2021-02-21,Germany,83000000,34906,237,304,3,30149,4453,5820300,0.87,86.37
2021-02-22,Germany,83000000,35101,195,306,2,30311,4484,5934424,0.87,86.35
2021-02-23,Germany,83000000,35319,218,307,1,30497,4515,6048547,0.87,86.35
2021-02-24,Germany,83000000,35437,118,307,0,30601,4529,6162671,0.87,86.35
2021-02-25,Germany,83000000,35563,126,308,1,30701,4554,6276794,0.87,86.33
2021-02-26,Germany,83000000,35711,148,310,2,30827,4574,6390918,0.87,86.32
2021-02-27,Germany,83000000,35923,212,311,1,31021,4591,6505041,0.87,86.35
2021-02-28,Germany,83000000,36090,167,313,2,31163,4614,6619165,0.87,86.35
2021-03-01,Germany,83000000,36240,150,314,1,31300,4626,6733288,0.87,86.37
2021-03-02,Germany,83000000,36412,172,316,2,31442,4654,6847412,0.87,86.35
2021-03-03,Germany,83000000,36522,110,317,1,31534,4671,6961536,0.87,86.34
2021-03-04,Germany,83000000,36642,120,319,2,31647,4676,7075659,0.87,86.37
2021-03-05,Germany,83000000,36773,131,321,2,31760,4692,7189783,0.87,86.37
2021-03-06,Germany,83000000,36962,189,322,1,31910,4730,7303906,0.87,86.33
2021-03-07,Germany,83000000,37174,212,323,1,32092,4759,7418030,0.87,86.33
2021-03-08,Germany,83000000,37328,154,324,1,32237,4767,7532153,0.87,86.36
2021-03-09,Germany,83000000,37529,201,327,3,32417,4785,7646277,0.87,86.38
2021-03-10,Germany,83000000,37682,153,327,0,32539,4816,7760400,0.87,86.35
2021-03-11,Germany,83000000,37842,160,328,1,32679,4835,7874524,0.87,86.36
2021-03-12,Germany,83000000,38027,185,330,2,32841,4856,7988647,0.87,86.36
2021-03-13,Germany,83000000,38166,139,331,1,32958,4877,8102771,0.87,86.35
2021-03-14,Germany,83000000,38331,165,334,3,33115,4882,8216894,0.87,86.39
2021-03-15,Germany,83000000,38493,162,336,2,33268,4889,8331018,0.87,86.43
2021-03-16,Germany,83000000,38654,161,339,3,33396,4919,8445142,0.88,86.4
2021-03-17,Germany,83000000,38827,173,341,2,33538,4948,8559265,0.88,86.38
2021-03-18,Germany,83000000,39054,227,343,2,33725,4986,8673389,0.88,86.35
2021-03-19,Germany,83000000,39191,137,344,1,33840,5007,8787512,0.88,86.35
2021-03-20,Germany,83000000,39323,132,346,2,33946,5031,8901636,0.88,86.33
2021-03-21,Germany,83000000,39487,164,347,1,34084,5056,9015759,0.88,86.32
2021-03-22,Germany,83000000,39656,169,348,1,34233,5075,9129883,0.88,86.32
2021-03-23,Germany,83000000,39796,140,349,1,34353,5094,9244006,0.88,86.32
2021-03-24,Germany,83000000,39953,157,350,1,34492,5111,9358130,0.88,86.33
2021-03-25,Germany,83000000,40113,160,352,2,34627,5134,9472253,0.88,86.32
2021-03-26,Germany,83000000,40321,208,356,4,34791,5174,9586377,0.88,86.29
2021-03-27,Germany,83000000,40522,201,357,1,34950,5215,9700501,0.88,86.25
2021-03-28,Germany,83000000,40699,177,359,2,35090,5250,9814624,0.88,86.22
2021-03-29,Germany,83000000,40879,180,360,1,35240,5279,9928748,0.88,86.21
2021-03-30,Germany,83000000,41004,125,360,0,35353,5291,10042871,0.88,86.22
2021-03-31,Germany,83000000,41184,180,361,1,35508,5315,10156995,0.88,86.22
2021-04-01,Germany,83000000,41359,175,363,2,35672,5324,10271118,0.88,86.25
2021-04-02,Germany,83000000,41516,157,365,2,35821,5330,10385242,0.88,86.28
2021-04-03,Germany,83000000,41687,171,368,3,35964,5355,10499365,0.88,86.27
2021-04-04,Germany,83000000,41883,196,370,2,36118,5395,10613489,0.88,86.24
2021-04-05,Germany,83000000,42103,220,374,4,36295,5434,10727612,0.89,86.21
2021-04-06,Germany,83000000,42288,185,376,2,36445,5467,10841736,0.89,86.18
2021-04-07,Germany,83000000,42426,138,378,2,36558,5490,10955859,0.89,86.17
2021-04-08,Germany,83000000,42604,178,379,1,36724,5501,11069983,0.89,86.2
2021-04-09,Germany,83000000,42755,151,381,2,36844,5530,11184107,0.89,86.17
2021-04-10,Germany,83000000,42917,162,384,3,36987,5546,11298230,0.89,86.18
2021-04-11,Germany,83000000,43092,175,385,1,37148,5559,11412354,0.89,86.21
2021-04-12,Germany,83000000,43213,121,387,2,37261,5565,11526477,0.9,86.23
2021-04-13,Germany,83000000,43341,128,387,0,37375,5579,11640601,0.89,86.23
2021-04-14,Germany,83000000,43471,130,388,1,37487,5596,11754724,0.89,86.23
2021-04-15,Germany,83000000,43583,112,388,0,37589,5606,11868848,0.89,86.25
2021-04-16,Germany,83000000,43744,161,389,1,37734,5621,11982971,0.89,86.26
2021-04-17,Germany,83000000,43908,164,392,3,37863,5653,12097095,0.89,86.23
2021-04-18,Germany,83000000,44015,107,393,1,37962,5660,12211218,0.89,86.25
2021-04-19,Germany,83000000,44134,119,394,1,38069,5671,12325342,0.89,86.26
2021-04-20,Germany,83000000,44311,177,397,3,38208,5706,12439466,0.9,86.23
2021-04-21,Germany,83000000,44462,151,398,1,38332,5732,12553589,0.9,86.21
2021-04-22,Germany,83000000,44605,143,399,1,38448,5758,12667713,0.89,86.2
2021-04-23,Germany,83000000,44751,146,400,1,38586,5765,12781836,0.89,86.22
2021-04-24,Germany,83000000,44895,144,402,2,38718,5775,12895960,0.9,86.24
2021-04-25,Germany,83000000,45012,117,403,1,38826,5783,13010083,0.9,86.26
2021-04-26,Germany,83000000,45150,138,405,2,38955,5790,13124207,0.9,86.28
2021-04-27,Germany,83000000,45296,146,407,2,39072,5817,13238330,0.9,86.26
2021-04-28,Germany,83000000,45448,152,410,3,39199,5839,13352454,0.9,86.25
2021-04-29,Germany,83000000,45590,142,411,1,39332,5847,13466577,0.9,86.27
2021-04-30,Germany,83000000,45739,149,411,0,39459,5869,13580701,0.9,86.27
2021-05-01,Germany,83000000,45888,149,412,1,39581,5895,13694824,0.9,86.26
2021-05-02,Germany,83000000,46030,142,414,2,39702,5914,13808948,0.9,86.25
2021-05-03,Germany,83000000,46197,167,415,1,39840,5942,13923072,0.9,86.24
2021-05-04,Germany,83000000,46309,112,416,1,39932,5961,14037195,0.9,86.23
2021-05-05,Germany,83000000,46455,146,418,2,40070,5967,14151319,0.9,86.26
2021-05-06,Germany,83000000,46668,213,419,1,40248,6001,14265442,0.9,86.24
2021-05-07,Germany,83000000,46793,125,421,2,40362,6010,14379566,0.9,86.26
2021-05-08,Germany,83000000,46928,135,422,1,40480,6026,14493689,0.9,86.26
2021-05-09,Germany,83000000,47076,148,424,2,40610,6042,14607813,0.9,86.26
2021-05-10,Germany,83000000,47204,128,425,1,40725,6054,14721936,0.9,86.27
2021-05-11,Germany,83000000,47367,163,427,2,40863,6077,14836060,0.9,86.27
2021-05-12,Germany,83000000,47465,98,428,1,40955,6082,14950183,0.9,86.28
2021-05-13,Germany,83000000,47666,201,431,3,41128,6107,15064307,0.9,86.28
2021-05-14,Germany,83000000,47811,145,433,2,41245,6133,15178431,0.91,86.27
2021-05-15,Germany,83000000,47964,153,436,3,41388,6140,15292554,0.91,86.29
2021-05-16,Germany,83000000,48082,118,437,1,41491,6154,15406678,0.91,86.29
2021-05-17,Germany,83000000,48254,172,439,2,41643,6172,15520801,0.91,86.3
2021-05-18,Germany,83000000,48374,120,440,1,41757,6177,15634925,0.91,86.32
2021-05-19,Germany,83000000,48531,157,440,0,41895,6196,15749048,0.91,86.33
2021-05-20,Germany,83000000,48672,141,442,2,42023,6207,15863172,0.91,86.34
2021-05-21,Germany,83000000,48806,134,442,0,42140,6224,15977295,0.91,86.34
2021-05-22,Germany,83000000,48910,104,443,1,42221,6246,16091419,0.91,86.32
2021-05-23,Germany,83000000,49022,112,445,2,42312,6265,16205542,0.91,86.31
2021-05-24,Germany,83000000,49123,101,446,1,42408,6269,16319666,0.91,86.33
2021-05-25,Germany,83000000,49257,134,448,2,42515,6294,16433789,0.91,86.31
2021-05-26,Germany,83000000,49404,147,449,1,42651,6304,16547913,0.91,86.33
2021-05-27,Germany,83000000,49592,188,452,3,42806,6334,16662037,0.91,86.32
2021-05-28,Germany,83000000,49726,134,454,2,42921,6351,16776160,0.91,86.32
2021-05-29,Germany,83000000,49868,142,455,1,43050,6363,16890284,0.91,86.33
2021-05-30,Germany,83000000,49992,124,456,1,43155,6381,17004407,0.91,86.32
2021-05-31,Germany,83000000,50131,139,457,1,43266,6408,17118531,0.91,86.31
2021-06-01,Germany,83000000,50295,164,460,3,43394,6441,17232654,0.91,86.28
2021-06-02,Germany,83000000,50416,121,461,1,43508,6447,17346778,0.91,86.3
2021-06-03,Germany,83000000,50569,153,462,1,43642,6465,17460901,0.91,86.3
2021-06-04,Germany,83000000,50716,147,464,2,43773,6479,17575025,0.91,86.31
2021-06-05,Germany,83000000,50863,147,466,2,43909,6488,17689148,0.92,86.33
2021-06-06,Germany,83000000,50975,112,468,2,44005,6502,17803272,0.92,86.33
2021-06-07,Germany,83000000,51134,159,469,1,44139,6526,17917395,0.92,86.32
2021-06-08,Germany,83000000,51257,123,471,2,44236,6550,18031519,0.92,86.3
2021-06-09,Germany,83000000,51381,124,472,1,44334,6575,18145643,0.92,86.28
2021-06-10,Germany,83000000,51504,123,473,1,44451,6580,18259766,0.92,86.31
2021-06-11,Germany,83000000,51624,120,475,2,44563,6586,18373890,0.92,86.32
2021-06-12,Germany,83000000,51736,112,475,0,44666,6595,18488013,0.92,86.33
2021-06-13,Germany,83000000,51843,107,475,0,44760,6608,18602137,0.92,86.34
2021-06-14,Germany,83000000,51949,106,477,2,44857,6615,18716260,0.92,86.35
2021-06-15,Germany,83000000,52055,106,479,2,44950,6626,18830384,0.92,86.35
2021-06-16,Germany,83000000,52185,130,481,2,45057,6647,18944507,0.92,86.34
2021-06-17,Germany,83000000,52327,142,483,2,45185,6659,19058631,0.92,86.35
2021-06-18,Germany,83000000,52470,143,486,3,45309,6675,19172754,0.93,86.35
2021-06-19,Germany,83000000,52585,115,487,1,45408,6690,19286878,0.93,86.35
2021-06-20,Germany,83000000,52714,129,487,0,45521,6706,19401002,0.92,86.35
2021-06-21,Germany,83000000,52856,142,487,0,45651,6718,19515125,0.92,86.37
2021-06-22,Germany,83000000,52968,112,489,2,45739,6740,19629249,0.92,86.35
2021-06-23,Germany,83000000,53050,82,489,0,45808,6753,19743372,0.92,86.35
2021-06-24,Germany,83000000,53154,104,491,2,45904,6759,19857496,0.92,86.36
2021-06-25,Germany,83000000,53249,95,492,1,45994,6763,19971619,0.92,86.38
2021-06-26,Germany,83000000,53342,93,492,0,46080,6770,20085743,0.92,86.39
2021-06-27,Germany,83000000,53440,98,493,1,46160,6787,20199866,0.92,86.38
2021-06-28,Germany,83000000,53559,119,494,1,46271,6794,20313990,0.92,86.39
2021-06-29,Germany,83000000,53635,76,494,0,46342,6799,20428113,0.92,86.4
2021-06-30,Germany,83000000,53790,155,497,3,46488,6805,20542237,0.92,86.42
2021-07-01,Germany,83000000,53898,108,497,0,46576,6825,20656360,0.92,86.42
2021-07-02,Germany,83000000,53970,72,498,1,46644,6828,20770484,0.92,86.43
2021-07-03,Germany,83000000,54068,98,498,0,46728,6842,20884608,0.92,86.42
2021-07-04,Germany,83000000,54183,115,500,2,46827,6856,20998731,0.92,86.42
2021-07-05,Germany,83000000,54297,114,500,0,46932,6865,21112855,0.92,86.44
2021-07-06,Germany,83000000,54392,95,501,1,47022,6869,21226978,0.92,86.45
2021-07-07,Germany,83000000,54538,146,503,2,47150,6885,21341102,0.92,86.45
2021-07-08,Germany,83000000,54667,129,504,1,47257,6906,21455225,0.92,86.45
2021-07-09,Germany,83000000,54751,84,504,0,47326,6921,21569349,0.92,86.44
2021-07-10,Germany,83000000,54868,117,505,1,47430,6933,21683472,0.92,86.44
2021-07-11,Germany,83000000,54956,88,506,1,47505,6945,21797596,0.92,86.44
2021-07-12,Germany,83000000,55067,111,508,2,47600,6959,21911719,0.92,86.44
2021-07-13,Germany,83000000,55209,142,510,2,47712,6987,22025843,0.92,86.42
2021-07-14,Germany,83000000,55343,134,512,2,47840,6991,22139967,0.93,86.44
2021-07-15,Germany,83000000,55464,121,513,1,47946,7005,22254090,0.92,86.45
2021-07-16,Germany,83000000,55629,165,514,1,48100,7015,22368214,0.92,86.47
2021-07-17,Germany,83000000,55712,83,515,1,48171,7026,22482337,0.92,86.46
2021-07-18,Germany,83000000,55811,99,516,1,48253,7042,22596461,0.92,86.46
2021-07-19,Germany,83000000,55915,104,518,2,48346,7051,22710584,0.93,86.46
2021-07-20,Germany,83000000,56045,130,518,0,48469,7058,22824708,0.92,86.48
2021-07-21,Germany,83000000,56206,161,520,2,48623,7063,22938831,0.93,86.51
2021-07-22,Germany,83000000,56361,155,521,1,48761,7079,23052955,0.92,86.52
2021-07-23,Germany,83000000,56480,119,523,2,48870,7087,23167078,0.93,86.53
2021-07-24,Germany,83000000,56578,98,525,2,48963,7090,23281202,0.93,86.54
2021-07-25,Germany,83000000,56705,127,525,0,49083,7097,23395325,0.93,86.56
2021-07-26,Germany,83000000,56839,134,526,1,49210,7103,23509449,0.93,86.58
2021-07-27,Germany,83000000,56930,91,526,0,49289,7115,23623573,0.92,86.58
2021-07-28,Germany,83000000,57010,80,527,1,49353,7130,23737696,0.92,86.57
2021-07-29,Germany,83000000,57108,98,528,1,49446,7134,23851820,0.92,86.58
2021-07-30,Germany,83000000,57228,120,529,1,49546,7153,23965943,0.92,86.58
2021-07-31,Germany,83000000,57347,119,530,1,49639,7178,24080067,0.92,86.56
2021-08-01,Germany,83000000,57453,106,530,0,49735,7188,24194190,0.92,86.57
2021-08-02,Germany,83000000,57572,119,531,1,49843,7198,24308314,0.92,86.58
2021-08-03,Germany,83000000,57667,95,532,1,49924,7211,24422437,0.92,86.57
2021-08-04,Germany,83000000,57782,115,534,2,50024,7224,24536561,0.92,86.57
2021-08-05,Germany,83000000,57867,85,534,0,50098,7235,24650684,0.92,86.57
2021-08-06,Germany,83000000,57998,131,535,1,50209,7254,24764808,0.92,86.57
2021-08-07,Germany,83000000,58139,141,535,0,50327,7277,24878932,0.92,86.56
2021-08-08,Germany,83000000,58277,138,536,1,50437,7304,24993055,0.92,86.55
2021-08-09,Germany,83000000,58381,104,537,1,50535,7309,25107179,0.92,86.56
2021-08-10,Germany,83000000,58536,155,539,2,50661,7336,25221302,0.92,86.55
2021-08-11,Germany,83000000,58692,156,540,1,50793,7359,25335426,0.92,86.54
2021-08-12,Germany,83000000,58823,131,542,2,50917,7364,25449549,0.92,86.56
2021-08-13,Germany,83000000,58966,143,543,1,51033,7390,25563673,0.92,86.55
2021-08-14,Germany,83000000,59093,127,544,1,51136,7413,25677796,0.92,86.53
2021-08-15,Germany,83000000,59182,89,545,1,51218,7419,25791920,0.92,86.54
2021-08-16,Germany,83000000,59318,136,546,1,51328,7444,25906043,0.92,86.53
2021-08-17,Germany,83000000,59426,108,546,0,51418,7462,26020167,0.92,86.52
2021-08-18,Germany,83000000,59544,118,547,1,51527,7470,26134290,0.92,86.54
2021-08-19,Germany,83000000,59650,106,548,1,51614,7488,26248414,0.92,86.53
2021-08-20,Germany,83000000,59781,131,550,2,51728,7503,26362538,0.92,86.53
2021-08-21,Germany,83000000,59879,98,551,1,51811,7517,26476661,0.92,86.53
2021-08-22,Germany,83000000,60040,161,552,1,51954,7534,26590785,0.92,86.53
2021-08-23,Germany,83000000,60127,87,552,0,52027,7548,26704908,0.92,86.53
2021-08-24,Germany,83000000,60261,134,553,1,52146,7562,26819032,0.92,86.53
2021-08-25,Germany,83000000,60364,103,554,1,52234,7576,26933155,0.92,86.53
2021-08-26,Germany,83000000,60470,106,555,1,52321,7594,27047279,0.92,86.52
2021-08-27,Germany,83000000,60611,141,557,2,52455,7599,27161402,0.92,86.54
2021-08-28,Germany,83000000,60735,124,559,2,52571,7605,27275526,0.92,86.56
2021-08-29,Germany,83000000,60840,105,559,0,52666,7615,27389649,0.92,86.56
2021-08-30,Germany,83000000,60947,107,561,2,52753,7633,27503773,0.92,86.56
2021-08-31,Germany,83000000,61099,152,564,3,52889,7646,27617897,0.92,86.56
2021-09-01,Germany,83000000,61237,138,566,2,53005,7666,27732020,0.92,86.56
2021-09-02,Germany,83000000,61372,135,567,1,53110,7695,27846144,0.92,86.54
2021-09-03,Germany,83000000,61455,83,568,1,53185,7702,27960267,0.92,86.54
2021-09-04,Germany,83000000,61561,106,569,1,53274,7718,28074391,0.92,86.54
2021-09-05,Germany,83000000,61714,153,569,0,53408,7737,28188514,0.92,86.54
2021-09-06,Germany,83000000,61837,123,571,2,53505,7761,28302638,0.92,86.53
2021-09-07,Germany,83000000,61974,137,573,2,53620,7781,28416761,0.92,86.52
2021-09-08,Germany,83000000,62089,115,574,1,53727,7788,28530885,0.92,86.53
2021-09-09,Germany,83000000,62238,149,575,1,53843,7820,28645008,0.92,86.51
2021-09-10,Germany,83000000,62404,166,576,1,53985,7843,28759132,0.92,86.51
2021-09-11,Germany,83000000,62505,101,576,0,54074,7855,28873255,0.92,86.51
2021-09-12,Germany,83000000,62619,114,577,1,54164,7878,28987379,0.92,86.5
2021-09-13,Germany,83000000,62783,164,578,1,54296,7909,29101503,0.92,86.48
2021-09-14,Germany,83000000,62991,208,582,4,54460,7949,29215626,0.92,86.46
2021-09-15,Germany,83000000,63083,92,583,1,54540,7960,29329750,0.92,86.46
2021-09-16,Germany,83000000,63237,154,584,1,54661,7992,29443873,0.92,86.44
2021-09-17,Germany,83000000,63365,128,586,2,54768,8011,29557997,0.92,86.43
2021-09-18,Germany,83000000,63516,151,587,1,54897,8032,29672120,0.92,86.43
2021-09-19,Germany,83000000,63613,97,588,1,54980,8045,29786244,0.92,86.43
2021-09-20,Germany,83000000,63744,131,590,2,55092,8062,29900367,0.93,86.43
2021-09-21,Germany,83000000,63887,143,591,1,55226,8070,30014491,0.93,86.44
2021-09-22,Germany,83000000,64011,124,592,1,55333,8086,30128614,0.92,86.44
2021-09-23,Germany,83000000,64150,139,594,2,55449,8107,30242738,0.93,86.44
2021-09-24,Germany,83000000,64316,166,597,3,55595,8124,30356862,0.93,86.44
2021-09-25,Germany,83000000,64472,156,598,1,55743,8131,30470985,0.93,86.46
2021-09-26,Germany,83000000,64644,172,599,1,55897,8148,30585109,0.93,86.47
2021-09-27,Germany,83000000,64794,150,600,1,56020,8174,30699232,0.93,86.46
2021-09-28,Germany,83000000,64931,137,602,2,56133,8196,30813356,0.93,86.45
2021-09-29,Germany,83000000,65116,185,604,2,56292,8220,30927479,0.93,86.45
2021-09-30,Germany,83000000,65216,100,605,1,56384,8227,31041603,0.93,86.46
2021-10-01,Germany,83000000,65369,153,606,1,56511,8252,31155726,0.93,86.45
2021-10-02,Germany,83000000,65538,169,608,2,56663,8267,31269850,0.93,86.46
2021-10-03,Germany,83000000,65701,163,610,2,56801,8290,31383973,0.93,86.45
2021-10-04,Germany,83000000,65821,120,612,2,56896,8313,31498097,0.93,86.44
2021-10-05,Germany,83000000,65945,124,614,2,57011,8320,31612220,0.93,86.45
2021-10-06,Germany,83000000,66111,166,615,1,57141,8355,31726344,0.93,86.43
2021-10-07,Germany,83000000,66240,129,617,2,57243,8380,31840468,0.93,86.42
2021-10-08,Germany,83000000,66358,118,618,1,57335,8405,31954591,0.93,86.4
2021-10-09,Germany,83000000,66517,159,621,3,57463,8433,32068715,0.93,86.39
2021-10-10,Germany,83000000,66632,115,621,0,57562,8449,32182838,0.93,86.39
2021-10-11,Germany,83000000,66790,158,622,1,57705,8463,32296962,0.93,86.4
2021-10-12,Germany,83000000,66912,122,623,1,57806,8483,32411085,0.93,86.39
2021-10-13,Germany,83000000,67024,112,624,1,57909,8491,32525209,0.93,86.4
2021-10-14,Germany,83000000,67145,121,625,1,58011,8509,32639332,0.93,86.4
2021-10-15,Germany,83000000,67246,101,626,1,58090,8530,32753456,0.93,86.38
2021-10-16,Germany,83000000,67344,98,627,1,58183,8534,32867579,0.93,86.4
2021-10-17,Germany,83000000,67458,114,628,1,58292,8538,32981703,0.93,86.41
2021-10-18,Germany,83000000,67590,132,629,1,58397,8564,33095826,0.93,86.4
2021-10-19,Germany,83000000,67705,115,630,1,58493,8582,33209950,0.93,86.39
2021-10-20,Germany,83000000,67838,133,632,2,58603,8603,33324074,0.93,86.39
2021-10-21,Germany,83000000,67964,126,634,2,58715,8615,33438197,0.93,86.39
2021-10-22,Germany,83000000,68073,109,635,1,58811,8627,33552321,0.93,86.39
2021-10-23,Germany,83000000,68205,132,636,1,58919,8650,33666444,0.93,86.39
2021-10-24,Germany,83000000,68412,207,638,2,59112,8662,33780568,0.93,86.41
2021-10-25,Germany,83000000,68532,120,639,1,59215,8678,33894691,0.93,86.4
2021-10-26,Germany,83000000,68681,149,640,1,59335,8706,34008815,0.93,86.39
2021-10-27,Germany,83000000,68835,154,642,2,59478,8715,34122938,0.93,86.41
2021-10-28,Germany,83000000,69048,213,645,3,59660,8743,34237062,0.93,86.4
2021-10-29,Germany,83000000,69248,200,648,3,59819,8781,34351185,0.94,86.38
2021-10-30,Germany,83000000,69360,112,648,0,59914,8798,34465309,0.93,86.38
2021-10-31,Germany,83000000,69535,175,650,2,60070,8815,34579433,0.93,86.39
2021-11-01,Germany,83000000,69725,190,653,3,60219,8853,34693556,0.94,86.37
2021-11-02,Germany,83000000,69836,111,654,1,60320,8862,34807680,0.94,86.37
2021-11-03,Germany,83000000,70048,212,657,3,60523,8868,34921803,0.94,86.4
2021-11-04,Germany,83000000,70212,164,658,1,60665,8889,35035927,0.94,86.4
2021-11-05,Germany,83000000,70333,121,660,2,60780,8893,35150050,0.94,86.42
2021-11-06,Germany,83000000,70471,138,661,1,60903,8907,35264174,0.94,86.42
2021-11-07,Germany,83000000,70659,188,664,3,61049,8946,35378297,0.94,86.4
2021-11-08,Germany,83000000,70810,151,666,2,61187,8957,35492421,0.94,86.41
2021-11-09,Germany,83000000,70985,175,669,3,61340,8976,35606544,0.94,86.41
2021-11-10,Germany,83000000,71134,149,671,2,61482,8981,35720668,0.94,86.43
2021-11-11,Germany,83000000,71257,123,672,1,61597,8988,35834791,0.94,86.44
2021-11-12,Germany,83000000,71377,120,674,2,61692,9011,35948915,0.94,86.43
2021-11-13,Germany,83000000,71587,210,677,3,61880,9030,36063039,0.95,86.44
2021-11-14,Germany,83000000,71737,150,679,2,62007,9051,36177162,0.95,86.44
2021-11-15,Germany,83000000,71879,142,680,1,62118,9081,36291286,0.95,86.42
2021-11-16,Germany,83000000,72035,156,681,1,62250,9104,36405409,0.95,86.42
2021-11-17,Germany,83000000,72200,165,683,2,62398,9119,36519533,0.95,86.42
2021-11-18,Germany,83000000,72382,182,684,1,62545,9153,36633656,0.94,86.41
2021-11-19,Germany,83000000,72576,194,687,3,62710,9179,36747780,0.95,86.41
2021-11-20,Germany,83000000,72765,189,690,3,62880,9195,36861903,0.95,86.42
2021-11-21,Germany,83000000,72986,221,694,4,63060,9232,36976027,0.95,86.4
2021-11-22,Germany,83000000,73168,182,696,2,63213,9259,37090150,0.95,86.39
2021-11-23,Germany,83000000,73281,113,696,0,63312,9273,37204274,0.95,86.4
2021-11-24,Germany,83000000,73435,154,697,1,63437,9301,37318398,0.95,86.39
2021-11-25,Germany,83000000,73576,141,699,2,63561,9316,37432521,0.95,86.39
2021-11-26,Germany,83000000,73722,146,701,2,63685,9336,37546645,0.95,86.39
2021-11-27,Germany,83000000,73871,149,703,2,63814,9354,37660768,0.95,86.39
2021-11-28,Germany,83000000,74048,177,706,3,63970,9372,37774892,0.95,86.39
2021-11-29,Germany,83000000,74180,132,708,2,64084,9388,37889015,0.95,86.39
2021-11-30,Germany,83000000,74318,138,709,1,64201,9408,38003139,0.95,86.39
2021-12-01,Germany,83000000,74507,189,710,1,64360,9437,38117262,0.95,86.38
2021-12-02,Germany,83000000,74658,151,712,2,64495,9451,38231386,0.95,86.39
2021-12-03,Germany,83000000,74830,172,714,2,64644,9472,38345509,0.95,86.39
2021-12-04,Germany,83000000,74967,137,716,2,64774,9477,38459633,0.96,86.4
2021-12-05,Germany,83000000,75093,126,717,1,64872,9504,38573756,0.95,86.39
2021-12-06,Germany,83000000,75233,140,717,0,64991,9525,38687880,0.95,86.39
2021-12-07,Germany,83000000,75480,247,718,1,65193,9569,38802004,0.95,86.37
2021-12-08,Germany,83000000,75643,163,719,1,65342,9582,38916127,0.95,86.38
2021-12-09,Germany,83000000,75762,119,720,1,65448,9594,39030251,0.95,86.39
2021-12-10,Germany,83000000,75930,168,723,3,65600,9607,39144374,0.95,86.4
2021-12-11,Germany,83000000,76109,179,724,1,65771,9614,39258498,0.95,86.42
2021-12-12,Germany,83000000,76217,108,725,1,65867,9625,39372621,0.95,86.42
2021-12-13,Germany,83000000,76426,209,727,2,66031,9668,39486745,0.95,86.4
2021-12-14,Germany,83000000,76545,119,728,1,66143,9674,39600868,0.95,86.41
2021-12-15,Germany,83000000,76675,130,730,2,66250,9695,39714992,0.95,86.4
2021-12-16,Germany,83000000,76829,154,731,1,66378,9720,39829115,0.95,86.4
2021-12-17,Germany,83000000,77016,187,733,2,66548,9735,39943239,0.95,86.41
2021-12-18,Germany,83000000,77238,222,735,2,66752,9751,40057363,0.95,86.42
2021-12-19,Germany,83000000,77399,161,737,2,66897,9765,40171486,0.95,86.43
2021-12-20,Germany,83000000,77531,132,738,1,67015,9778,40285610,0.95,86.44
2021-12-21,Germany,83000000,77726,195,739,1,67199,9788,40399733,0.95,86.46
2021-12-22,Germany,83000000,77886,160,742,3,67341,9803,40513857,0.95,86.46
2021-12-23,Germany,83000000,78084,198,744,2,67513,9827,40627980,0.95,86.46
2021-12-24,Germany,83000000,78226,142,746,2,67648,9832,40742104,0.95,86.48
2021-12-25,Germany,83000000,78367,141,747,1,67765,9855,40856227,0.95,86.47
2021-12-26,Germany,83000000,78519,152,748,1,67892,9879,40970351,0.95,86.47
2021-12-27,Germany,83000000,78706,187,751,3,68062,9893,41084474,0.95,86.48
2021-12-28,Germany,83000000,78816,110,753,2,68148,9915,41198598,0.96,86.46
2021-12-29,Germany,83000000,79040,224,754,1,68333,9953,41312721,0.95,86.45
2021-12-30,Germany,83000000,79213,173,756,2,68494,9963,41426845,0.95,86.47
2021-12-31,Germany,83000000,79356,143,758,2,68626,9972,41540969,0.96,86.48
2022-01-01,Germany,83000000,79522,166,760,2,68770,9992,41655092,0.96,86.48
2022-01-02,Germany,83000000,79666,144,762,2,68887,10017,41769216,0.96,86.47
2022-01-03,Germany,83000000,79810,144,764,2,69021,10025,41883339,0.96,86.48
2022-01-04,Germany,83000000,79956,146,765,1,69156,10035,41997463,0.96,86.49
2022-01-05,Germany,83000000,80091,135,767,2,69265,10059,42111586,0.96,86.48
2022-01-06,Germany,83000000,80292,201,770,3,69437,10085,42225710,0.96,86.48
2022-01-07,Germany,83000000,80425,133,772,2,69553,10100,42339833,0.96,86.48
2022-01-08,Germany,83000000,80547,122,774,2,69652,10121,42453957,0.96,86.47
2022-01-09,Germany,83000000,80686,139,776,2,69780,10130,42568080,0.96,86.48
2022-01-10,Germany,83000000,80828,142,777,1,69910,10141,42682204,0.96,86.49
2022-01-11,Germany,83000000,80934,106,778,1,70009,10147,42796328,0.96,86.5
2022-01-12,Germany,83000000,81079,145,780,2,70136,10163,42910451,0.96,86.5
2022-01-13,Germany,83000000,81237,158,781,1,70277,10179,43024575,0.96,86.51
2022-01-14,Germany,83000000,81369,132,782,1,70389,10198,43138698,0.96,86.51
2022-01-15,Germany,83000000,81527,158,784,2,70514,10229,43252822,0.96,86.49
2022-01-16,Germany,83000000,81592,65,785,1,70568,10239,43366945,0.96,86.49
2022-01-17,Germany,83000000,81702,110,786,1,70671,10245,43481069,0.96,86.5
2022-01-18,Germany,83000000,81839,137,786,0,70801,10252,43595192,0.96,86.51
2022-01-19,Germany,83000000,81987,148,788,2,70925,10274,43709316,0.96,86.51
2022-01-20,Germany,83000000,82122,135,790,2,71050,10282,43823439,0.96,86.52
2022-01-21,Germany,83000000,82278,156,792,2,71196,10290,43937563,0.96,86.53
2022-01-22,Germany,83000000,82408,130,794,2,71314,10300,44051686,0.96,86.54
2022-01-23,Germany,83000000,82551,143,795,1,71443,10313,44165810,0.96,86.54
2022-01-24,Germany,83000000,82697,146,796,1,71572,10329,44279934,0.96,86.55
2022-01-25,Germany,83000000,82834,137,796,0,71687,10351,44394057,0.96,86.54
2022-01-26,Germany,83000000,82964,130,798,2,71793,10373,44508181,0.96,86.54
2022-01-27,Germany,83000000,83077,113,799,1,71885,10393,44622304,0.96,86.53
2022-01-28,Germany,83000000,83206,129,799,0,71999,10408,44736428,0.96,86.53
2022-01-29,Germany,83000000,83311,105,799,0,72082,10430,44850551,0.96,86.52
2022-01-30,Germany,83000000,83499,188,800,1,72248,10451,44964675,0.96,86.53
2022-01-31,Germany,83000000,83656,157,803,3,72390,10463,45078798,0.96,86.53
2022-02-01,Germany,83000000,83787,131,805,2,72493,10489,45192922,0.96,86.52
2022-02-02,Germany,83000000,83891,104,807,2,72591,10493,45307045,0.96,86.53
2022-02-03,Germany,83000000,84022,131,809,2,72708,10505,45421169,0.96,86.53
2022-02-04,Germany,83000000,84152,130,811,2,72828,10513,45535293,0.96,86.54
2022-02-05,Germany,83000000,84250,98,812,1,72920,10518,45649416,0.96,86.55
2022-02-06,Germany,83000000,84401,151,812,0,73056,10533,45763540,0.96,86.56
2022-02-07,Germany,83000000,84523,122,814,2,73166,10543,45877663,0.96,86.56
2022-02-08,Germany,83000000,84645,122,814,0,73279,10552,45991787,0.96,86.57
2022-02-09,Germany,83000000,84755,110,815,1,73370,10570,46105910,0.96,86.57
2022-02-10,Germany,83000000,84842,87,816,1,73443,10583,46220034,0.96,86.56
2022-02-11,Germany,83000000,84987,145,817,1,73561,10609,46334157,0.96,86.56
2022-02-12,Germany,83000000,85115,128,819,2,73676,10620,46448281,0.96,86.56
2022-02-13,Germany,83000000,85233,118,820,1,73769,10644,46562404,0.96,86.55
2022-02-14,Germany,83000000,85376,143,821,1,73886,10669,46676528,0.96,86.54
2022-02-15,Germany,83000000,85491,115,823,2,73991,10677,46790651,0.96,86.55
2022-02-16,Germany,83000000,85575,84,824,1,74064,10687,46904775,0.96,86.55
2022-02-17,Germany,83000000,85697,122,825,1,74164,10708,47018899,0.96,86.54
2022-02-18,Germany,83000000,85808,111,826,1,74262,10720,47133022,0.96,86.54
2022-02-19,Germany,83000000,85915,107,828,2,74359,10728,47247146,0.96,86.55
2022-02-20,Germany,83000000,86026,111,829,1,74446,10751,47361269,0.96,86.54
2022-02-21,Germany,83000000,86148,122,831,2,74547,10770,47475393,0.96,86.53
2022-02-22,Germany,83000000,86254,106,831,0,74638,10785,47589516,0.96,86.53
2022-02-23,Germany,83000000,86393,139,833,2,74755,10805,47703640,0.96,86.53
2022-02-24,Germany,83000000,86481,88,833,0,74837,10811,47817763,0.96,86.54
2022-02-25,Germany,83000000,86597,116,834,1,74928,10835,47931887,0.96,86.52
2022-02-26,Germany,83000000,86706,109,835,1,75021,10850,48046010,0.96,86.52
2022-02-27,Germany,83000000,86817,111,837,2,75120,10860,48160134,0.96,86.53
2022-02-28,Germany,83000000,86919,102,837,0,75213,10869,48274258,0.96,86.53
2022-03-01,Germany,83000000,87013,94,838,1,75289,10886,48388381,0.96,86.53
2022-03-02,Germany,83000000,87151,138,839,1,75398,10914,48502505,0.96,86.51
2022-03-03,Germany,83000000,87263,112,840,1,75488,10935,48616628,0.96,86.51
2022-03-04,Germany,83000000,87389,126,840,0,75590,10959,48730752,0.96,86.5
2022-03-05,Germany,83000000,87464,75,840,0,75660,10964,48844875,0.96,86.5
2022-03-06,Germany,83000000,87558,94,841,1,75745,10972,48958999,0.96,86.51
2022-03-07,Germany,83000000,87655,97,842,1,75823,10990,49073122,0.96,86.5
2022-03-08,Germany,83000000,87747,92,842,0,75909,10996,49187246,0.96,86.51
2022-03-09,Germany,83000000,87850,103,842,0,76001,11007,49301369,0.96,86.51
2022-03-10,Germany,83000000,87944,94,844,2,76090,11010,49415493,0.96,86.52
2022-03-11,Germany,83000000,88020,76,844,0,76161,11015,49529616,0.96,86.53
2022-03-12,Germany,83000000,88112,92,845,1,76242,11025,49643740,0.96,86.53
2022-03-13,Germany,83000000,88219,107,846,1,76341,11032,49757864,0.96,86.54
2022-03-14,Germany,83000000,88327,108,847,1,76435,11045,49871987,0.96,86.54
2022-03-15,Germany,83000000,88433,106,848,1,76523,11062,49986111,0.96,86.53
2022-03-16,Germany,83000000,88511,78,849,1,76593,11069,50100234,0.96,86.54
2022-03-17,Germany,83000000,88583,72,850,1,76650,11083,50214358,0.96,86.53
2022-03-18,Germany,83000000,88685,102,851,1,76744,11090,50328481,0.96,86.54
2022-03-19,Germany,83000000,88780,95,852,1,76823,11105,50442605,0.96,86.53
2022-03-20,Germany,83000000,88865,85,852,0,76893,11120,50556728,0.96,86.53
2022-03-21,Germany,83000000,88961,96,854,2,76969,11138,50670852,0.96,86.52
2022-03-22,Germany,83000000,89042,81,855,1,77040,11147,50784975,0.96,86.52
2022-03-23,Germany,83000000,89123,81,855,0,77110,11158,50899099,0.96,86.52
2022-03-24,Germany,83000000,89196,73,856,1,77176,11164,51013222,0.96,86.52
2022-03-25,Germany,83000000,89283,87,857,1,77257,11169,51127346,0.96,86.53
2022-03-26,Germany,83000000,89361,78,858,1,77330,11173,51241470,0.96,86.54
2022-03-27,Germany,83000000,89440,79,858,0,77404,11178,51355593,0.96,86.54
2022-03-28,Germany,83000000,89538,98,859,1,77496,11183,51469717,0.96,86.55
2022-03-29,Germany,83000000,89625,87,859,0,77568,11198,51583840,0.96,86.55
2022-03-30,Germany,83000000,89724,99,861,2,77650,11213,51697964,0.96,86.54
2022-03-31,Germany,83000000,89806,82,862,1,77718,11226,51812087,0.96,86.54
2022-04-01,Germany,83000000,89876,70,862,0,77778,11236,51926211,0.96,86.54
2022-04-02,Germany,83000000,89965,89,863,1,77858,11244,52040334,0.96,86.54
2022-04-03,Germany,83000000,90035,70,863,0,77919,11253,52154458,0.96,86.54
2022-04-04,Germany,83000000,90087,52,864,1,77964,11259,52268581,0.96,86.54
2022-04-05,Germany,83000000,90152,65,865,1,78015,11272,52382705,0.96,86.54
2022-04-06,Germany,83000000,90229,77,866,1,78078,11285,52496829,0.96,86.53
2022-04-07,Germany,83000000,90345,116,868,2,78170,11307,52610952,0.96,86.52
2022-04-08,Germany,83000000,90443,98,870,2,78255,11318,52725076,0.96,86.52
2022-04-09,Germany,83000000,90541,98,870,0,78341,11330,52839199,0.96,86.53
2022-04-10,Germany,83000000,90611,70,870,0,78401,11340,52953323,0.96,86.52
2022-04-11,Germany,83000000,90674,63,871,1,78458,11345,53067446,0.96,86.53
2022-04-12,Germany,83000000,90752,78,871,0,78530,11351,53181570,0.96,86.53
2022-04-13,Germany,83000000,90823,71,872,1,78592,11359,53295693,0.96,86.53
2022-04-14,Germany,83000000,90885,62,872,0,78647,11366,53409817,0.96,86.53
2022-04-15,Germany,83000000,90964,79,872,0,78716,11376,53523940,0.96,86.54
2022-04-16,Germany,83000000,91023,59,872,0,78769,11382,53638064,0.96,86.54
2022-04-17,Germany,83000000,91083,60,873,1,78820,11390,53752187,0.96,86.54
2022-04-18,Germany,83000000,91138,55,874,1,78868,11396,53866311,0.96,86.54
2022-04-19,Germany,83000000,91204,66,875,1,78928,11401,53980435,0.96,86.54
2022-04-20,Germany,83000000,91268,64,876,1,78978,11414,54094558,0.96,86.53
2022-04-21,Germany,83000000,91313,45,876,0,79020,11417,54208682,0.96,86.54
2022-04-22,Germany,83000000,91382,69,877,1,79083,11422,54322805,0.96,86.54
2022-04-23,Germany,83000000,91437,55,877,0,79129,11431,54436929,0.96,86.54
2022-04-24,Germany,83000000,91500,63,877,0,79179,11444,54551052,0.96,86.53
2022-04-25,Germany,83000000,91570,70,878,1,79242,11450,54665176,0.96,86.54
2022-04-26,Germany,83000000,91630,60,879,1,79296,11455,54779299,0.96,86.54
2022-04-27,Germany,83000000,91691,61,879,0,79348,11464,54893423,0.96,86.54
2022-04-28,Germany,83000000,91750,59,879,0,79394,11477,55007546,0.96,86.53
2022-04-29,Germany,83000000,91813,63,879,0,79449,11485,55121670,0.96,86.53
2022-04-30,Germany,83000000,91859,46,879,0,79486,11494,55235794,0.96,86.53
2022-05-01,Germany,83000000,91906,47,879,0,79526,11501,55349917,0.96,86.53
2022-05-02,Germany,83000000,91949,43,879,0,79562,11508,55464041,0.96,86.53
2022-05-03,Germany,83000000,92003,54,880,1,79611,11512,55578164,0.96,86.53
2022-05-04,Germany,83000000,92060,57,880,0,79665,11515,55692288,0.96,86.54
2022-05-05,Germany,83000000,92100,40,880,0,79700,11520,55806411,0.96,86.54
2022-05-06,Germany,83000000,92160,60,881,1,79754,11525,55920535,0.96,86.54
2022-05-07,Germany,83000000,92215,55,882,1,79802,11531,56034658,0.96,86.54
2022-05-08,Germany,83000000,92273,58,882,0,79854,11537,56148782,0.96,86.54
2022-05-09,Germany,83000000,92325,52,882,0,79898,11545,56262905,0.96,86.54
2022-05-10,Germany,83000000,92372,47,882,0,79943,11547,56377029,0.95,86.54
2022-05-11,Germany,83000000,92410,38,882,0,79978,11550,56491152,0.95,86.55
2022-05-12,Germany,83000000,92465,55,882,0,80027,11556,56605276,0.95,86.55
2022-05-13,Germany,83000000,92506,41,882,0,80063,11561,56719400,0.95,86.55
2022-05-14,Germany,83000000,92561,55,883,1,80114,11564,56833523,0.95,86.55
2022-05-15,Germany,83000000,92622,61,884,1,80168,11570,56947647,0.95,86.55
2022-05-16,Germany,83000000,92661,39,884,0,80198,11579,57061770,0.95,86.55
2022-05-17,Germany,83000000,92693,32,884,0,80222,11587,57061770,0.95,86.55
2022-05-18,Germany,83000000,92731,38,884,0,80256,11591,57061770,0.95,86.55
2022-05-19,Germany,83000000,92787,56,885,1,80309,11593,57061770,0.95,86.55
2022-05-20,Germany,83000000,92824,37,885,0,80339,11600,57061770,0.95,86.55
2022-05-21,Germany,83000000,92883,59,885,0,80389,11609,57061770,0.95,86.55
2022-05-22,Germany,83000000,92919,36,885,0,80419,11615,57061770,0.95,86.55
2022-05-23,Germany,83000000,92954,35,885,0,80447,11622,57061770,0.95,86.54
2022-05-24,Germany,83000000,92987,33,885,0,80473,11629,57061770,0.95,86.54
2022-05-25,Germany,83000000,93023,36,885,0,80504,11634,57061770,0.95,86.54
2022-05-26,Germany,83000000,93056,33,885,0,80530,11641,57061770,0.95,86.54
2022-05-27,Germany,83000000,93105,49,885,0,80572,11648,57061770,0.95,86.54
2022-05-28,Germany,83000000,93154,49,885,0,80616,11653,57061770,0.95,86.54
2022-05-29,Germany,83000000,93188,34,885,0,80646,11657,57061770,0.95,86.54
2022-05-30,Germany,83000000,93224,36,885,0,80674,11665,57061770,0.95,86.54
2022-05-31,Germany,83000000,93255,31,885,0,80701,11669,57061770,0.95,86.54
2022-06-01,Germany,83000000,93287,32,885,0,80731,11671,57061770,0.95,86.54
2022-06-02,Germany,83000000,93320,33,885,0,80762,11673,57061770,0.95,86.54
2022-06-03,Germany,83000000,93354,34,885,0,80791,11678,57061770,0.95,86.54
2022-06-04,Germany,83000000,93380,26,885,0,80814,11681,57061770,0.95,86.54
2022-06-05,Germany,83000000,93421,41,885,0,80851,11685,57061770,0.95,86.54
2022-06-06,Germany,83000000,93456,35,885,0,80879,11692,57061770,0.95,86.54
2022-06-07,Germany,83000000,93495,39,885,0,80909,11701,57061770,0.95,86.54
2022-06-08,Germany,83000000,93522,27,885,0,80931,11706,57061770,0.95,86.54
2022-06-09,Germany,83000000,93552,30,885,0,80954,11713,57061770,0.95,86.53
2022-06-10,Germany,83000000,93574,22,885,0,80974,11715,57061770,0.95,86.53
2022-06-11,Germany,83000000,93596,22,885,0,80993,11718,57061770,0.95,86.53
2022-06-12,Germany,83000000,93636,40,885,0,81024,11727,57061770,0.95,86.53
2022-06-13,Germany,83000000,93668,32,885,0,81053,11730,57061770,0.94,86.53
2022-06-14,Germany,83000000,93699,31,885,0,81082,11732,57061770,0.94,86.53
2022-06-15,Germany,83000000,93723,24,885,0,81102,11736,57061770,0.94,86.53
2022-06-16,Germany,83000000,93745,22,885,0,81121,11739,57061770,0.94,86.53
2022-06-17,Germany,83000000,93771,26,885,0,81142,11744,57061770,0.94,86.53
2022-06-18,Germany,83000000,93802,31,885,0,81169,11748,57061770,0.94,86.53
2022-06-19,Germany,83000000,93824,22,885,0,81187,11752,57061770,0.94,86.53
2022-06-20,Germany,83000000,93850,26,885,0,81209,11756,57061770,0.94,86.53
2022-06-21,Germany,83000000,93871,21,885,0,81227,11759,57061770,0.94,86.53
2022-06-22,Germany,83000000,93899,28,885,0,81252,11762,57061770,0.94,86.53
2022-06-23,Germany,83000000,93915,16,885,0,81265,11765,57061770,0.94,86.53
2022-06-24,Germany,83000000,93947,32,885,0,81293,11769,57061770,0.94,86.53
2022-06-25,Germany,83000000,93973,26,885,0,81316,11772,57061770,0.94,86.53
2022-06-26,Germany,83000000,93996,23,885,0,81335,11776,57061770,0.94,86.53
2022-06-27,Germany,83000000,94015,19,885,0,81352,11778,57061770,0.94,86.53
2022-06-28,Germany,83000000,94036,21,885,0,81369,11782,57061770,0.94,86.53
2022-06-29,Germany,83000000,94059,23,885,0,81390,11784,57061770,0.94,86.53
2022-06-30,Germany,83000000,94074,15,885,0,81403,11786,57061770,0.94,86.53
2022-07-01,Germany,83000000,94094,20,885,0,81421,11788,57061770,0.94,86.53
2022-07-02,Germany,83000000,94121,27,885,0,81443,11793,57061770,0.94,86.53
2022-07-03,Germany,83000000,94140,19,885,0,81459,11796,57061770,0.94,86.53
2022-07-04,Germany,83000000,94157,17,885,0,81474,11798,57061770,0.94,86.53
2022-07-05,Germany,83000000,94179,22,885,0,81491,11803,57061770,0.94,86.53
2022-07-06,Germany,83000000,94194,15,885,0,81503,11806,57061770,0.94,86.53
2022-07-07,Germany,83000000,94209,15,885,0,81516,11808,57061770,0.94,86.53
2022-07-08,Germany,83000000,94224,15,885,0,81529,11810,57061770,0.94,86.53
2022-07-09,Germany,83000000,94240,16,885,0,81542,11813,57061770,0.94,86.53
2022-07-10,Germany,83000000,94252,12,885,0,81552,11815,57061770,0.94,86.53
2022-07-11,Germany,83000000,94269,17,885,0,81567,11817,57061770,0.94,86.53
2022-07-12,Germany,83000000,94284,15,885,0,81579,11820,57061770,0.94,86.52
2022-07-13,Germany,83000000,94296,12,885,0,81590,11821,57061770,0.94,86.53
2022-07-14,Germany,83000000,94309,13,885,0,81601,11823,57061770,0.94,86.53
2022-07-15,Germany,83000000,94324,15,885,0,81614,11825,57061770,0.94,86.53
2022-07-16,Germany,83000000,94339,15,885,0,81627,11827,57061770,0.94,86.53
2022-07-17,Germany,83000000,94352,13,885,0,81637,11830,57061770,0.94,86.52
2022-07-18,Germany,83000000,94364,12,885,0,81646,11833,57061770,0.94,86.52
2022-07-19,Germany,83000000,94376,12,885,0,81657,11834,57061770,0.94,86.52
2022-07-20,Germany,83000000,94393,17,885,0,81672,11836,57061770,0.94,86.52
2022-07-21,Germany,83000000,94404,11,885,0,81681,11838,57061770,0.94,86.52
2022-07-22,Germany,83000000,94419,15,885,0,81694,11840,57061770,0.94,86.52
2022-07-23,Germany,83000000,94436,17,885,0,81709,11842,57061770,0.94,86.52
2022-07-24,Germany,83000000,94448,12,885,0,81720,11843,57061770,0.94,86.52
2022-07-25,Germany,83000000,94459,11,885,0,81729,11845,57061770,0.94,86.52
2022-07-26,Germany,83000000,94474,15,885,0,81741,11848,57061770,0.94,86.52
2022-07-27,Germany,83000000,94487,13,885,0,81751,11851,57061770,0.94,86.52
2022-07-28,Germany,83000000,94500,13,885,0,81761,11854,57061770,0.94,86.52
2022-07-29,Germany,83000000,94508,8,885,0,81767,11856,57061770,0.94,86.52
2022-07-30,Germany,83000000,94518,10,885,0,81774,11859,57061770,0.94,86.52
2022-07-31,Germany,83000000,94529,11,885,0,81783,11861,57061770,0.94,86.52
2022-08-01,Germany,83000000,94541,12,885,0,81794,11862,57061770,0.94,86.52
2022-08-02,Germany,83000000,94550,9,885,0,81801,11864,57061770,0.94,86.52
2022-08-03,Germany,83000000,94558,8,885,0,81807,11866,57061770,0.94,86.52
2022-08-04,Germany,83000000,94568,10,885,0,81815,11868,57061770,0.94,86.51
2022-08-05,Germany,83000000,94577,9,885,0,81822,11870,57061770,0.94,86.51
2022-08-06,Germany,83000000,94583,6,885,0,81827,11871,57061770,0.94,86.51
2022-08-07,Germany,83000000,94591,8,885,0,81834,11872,57061770,0.94,86.51
2022-08-08,Germany,83000000,94601,10,885,0,81842,11874,57061770,0.94,86.51
2022-08-09,Germany,83000000,94610,9,885,0,81849,11876,57061770,0.94,86.51
2022-08-10,Germany,83000000,94616,6,885,0,81854,11877,57061770,0.94,86.51
2022-08-11,Germany,83000000,94624,8,885,0,81861,11878,57061770,0.94,86.51
2022-08-12,Germany,83000000,94632,8,885,0,81868,11879,57061770,0.94,86.51
2022-08-13,Germany,83000000,94639,7,885,0,81873,11881,57061770,0.94,86.51
2022-08-14,Germany,83000000,94645,6,885,0,81878,11882,57061770,0.94,86.51
2022-08-15,Germany,83000000,94652,7,885,0,81884,11883,57061770,0.94,86.51
2022-08-16,Germany,83000000,94658,6,885,0,81889,11884,57061770,0.93,86.51
2022-08-17,Germany,83000000,94668,10,885,0,81898,11885,57061770,0.93,86.51
2022-08-18,Germany,83000000,94675,7,885,0,81903,11887,57061770,0.93,86.51
2022-08-19,Germany,83000000,94680,5,885,0,81907,11888,57061770,0.93,86.51
2022-08-20,Germany,83000000,94687,7,885,0,81913,11889,57061770,0.93,86.51
2022-08-21,Germany,83000000,94694,7,885,0,81919,11890,57061770,0.93,86.51
2022-08-22,Germany,83000000,94700,6,885,0,81924,11891,57061770,0.93,86.51
2022-08-23,Germany,83000000,94704,4,885,0,81927,11892,57061770,0.93,86.51
2022-08-24,Germany,83000000,94707,3,885,0,81929,11893,57061770,0.93,86.51
2022-08-25,Germany,83000000,94716,9,885,0,81936,11895,57061770,0.93,86.51
2022-08-26,Germany,83000000,94722,6,885,0,81941,11896,57061770,0.93,86.51
2022-08-27,Germany,83000000,94727,5,885,0,81945,11897,57061770,0.93,86.51
2022-08-28,Germany,83000000,94731,4,885,0,81948,11898,57061770,0.93,86.51
2022-08-29,Germany,83000000,94737,6,885,0,81952,11900,57061770,0.93,86.5
2022-08-30,Germany,83000000,94744,7,885,0,81958,11901,57061770,0.93,86.5
2022-08-31,Germany,83000000,94749,5,885,0,81962,11902,57061770,0.93,86.5
2022-09-01,Germany,83000000,94757,8,885,0,81968,11904,57061770,0.93,86.5
2022-09-02,Germany,83000000,94761,4,885,0,81971,11905,57061770,0.93,86.5
2022-09-03,Germany,83000000,94767,6,885,0,81976,11906,57061770,0.93,86.5
2022-09-04,Germany,83000000,94772,5,885,0,81980,11907,57061770,0.93,86.5
2022-09-05,Germany,83000000,94776,4,885,0,81983,11908,57061770,0.93,86.5
2022-09-06,Germany,83000000,94779,3,885,0,81985,11909,57061770,0.93,86.5
2022-09-07,Germany,83000000,94783,4,885,0,81988,11910,57061770,0.93,86.5
2022-09-08,Germany,83000000,94785,2,885,0,81989,11911,57061770,0.93,86.5
2022-09-09,Germany,83000000,94790,5,885,0,81993,11912,57061770,0.93,86.5
2022-09-10,Germany,83000000,94794,4,885,0,81996,11913,57061770,0.93,86.5
2022-09-11,Germany,83000000,94797,3,885,0,81998,11914,57061770,0.93,86.5
2022-09-12,Germany,83000000,94800,3,885,0,82000,11915,57061770,0.93,86.5
2022-09-13,Germany,83000000,94804,4,885,0,82003,11916,57061770,0.93,86.5
2022-09-14,Germany,83000000,94807,3,885,0,82005,11917,57061770,0.93,86.5
2022-09-15,Germany,83000000,94810,3,885,0,82007,11918,57061770,0.93,86.5
2022-09-16,Germany,83000000,94813,3,885,0,82009,11919,57061770,0.93,86.5
2022-09-17,Germany,83000000,94816,3,885,0,82011,11920,57061770,0.93,86.49
2022-09-18,Germany,83000000,94819,3,885,0,82013,11921,57061770,0.93,86.49
2022-09-19,Germany,83000000,94822,3,885,0,82015,11922,57061770,0.93,86.49
2022-09-20,Germany,83000000,94826,4,885,0,82018,11923,57061770,0.93,86.49
2022-09-21,Germany,83000000,94829,3,885,0,82020,11924,57061770,0.93,86.49
2022-09-22,Germany,83000000,94831,2,885,0,82021,11925,57061770,0.93,86.49
2022-09-23,Germany,83000000,94833,2,885,0,82022,11926,57061770,0.93,86.49
2022-09-24,Germany,83000000,94836,3,885,0,82024,11927,57061770,0.93,86.49
2022-09-25,Germany,83000000,94838,2,885,0,82025,11928,57061770,0.93,86.49
2022-09-26,Germany,83000000,94841,3,885,0,82027,11929,57061770,0.93,86.49
2022-09-27,Germany,83000000,94843,2,885,0,82028,11930,57061770,0.93,86.49
2022-09-28,Germany,83000000,94845,2,885,0,82029,11931,57061770,0.93,86.49
2022-09-29,Germany,83000000,94848,3,885,0,82031,11932,57061770,0.93,86.49
2022-09-30,Germany,83000000,94850,2,885,0,82032,11933,57061770,0.93,86.49
2022-10-01,Germany,83000000,94852,2,885,0,82033,11934,57061770,0.93,86.49
2022-10-02,Germany,83000000,94854,2,885,0,82034,11935,57061770,0.93,86.48
2022-10-03,Germany,83000000,94856,2,885,0,82035,11936,57061770,0.93,86.48
2022-10-04,Germany,83000000,94858,2,885,0,82036,11937,57061770,0.93,86.48
2022-10-05,Germany,83000000,94860,2,885,0,82037,11938,57061770,0.93,86.48
2022-10-06,Germany,83000000,94862,2,885,0,82038,11939,57061770,0.93,86.48
2022-10-07,Germany,83000000,94863,1,885,0,82038,11940,57061770,0.93,86.48
2022-10-08,Germany,83000000,94865,2,885,0,82039,11941,57061770,0.93,86.48
2022-10-09,Germany,83000000,94866,1,885,0,82039,11942,57061770,0.93,86.48
2022-10-10,Germany,83000000,94868,2,885,0,82040,11943,57061770,0.93,86.48
2022-10-11,Germany,83000000,94869,1,885,0,82040,11944,57061770,0.93,86.48
2022-10-12,Germany,83000000,94871,2,885,0,82041,11945,57061770,0.93,86.48
2022-10-13,Germany,83000000,94872,1,885,0,82041,11946,57061770,0.93,86.48
2022-10-14,Germany,83000000,94873,1,885,0,82041,11947,57061770,0.93,86.47
2022-10-15,Germany,83000000,94874,1,885,0,82041,11948,57061770,0.93,86.47
2022-10-16,Germany,83000000,94875,1,885,0,82041,11949,57061770,0.93,86.47
2022-10-17,Germany,83000000,94876,1,885,0,82041,11950,57061770,0.93,86.47
2022-10-18,Germany,83000000,94877,1,885,0,82041,11951,57061770,0.93,86.47
2022-10-19,Germany,83000000,94878,1,885,0,82041,11952,57061770,0.93,86.47
2022-10-20,Germany,83000000,94879,1,885,0,82041,11953,57061770,0.93,86.47
2022-10-21,Germany,83000000,94880,1,885,0,82041,11954,57061770,0.93,86.47
2022-10-22,Germany,83000000,94881,1,885,0,82041,11955,57061770,0.93,86.47
2022-10-23,Germany,83000000,94882,1,885,0,82041,11956,57061770,0.93,86.47
2022-10-24,Germany,83000000,94883,1,885,0,82041,11957,57061770,0.93,86.47
2022-10-25,Germany,83000000,94884,1,885,0,82041,11958,57061770,0.93,86.46
2022-10-26,Germany,83000000,94885,1,885,0,82041,11959,57061770,0.93,86.46
2022-10-27,Germany,83000000,94885,0,885,0,82041,11959,57061770,0.93,86.46
2022-10-28,Germany,83000000,94886,1,885,0,82041,11960,57061770,0.93,86.46
2022-10-29,Germany,83000000,94887,1,885,0,82041,11961,57061770,0.93,86.46
2022-10-30,Germany,83000000,94887,0,885,0,82041,11961,57061770,0.93,86.46
2022-10-31,Germany,83000000,94888,1,885,0,82041,11962,57061770,0.93,86.46
2022-11-01,Germany,83000000,94889,1,885,0,82041,11963,57061770,0.93,86.46
2022-11-02,Germany,83000000,94889,0,885,0,82041,11963,57061770,0.93,86.46
2022-11-03,Germany,83000000,94889,0,885,0,82041,11963,57061770,0.93,86.46
2022-11-04,Germany,83000000,94890,1,885,0,82041,11964,57061770,0.93,86.46
2022-11-05,Germany,83000000,94891,1,885,0,82041,11965,57061770,0.93,86.46
2022-11-06,Germany,83000000,94891,0,885,0,82041,11965,57061770,0.93,86.46
2022-11-07,Germany,83000000,94892,1,885,0,82041,11966,57061770,0.93,86.46
2022-11-08,Germany,83000000,94893,1,885,0,82041,11967,57061770,0.93,86.46
2022-11-09,Germany,83000000,94893,0,885,0,82041,11967,57061770,0.93,86.46
2022-11-10,Germany,83000000,94893,0,885,0,82041,11967,57061770,0.93,86.46
2022-11-11,Germany,83000000,94893,0,885,0,82041,11967,57061770,0.93,86.46
2022-11-12,Germany,83000000,94893,0,885,0,82041,11967,57061770,0.93,86.46
2022-11-13,Germany,83000000,94893,0,885,0,82041,11967,57061770,0.93,86.46
2022-11-14,Germany,83000000,94893,0,885,0,82041,11967,57061770,0.93,86.46
2022-11-15,Germany,83000000,94893,0,885,0,82041,11967,57061770,0.93,86.46
2022-11-16,Germany,83000000,94893,0,885,0,82041,11967,57061770,0.93,86.46
2022-11-17,Germany,83000000,94893,0,885,0,82041,11967,57061770,0.93,86.46
2022-11-18,Germany,83000000,94893,0,885,0,82041,11967,57061770,0.93,86.46
2022-11-19,Germany,83000000,94893,0,885,0,82041,11967,57061770,0.93,86.46
2022-11-20,Germany,83000000,94893,0,885,0,82041,11967,57061770,0.93,86.46
2022-11-21,Germany,83000000,94893,0,885,0,82041,11967,57061770,0.93,86.46
2022-11-22,Germany,83000000,94893,0,885,0,82041,11967,57061770,0.93,86.46
2022-11-23,Germany,83000000,94893,0,885,0,82041,11967,57061770,0.93,86.46
2022-11-24,Germany,83000000,94893,0,885,0,82041,11967,57061770,0.93,86.46
2022-11-25,Germany,83000000,94893,0,885,0,82041,11967,57061770,0.93,86.46
2022-11-26,Germany,83000000,94893,0,885,0,82041,11967,57061770,0.93,86.46
2022-11-27,Germany,83000000,94893,0,885,0,82041,11967,57061770,0.93,86.46
2022-11-28,Germany,83000000,94893,0,885,0,82041,11967,57061770,0.93,86.46
2022-11-29,Germany,83000000,94893,0,885,0,82041,11967,57061770,0.93,86.46
2022-11-30,Germany,83000000,94893,0,885,0,82041,11967,57061770,0.93,86.46
2022-12-01,Germany,83000000,94893,0,885,0,82041,11967,57061770,0.93,86.46
2022-12-02,Germany,83000000,94893,0,885,0,82041,11967,57061770,0.93,86.46
2022-12-03,Germany,83000000,94893,0,885,0,82041,11967,57061770,0.93,86.46
2022-12-04,Germany,83000000,94893,0,885,0,82041,11967,57061770,0.93,86.46
2022-12-05,Germany,83000000,94893,0,885,0,82041,11967,57061770,0.93,86.46
2022-12-06,Germany,83000000,94893,0,885,0,82041,11967,57061770,0.93,86.46
2022-12-07,Germany,83000000,94893,0,885,0,82041,11967,57061770,0.93,86.46
2022-12-08,Germany,83000000,94893,0,885,0,82041,11967,57061770,0.93,86.46
2022-12-09,Germany,83000000,94893,0,885,0,82041,11967,57061770,0.93,86.46
2022-12-10,Germany,83000000,94893,0,885,0,82041,11967,57061770,0.93,86.46
2022-12-11,Germany,83000000,94893,0,885,0,82041,11967,57061770,0.93,86.46
2022-12-12,Germany,83000000,94893,0,885,0,82041,11967,57061770,0.93,86.46
2022-12-13,Germany,83000000,94893,0,885,0,82041,11967,57061770,0.93,86.46
2022-12-14,Germany,83000000,94893,0,885,0,82041,11967,57061770,0.93,86.46
2022-12-15,Germany,83000000,94893,0,885,0,82041,11967,57061770,0.93,86.46
2022-12-16,Germany,83000000,94893,0,885,0,82041,11967,57061770,0.93,86.46
2022-12-17,Germany,83000000,94893,0,885,0,82041,11967,57061770,0.93,86.46
2022-12-18,Germany,83000000,94893,0,885,0,82041,11967,57061770,0.93,86.46
2022-12-19,Germany,83000000,94893,0,885,0,82041,11967,57061770,0.93,86.46
2022-12-20,Germany,83000000,94893,0,885,0,82041,11967,57061770,0.93,86.46
2022-12-21,Germany,83000000,94893,0,885,0,82041,11967,57061770,0.93,86.46
2022-12-22,Germany,83000000,94893,0,885,0,82041,11967,57061770,0.93,86.46
2022-12-23,Germany,83000000,94893,0,885,0,82041,11967,57061770,0.93,86.46
2022-12-24,Germany,83000000,94893,0,885,0,82041,11967,57061770,0.93,86.46
2022-12-25,Germany,83000000,94893,0,885,0,82041,11967,57061770,0.93,86.46
2022-12-26,Germany,83000000,94893,0,885,0,82041,11967,57061770,0.93,86.46
2022-12-27,Germany,83000000,94893,0,885,0,82041,11967,57061770,0.93,86.46
2022-12-28,Germany,83000000,94893,0,885,0,82041,11967,57061770,0.93,86.46
2022-12-29,Germany,83000000,94893,0,885,0,82041,11967,57061770,0.93,86.46
2022-12-30,Germany,83000000,94893,0,885,0,82041,11967,57061770,0.93,86.46
2022-12-31,Germany,83000000,94893,0,885,0,82041,11967,57061770,0.93,86.46
2020-01-01,France,68000000,2,2,0,0,1,1,0,0,50
2020-01-02,France,68000000,4,2,0,0,2,2,0,0,50
2020-01-03,France,68000000,7,3,0,0,4,3,0,0,57.14
2020-01-04,France,68000000,10,3,0,0,6,4,0,0,60
2020-01-05,France,68000000,13,3,0,0,8,5,0,0,61.54
2020-01-06,France,68000000,15,2,0,0,9,6,0,0,60
2020-01-07,France,68000000,18,3,0,0,11,7,0,0,61.11
2020-01-08,France,68000000,21,3,0,0,13,8,0,0,61.9
2020-01-09,France,68000000,23,2,0,0,14,9,0,0,60.87
2020-01-10,France,68000000,27,4,0,0,17,10,0,0,62.96
2020-01-11,France,68000000,31,4,0,0,20,11,0,0,64.52
2020-01-12,France,68000000,33,2,0,0,21,12,0,0,63.64
2020-01-13,France,68000000,36,3,0,0,23,13,0,0,63.89
2020-01-14,France,68000000,39,3,0,0,25,14,0,0,64.1
2020-01-15,France,68000000,41,2,0,0,26,15,0,0,63.41
2020-01-16,France,68000000,44,3,0,0,28,16,0,0,63.64
2020-01-17,France,68000000,47,3,0,0,30,17,0,0,63.83
2020-01-18,France,68000000,51,4,0,0,33,18,0,0,64.71
2020-01-19,France,68000000,54,3,0,0,35,19,0,0,64.81
2020-01-20,France,68000000,59,5,0,0,39,20,0,0,66.1
2020-01-21,France,68000000,63,4,0,0,42,21,0,0,66.67
2020-01-22,France,68000000,68,5,0,0,46,22,0,0,67.65
2020-01-23,France,68000000,74,6,0,0,50,24,0,0,67.57
2020-01-24,France,68000000,79,5,0,0,54,25,0,0,68.35
2020-01-25,France,68000000,84,5,0,0,58,26,0,0,69.05
2020-01-26,France,68000000,89,5,0,0,62,27,0,0,69.66
2020-01-27,France,68000000,96,7,0,0,67,29,0,0,69.79
2020-01-28,France,68000000,103,7,0,0,73,30,0,0,70.87
2020-01-29,France,68000000,109,6,0,0,78,31,0,0,71.56
2020-01-30,France,68000000,116,7,0,0,83,33,0,0,71.55
2020-01-31,France,68000000,123,7,0,0,89,34,0,0,72.36
2020-02-01,France,68000000,131,8,0,0,96,35,0,0,73.28
2020-02-02,France,68000000,138,7,0,0,101,37,0,0,73.19
2020-02-03,France,68000000,145,7,0,0,107,38,0,0,73.79
2020-02-04,France,68000000,154,9,0,0,115,39,0,0,74.68
2020-02-05,France,68000000,163,9,0,0,123,40,0,0,75.46
2020-02-06,France,68000000,176,13,0,0,133,43,0,0,75.57
2020-02-07,France,68000000,185,9,0,0,141,44,0,0,76.22
2020-02-08,France,68000000,198,13,0,0,152,46,0,0,76.77
2020-02-09,France,68000000,207,9,0,0,160,47,0,0,77.29
2020-02-10,France,68000000,215,8,0,0,167,48,0,0,77.67
2020-02-11,France,68000000,225,10,0,0,175,50,0,0,77.78
2020-02-12,France,68000000,236,11,0,0,184,52,0,0,77.97
2020-02-13,France,68000000,246,10,0,0,193,53,0,0,78.46
2020-02-14,France,68000000,256,10,0,0,201,55,0,0,78.52
2020-02-15,France,68000000,269,13,0,0,213,56,0,0,79.18
2020-02-16,France,68000000,284,15,0,0,226,58,0,0,79.58
2020-02-17,France,68000000,297,13,0,0,238,59,0,0,80.13
2020-02-18,France,68000000,306,9,0,0,246,60,0,0,80.39
2020-02-19,France,68000000,322,16,0,0,259,63,0,0,80.43
2020-02-20,France,68000000,336,14,0,0,271,65,0,0,80.65
2020-02-21,France,68000000,350,14,0,0,282,68,0,0,80.57
2020-02-22,France,68000000,362,12,0,0,292,70,0,0,80.66
2020-02-23,France,68000000,375,13,0,0,302,73,0,0,80.53
2020-02-24,France,68000000,395,20,0,0,321,74,0,0,81.27
2020-02-25,France,68000000,418,23,0,0,339,79,0,0,81.1
2020-02-26,France,68000000,434,16,0,0,351,83,0,0,80.88
2020-02-27,France,68000000,448,14,0,0,363,85,0,0,81.03
2020-02-28,France,68000000,463,15,0,0,375,88,0,0,80.99
2020-02-29,France,68000000,478,15,0,0,386,92,0,0,80.75
2020-03-01,France,68000000,495,17,0,0,399,96,0,0,80.61
2020-03-02,France,68000000,511,16,0,0,414,97,0,0,81.02
2020-03-03,France,68000000,532,21,0,0,434,98,0,0,81.58
2020-03-04,France,68000000,553,21,0,0,452,101,0,0,81.74
2020-03-05,France,68000000,569,16,0,0,467,102,0,0,82.07
2020-03-06,France,68000000,587,18,0,0,483,104,0,0,82.28
2020-03-07,France,68000000,599,12,0,0,493,106,0,0,82.3
2020-03-08,France,68000000,619,20,0,0,511,108,0,0,82.55
2020-03-09,France,68000000,642,23,0,0,530,112,0,0,82.55
2020-03-10,France,68000000,663,21,0,0,547,116,0,0,82.5
2020-03-11,France,68000000,685,22,0,0,565,120,0,0,82.48
2020-03-12,France,68000000,706,21,0,0,583,123,0,0,82.58
2020-03-13,France,68000000,732,26,0,0,604,128,0,0,82.51
2020-03-14,France,68000000,757,25,0,0,625,132,0,0,82.56
2020-03-15,France,68000000,787,30,0,0,652,135,0,0,82.85
2020-03-16,France,68000000,809,22,0,0,672,137,0,0,83.07
2020-03-17,France,68000000,832,23,0,0,692,140,0,0,83.17
2020-03-18,France,68000000,869,37,0,0,722,147,0,0,83.08
2020-03-19,France,68000000,899,30,0,0,745,154,0,0,82.87
2020-03-20,France,68000000,928,29,0,0,772,156,0,0,83.19
2020-03-21,France,68000000,953,25,0,0,792,161,0,0,83.11
2020-03-22,France,68000000,975,22,0,0,809,166,0,0,82.97
2020-03-23,France,68000000,1001,26,0,0,832,169,0,0,83.12
2020-03-24,France,68000000,1029,28,0,0,858,171,0,0,83.38
2020-03-25,France,68000000,1069,40,0,0,890,179,0,0,83.26
2020-03-26,France,68000000,1095,26,0,0,912,183,0,0,83.29
2020-03-27,France,68000000,1132,37,0,0,943,189,0,0,83.3
2020-03-28,France,68000000,1170,38,0,0,976,194,0,0,83.42
2020-03-29,France,68000000,1203,33,0,0,1006,197,0,0,83.62
2020-03-30,France,68000000,1236,33,0,0,1036,200,0,0,83.82
2020-03-31,France,68000000,1266,30,0,0,1062,204,0,0,83.89
2020-04-01,France,68000000,1298,32,0,0,1088,210,0,0,83.82
2020-04-02,France,68000000,1331,33,0,0,1117,214,0,0,83.92
2020-04-03,France,68000000,1369,38,0,0,1151,218,0,0,84.08
2020-04-04,France,68000000,1409,40,0,0,1185,224,0,0,84.1
2020-04-05,France,68000000,1450,41,0,0,1222,228,0,0,84.28
2020-04-06,France,68000000,1485,35,0,0,1253,232,0,0,84.38
2020-04-07,France,68000000,1531,46,0,0,1291,240,0,0,84.32
2020-04-08,France,68000000,1574,43,0,0,1325,249,0,0,84.18
2020-04-09,France,68000000,1612,38,0,0,1356,256,0,0,84.12
2020-04-10,France,68000000,1643,31,0,0,1380,263,0,0,83.99
2020-04-11,France,68000000,1696,53,0,0,1427,269,0,0,84.14
2020-04-12,France,68000000,1741,45,0,0,1463,278,0,0,84.03
2020-04-13,France,68000000,1779,38,0,0,1493,286,0,0,83.92
2020-04-14,France,68000000,1821,42,0,0,1526,295,0,0,83.8
2020-04-15,France,68000000,1888,67,0,0,1581,307,0,0,83.74
2020-04-16,France,68000000,1929,41,0,0,1615,314,0,0,83.72
2020-04-17,France,68000000,1987,58,0,0,1670,317,0,0,84.05
2020-04-18,France,68000000,2050,63,1,1,1724,325,0,0.05,84.1
2020-04-19,France,68000000,2102,52,1,0,1770,331,0,0.05,84.21
2020-04-20,France,68000000,2150,48,1,0,1814,335,0,0.05,84.37
2020-04-21,France,68000000,2192,42,1,0,1851,340,0,0.05,84.44
2020-04-22,France,68000000,2240,48,1,0,1894,345,0,0.04,84.55
2020-04-23,France,68000000,2284,44,1,0,1930,353,0,0.04,84.5
2020-04-24,France,68000000,2337,53,2,1,1976,359,0,0.09,84.55
2020-04-25,France,68000000,2383,46,2,0,2019,362,0,0.08,84.73
2020-04-26,France,68000000,2436,53,3,1,2064,369,0,0.12,84.73
2020-04-27,France,68000000,2493,57,3,0,2113,377,0,0.12,84.76
2020-04-28,France,68000000,2555,62,3,0,2172,380,0,0.12,85.01
2020-04-29,France,68000000,2624,69,3,0,2235,386,0,0.11,85.18
2020-04-30,France,68000000,2671,47,3,0,2279,389,0,0.11,85.32
2020-05-01,France,68000000,2736,65,3,0,2337,396,0,0.11,85.42
2020-05-02,France,68000000,2818,82,4,1,2405,409,0,0.14,85.34
2020-05-03,France,68000000,2879,61,4,0,2462,413,0,0.14,85.52
2020-05-04,France,68000000,2926,47,4,0,2505,417,0,0.14,85.61
2020-05-05,France,68000000,2986,60,4,0,2562,420,0,0.13,85.8
2020-05-06,France,68000000,3040,54,4,0,2610,426,0,0.13,85.86
2020-05-07,France,68000000,3110,70,5,1,2667,438,0,0.16,85.76
2020-05-08,France,68000000,3165,55,5,0,2711,449,0,0.16,85.66
2020-05-09,France,68000000,3219,54,5,0,2759,455,0,0.16,85.71
2020-05-10,France,68000000,3285,66,5,0,2815,465,0,0.15,85.69
2020-05-11,France,68000000,3373,88,6,1,2898,469,0,0.18,85.92
2020-05-12,France,68000000,3432,59,6,0,2949,477,0,0.17,85.93
2020-05-13,France,68000000,3509,77,7,1,3015,487,0,0.2,85.92
2020-05-14,France,68000000,3585,76,8,1,3085,492,0,0.22,86.05
2020-05-15,France,68000000,3664,79,9,1,3157,498,0,0.25,86.16
2020-05-16,France,68000000,3741,77,10,1,3229,502,0,0.27,86.31
2020-05-17,France,68000000,3808,67,10,0,3288,510,0,0.26,86.34
2020-05-18,France,68000000,3880,72,10,0,3345,525,0,0.26,86.21
2020-05-19,France,68000000,3938,58,10,0,3396,532,0,0.25,86.24
2020-05-20,France,68000000,4001,63,10,0,3447,544,0,0.25,86.15
2020-05-21,France,68000000,4071,70,11,1,3505,555,0,0.27,86.1
2020-05-22,France,68000000,4159,88,12,1,3584,563,0,0.29,86.17
2020-05-23,France,68000000,4228,69,13,1,3649,566,0,0.31,86.31
2020-05-24,France,68000000,4308,80,14,1,3720,574,0,0.32,86.35
2020-05-25,France,68000000,4402,94,14,0,3797,591,0,0.32,86.26
2020-05-26,France,68000000,4479,77,14,0,3867,598,0,0.31,86.34
2020-05-27,France,68000000,4565,86,15,1,3934,616,0,0.33,86.18
2020-05-28,France,68000000,4657,92,15,0,4021,621,0,0.32,86.34
2020-05-29,France,68000000,4750,93,15,0,4101,634,0,0.32,86.34
2020-05-30,France,68000000,4833,83,15,0,4171,647,0,0.31,86.3
2020-05-31,France,68000000,4900,67,16,1,4223,661,0,0.33,86.18
2020-06-01,France,68000000,4985,85,17,1,4298,670,0,0.34,86.22
2020-06-02,France,68000000,5088,103,17,0,4379,692,0,0.33,86.07
2020-06-03,France,68000000,5188,100,18,1,4474,696,0,0.35,86.24
2020-06-04,France,68000000,5250,62,19,1,4533,698,0,0.36,86.34
2020-06-05,France,68000000,5341,91,20,1,4619,702,0,0.37,86.48
2020-06-06,France,68000000,5417,76,21,1,4679,717,0,0.39,86.38
2020-06-07,France,68000000,5529,112,22,1,4774,733,0,0.4,86.34
2020-06-08,France,68000000,5626,97,23,1,4856,747,0,0.41,86.31
2020-06-09,France,68000000,5696,70,24,1,4920,752,0,0.42,86.38
2020-06-10,France,68000000,5775,79,24,0,4992,759,0,0.42,86.44
2020-06-11,France,68000000,5882,107,25,1,5090,767,0,0.43,86.54
2020-06-12,France,68000000,5945,63,25,0,5140,780,0,0.42,86.46
2020-06-13,France,68000000,6020,75,25,0,5204,791,0,0.42,86.45
2020-06-14,France,68000000,6113,93,25,0,5284,804,0,0.41,86.44
2020-06-15,France,68000000,6202,89,26,1,5354,822,0,0.42,86.33
2020-06-16,France,68000000,6272,70,27,1,5410,835,0,0.43,86.26
2020-06-17,France,68000000,6370,98,28,1,5495,847,0,0.44,86.26
2020-06-18,France,68000000,6440,70,28,0,5559,853,0,0.43,86.32
2020-06-19,France,68000000,6513,73,28,0,5626,859,0,0.43,86.38
2020-06-20,France,68000000,6605,92,29,1,5699,877,0,0.44,86.28
2020-06-21,France,68000000,6674,69,29,0,5763,882,0,0.43,86.35
2020-06-22,France,68000000,6752,78,30,1,5829,893,0,0.44,86.33
2020-06-23,France,68000000,6842,90,31,1,5903,908,0,0.45,86.28
2020-06-24,France,68000000,6945,103,32,1,5994,919,0,0.46,86.31
2020-06-25,France,68000000,7038,93,33,1,6074,931,0,0.47,86.3
2020-06-26,France,68000000,7135,97,33,0,6154,948,0,0.46,86.25
2020-06-27,France,68000000,7219,84,34,1,6221,964,0,0.47,86.18
2020-06-28,France,68000000,7335,116,35,1,6324,976,0,0.48,86.22
2020-06-29,France,68000000,7441,106,37,2,6408,996,0,0.5,86.12
2020-06-30,France,68000000,7530,89,37,0,6479,1014,0,0.49,86.04
2020-07-01,France,68000000,7603,73,38,1,6541,1024,0,0.5,86.03
2020-07-02,France,68000000,7719,116,39,1,6647,1033,0,0.51,86.11
2020-07-03,France,68000000,7842,123,39,0,6752,1051,0,0.5,86.1
2020-07-04,France,68000000,7975,133,40,1,6866,1069,0,0.5,86.09
2020-07-05,France,68000000,8057,82,41,1,6935,1081,0,0.51,86.07
2020-07-06,France,68000000,8166,109,42,1,7026,1098,0,0.51,86.04
2020-07-07,France,68000000,8251,85,43,1,7106,1102,0,0.52,86.12
2020-07-08,France,68000000,8331,80,43,0,7181,1107,0,0.52,86.2
2020-07-09,France,68000000,8409,78,44,1,7251,1114,0,0.52,86.23
2020-07-10,France,68000000,8488,79,44,0,7315,1129,0,0.52,86.18
2020-07-11,France,68000000,8549,61,45,1,7368,1136,0,0.53,86.19
2020-07-12,France,68000000,8629,80,45,0,7443,1141,0,0.52,86.26
2020-07-13,France,68000000,8734,105,46,1,7543,1145,0,0.53,86.36
2020-07-14,France,68000000,8808,74,47,1,7608,1153,0,0.53,86.38
2020-07-15,France,68000000,8917,109,48,1,7701,1168,0,0.54,86.36
2020-07-16,France,68000000,8988,71,49,1,7757,1182,0,0.55,86.3
2020-07-17,France,68000000,9036,48,49,0,7803,1184,0,0.54,86.35
2020-07-18,France,68000000,9163,127,49,0,7915,1199,0,0.53,86.38
2020-07-19,France,68000000,9257,94,50,1,7999,1208,0,0.54,86.41
2020-07-20,France,68000000,9346,89,50,0,8074,1222,0,0.53,86.39
2020-07-21,France,68000000,9446,100,51,1,8161,1234,0,0.54,86.4
2020-07-22,France,68000000,9545,99,51,0,8244,1250,0,0.53,86.37
2020-07-23,France,68000000,9637,92,51,0,8327,1259,0,0.53,86.41
2020-07-24,France,68000000,9712,75,52,1,8391,1269,0,0.54,86.4
2020-07-25,France,68000000,9790,78,52,0,8461,1277,0,0.53,86.42
2020-07-26,France,68000000,9863,73,52,0,8528,1283,0,0.53,86.46
2020-07-27,France,68000000,9937,74,53,1,8594,1290,0,0.53,86.48
2020-07-28,France,68000000,10029,92,54,1,8668,1307,0,0.54,86.43
2020-07-29,France,68000000,10105,76,54,0,8738,1313,0,0.53,86.47
2020-07-30,France,68000000,10179,74,55,1,8808,1316,0,0.54,86.53
2020-07-31,France,68000000,10247,68,55,0,8867,1325,0,0.54,86.53
2020-08-01,France,68000000,10344,97,55,0,8953,1336,0,0.53,86.55
2020-08-02,France,68000000,10443,99,56,1,9033,1354,0,0.54,86.5
2020-08-03,France,68000000,10505,62,57,1,9087,1361,0,0.54,86.5
2020-08-04,France,68000000,10566,61,58,1,9141,1367,0,0.55,86.51
2020-08-05,France,68000000,10674,108,59,1,9242,1373,0,0.55,86.58
2020-08-06,France,68000000,10737,63,59,0,9298,1380,0,0.55,86.6
2020-08-07,France,68000000,10808,71,59,0,9359,1390,0,0.55,86.59
2020-08-08,France,68000000,10884,76,60,1,9428,1396,0,0.55,86.62
2020-08-09,France,68000000,10958,74,61,1,9489,1408,0,0.56,86.59
2020-08-10,France,68000000,11049,91,61,0,9569,1419,0,0.55,86.61
2020-08-11,France,68000000,11141,92,62,1,9648,1431,0,0.56,86.6
2020-08-12,France,68000000,11223,82,63,1,9723,1437,0,0.56,86.63
2020-08-13,France,68000000,11304,81,64,1,9791,1449,0,0.57,86.62
2020-08-14,France,68000000,11379,75,64,0,9856,1459,0,0.56,86.62
2020-08-15,France,68000000,11474,95,64,0,9941,1469,0,0.56,86.64
2020-08-16,France,68000000,11534,60,65,1,9996,1473,0,0.56,86.67
2020-08-17,France,68000000,11598,64,66,1,10053,1479,0,0.57,86.68
2020-08-18,France,68000000,11678,80,67,1,10129,1482,0,0.57,86.74
2020-08-19,France,68000000,11760,82,67,0,10206,1487,0,0.57,86.79
2020-08-20,France,68000000,11842,82,67,0,10277,1498,0,0.57,86.78
2020-08-21,France,68000000,11888,46,67,0,10321,1500,0,0.56,86.82
2020-08-22,France,68000000,11976,88,67,0,10397,1512,0,0.56,86.82
2020-08-23,France,68000000,12045,69,68,1,10462,1515,0,0.56,86.86
2020-08-24,France,68000000,12130,85,68,0,10539,1523,0,0.56,86.88
2020-08-25,France,68000000,12208,78,69,1,10601,1538,0,0.57,86.84
2020-08-26,France,68000000,12269,61,69,0,10652,1548,0,0.56,86.82
2020-08-27,France,68000000,12344,75,70,1,10720,1554,0,0.57,86.84
2020-08-28,France,68000000,12415,71,70,0,10780,1565,0,0.56,86.83
2020-08-29,France,68000000,12512,97,71,1,10861,1580,0,0.57,86.8
2020-08-30,France,68000000,12591,79,71,0,10934,1586,0,0.56,86.84
2020-08-31,France,68000000,12648,57,71,0,10985,1592,0,0.56,86.85
2020-09-01,France,68000000,12713,65,71,0,11045,1597,0,0.56,86.88
2020-09-02,France,68000000,12773,60,72,1,11096,1605,0,0.56,86.87
2020-09-03,France,68000000,12845,72,73,1,11162,1610,0,0.57,86.9
2020-09-04,France,68000000,12921,76,73,0,11231,1617,0,0.56,86.92
2020-09-05,France,68000000,12982,61,73,0,11288,1621,0,0.56,86.95
2020-09-06,France,68000000,13046,64,74,1,11347,1625,0,0.57,86.98
2020-09-07,France,68000000,13110,64,75,1,11406,1629,0,0.57,87
2020-09-08,France,68000000,13158,48,75,0,11451,1632,0,0.57,87.03
2020-09-09,France,68000000,13233,75,75,0,11513,1645,0,0.57,87
2020-09-10,France,68000000,13295,62,76,1,11565,1654,0,0.57,86.99
2020-09-11,France,68000000,13338,43,76,0,11606,1656,0,0.57,87.01
2020-09-12,France,68000000,13400,62,76,0,11664,1660,0,0.57,87.04
2020-09-13,France,68000000,13467,67,76,0,11722,1669,0,0.56,87.04
2020-09-14,France,68000000,13521,54,76,0,11765,1680,0,0.56,87.01
2020-09-15,France,68000000,13574,53,76,0,11808,1690,0,0.56,86.99
2020-09-16,France,68000000,13642,68,77,1,11869,1696,0,0.56,87
2020-09-17,France,68000000,13685,43,77,0,11908,1700,0,0.56,87.01
2020-09-18,France,68000000,13737,52,77,0,11951,1709,0,0.56,87
2020-09-19,France,68000000,13805,68,78,1,12013,1714,0,0.57,87.02
2020-09-20,France,68000000,13869,64,79,1,12069,1721,0,0.57,87.02
2020-09-21,France,68000000,13940,71,79,0,12134,1727,0,0.57,87.04
2020-09-22,France,68000000,13990,50,79,0,12180,1731,0,0.56,87.06
2020-09-23,France,68000000,14035,45,79,0,12221,1735,0,0.56,87.08
2020-09-24,France,68000000,14091,56,80,1,12271,1740,0,0.57,87.08
2020-09-25,France,68000000,14148,57,80,0,12323,1745,0,0.57,87.1
2020-09-26,France,68000000,14207,59,81,1,12379,1747,0,0.57,87.13
2020-09-27,France,68000000,14266,59,82,1,12434,1750,0,0.57,87.16
2020-09-28,France,68000000,14313,47,82,0,12478,1753,0,0.57,87.18
2020-09-29,France,68000000,14384,71,82,0,12538,1764,0,0.57,87.17
2020-09-30,France,68000000,14441,57,82,0,12590,1769,0,0.57,87.18
2020-10-01,France,68000000,14502,61,82,0,12638,1782,0,0.57,87.15
2020-10-02,France,68000000,14559,57,82,0,12683,1794,0,0.56,87.11
2020-10-03,France,68000000,14609,50,82,0,12722,1805,0,0.56,87.08
2020-10-04,France,68000000,14661,52,83,1,12765,1813,0,0.57,87.07
2020-10-05,France,68000000,14726,65,84,1,12822,1820,0,0.57,87.07
2020-10-06,France,68000000,14780,54,84,0,12872,1824,0,0.57,87.09
2020-10-07,France,68000000,14839,59,85,1,12923,1831,0,0.57,87.09
2020-10-08,France,68000000,14903,64,85,0,12983,1835,0,0.57,87.12
2020-10-09,France,68000000,14968,65,85,0,13038,1845,0,0.57,87.11
2020-10-10,France,68000000,15024,56,86,1,13084,1854,0,0.57,87.09
2020-10-11,France,68000000,15081,57,86,0,13137,1858,0,0.57,87.11
2020-10-12,France,68000000,15147,66,87,1,13195,1865,0,0.57,87.11
2020-10-13,France,68000000,15201,54,87,0,13244,1870,0,0.57,87.13
2020-10-14,France,68000000,15246,45,87,0,13287,1872,0,0.57,87.15
2020-10-15,France,68000000,15295,49,87,0,13330,1878,0,0.57,87.15
2020-10-16,France,68000000,15335,40,87,0,13362,1886,0,0.57,87.13
2020-10-17,France,68000000,15383,48,87,0,13406,1890,0,0.57,87.15
2020-10-18,France,68000000,15445,62,87,0,13459,1899,0,0.56,87.14
2020-10-19,France,68000000,15495,50,88,1,13506,1901,0,0.57,87.16
2020-10-20,France,68000000,15553,58,88,0,13561,1904,0,0.57,87.19
2020-10-21,France,68000000,15604,51,88,0,13604,1912,0,0.56,87.18
2020-10-22,France,68000000,15657,53,88,0,13648,1921,0,0.56,87.17
2020-10-23,France,68000000,15718,61,88,0,13703,1927,0,0.56,87.18
2020-10-24,France,68000000,15783,65,89,1,13754,1940,0,0.56,87.14
2020-10-25,France,68000000,15836,53,89,0,13800,1947,0,0.56,87.14
2020-10-26,France,68000000,15876,40,89,0,13836,1951,0,0.56,87.15
2020-10-27,France,68000000,15944,68,89,0,13894,1961,0,0.56,87.14
2020-10-28,France,68000000,16024,80,89,0,13963,1972,0,0.56,87.14
2020-10-29,France,68000000,16081,57,89,0,14011,1981,0,0.55,87.13
2020-10-30,France,68000000,16148,67,90,1,14072,1986,0,0.56,87.14
2020-10-31,France,68000000,16191,43,90,0,14109,1992,0,0.56,87.14
2020-11-01,France,68000000,16250,59,91,1,14161,1998,0,0.56,87.14
2020-11-02,France,68000000,16308,58,91,0,14214,2003,0,0.56,87.16
2020-11-03,France,68000000,16392,84,92,1,14294,2006,0,0.56,87.2
2020-11-04,France,68000000,16444,52,92,0,14334,2018,0,0.56,87.17
2020-11-05,France,68000000,16503,59,92,0,14383,2028,0,0.56,87.15
2020-11-06,France,68000000,16563,60,92,0,14436,2035,0,0.56,87.16
2020-11-07,France,68000000,16646,83,93,1,14514,2039,0,0.56,87.19
2020-11-08,France,68000000,16732,86,93,0,14592,2047,0,0.56,87.21
2020-11-09,France,68000000,16793,61,94,1,14649,2050,0,0.56,87.23
2020-11-10,France,68000000,16854,61,95,1,14697,2062,0,0.56,87.2
2020-11-11,France,68000000,16911,57,95,0,14751,2065,0,0.56,87.23
2020-11-12,France,68000000,16977,66,95,0,14811,2071,0,0.56,87.24
2020-11-13,France,68000000,17040,63,95,0,14865,2080,0,0.56,87.24
2020-11-14,France,68000000,17108,68,95,0,14929,2084,0,0.56,87.26
2020-11-15,France,68000000,17180,72,95,0,14995,2090,0,0.55,87.28
2020-11-16,France,68000000,17259,79,96,1,15058,2105,0,0.56,87.25
2020-11-17,France,68000000,17321,62,97,1,15108,2116,0,0.56,87.22
2020-11-18,France,68000000,17374,53,97,0,15151,2126,0,0.56,87.21
2020-11-19,France,68000000,17437,63,97,0,15205,2135,0,0.56,87.2
2020-11-20,France,68000000,17487,50,97,0,15250,2140,0,0.55,87.21
2020-11-21,France,68000000,17555,68,97,0,15313,2145,0,0.55,87.23
2020-11-22,France,68000000,17642,87,97,0,15380,2165,0,0.55,87.18
2020-11-23,France,68000000,17723,81,98,1,15455,2170,0,0.55,87.2
2020-11-24,France,68000000,17789,66,99,1,15514,2176,0,0.56,87.21
2020-11-25,France,68000000,17849,60,100,1,15562,2187,0,0.56,87.19
2020-11-26,France,68000000,17909,60,100,0,15608,2201,0,0.56,87.15
2020-11-27,France,68000000,17979,70,101,1,15669,2209,0,0.56,87.15
2020-11-28,France,68000000,18042,63,101,0,15727,2214,0,0.56,87.17
2020-11-29,France,68000000,18105,63,101,0,15778,2226,0,0.56,87.15
2020-11-30,France,68000000,18174,69,102,1,15840,2232,0,0.56,87.16
2020-12-01,France,68000000,18272,98,102,0,15918,2252,0,0.56,87.12
2020-12-02,France,68000000,18359,87,103,1,15987,2269,0,0.56,87.08
2020-12-03,France,68000000,18449,90,103,0,16061,2285,0,0.56,87.06
2020-12-04,France,68000000,18513,64,103,0,16121,2289,0,0.56,87.08
2020-12-05,France,68000000,18587,74,104,1,16191,2292,0,0.56,87.11
2020-12-06,France,68000000,18686,99,104,0,16279,2303,0,0.56,87.12
2020-12-07,France,68000000,18750,64,104,0,16328,2318,0,0.55,87.08
2020-12-08,France,68000000,18831,81,105,1,16396,2330,0,0.56,87.07
2020-12-09,France,68000000,18923,92,106,1,16474,2343,0,0.56,87.06
2020-12-10,France,68000000,19013,90,107,1,16544,2362,0,0.56,87.01
2020-12-11,France,68000000,19125,112,108,1,16638,2379,0,0.56,87
2020-12-12,France,68000000,19208,83,109,1,16704,2395,0,0.57,86.96
2020-12-13,France,68000000,19273,65,109,0,16759,2405,0,0.57,86.96
2020-12-14,France,68000000,19335,62,109,0,16807,2419,0,0.56,86.93
2020-12-15,France,68000000,19408,73,110,1,16876,2422,0,0.57,86.95
2020-12-16,France,68000000,19497,89,111,1,16946,2440,0,0.57,86.92
2020-12-17,France,68000000,19583,86,111,0,17027,2445,0,0.57,86.95
2020-12-18,France,68000000,19688,105,113,2,17117,2458,0,0.57,86.94
2020-12-19,France,68000000,19783,95,113,0,17194,2476,0,0.57,86.91
2020-12-20,France,68000000,19858,75,113,0,17258,2487,0,0.57,86.91
2020-12-21,France,68000000,19944,86,113,0,17332,2499,0,0.57,86.9
2020-12-22,France,68000000,20072,128,115,2,17434,2523,0,0.57,86.86
2020-12-23,France,68000000,20149,77,115,0,17505,2529,0,0.57,86.88
2020-12-24,France,68000000,20272,123,116,1,17619,2537,0,0.57,86.91
2020-12-25,France,68000000,20365,93,117,1,17702,2546,0,0.57,86.92
2020-12-26,France,68000000,20471,106,117,0,17799,2555,0,0.57,86.95
2020-12-27,France,68000000,20580,109,117,0,17888,2575,0,0.57,86.92
2020-12-28,France,68000000,20651,71,118,1,17951,2582,0,0.57,86.93
2020-12-29,France,68000000,20757,106,118,0,18046,2593,0,0.57,86.94
2020-12-30,France,68000000,20828,71,118,0,18105,2605,0,0.57,86.93
2020-12-31,France,68000000,20946,118,119,1,18197,2630,0,0.57,86.88
2021-01-01,France,68000000,21045,99,120,1,18281,2644,0,0.57,86.87
2021-01-02,France,68000000,21147,102,121,1,18367,2659,89029,0.57,86.85
2021-01-03,France,68000000,21238,91,121,0,18440,2677,178058,0.57,86.83
2021-01-04,France,68000000,21306,68,122,1,18503,2681,267087,0.57,86.84
2021-01-05,France,68000000,21414,108,124,2,18595,2695,356116,0.58,86.84
2021-01-06,France,68000000,21541,127,126,2,18700,2715,445145,0.58,86.81
2021-01-07,France,68000000,21658,117,127,1,18804,2727,534174,0.59,86.82
2021-01-08,France,68000000,21740,82,127,0,18877,2736,623203,0.58,86.83
2021-01-09,France,68000000,21857,117,127,0,18972,2758,712232,0.58,86.8
2021-01-10,France,68000000,22005,148,128,1,19111,2766,801261,0.58,86.85
2021-01-11,France,68000000,22153,148,129,1,19233,2791,890290,0.58,86.82
2021-01-12,France,68000000,22264,111,131,2,19324,2809,979319,0.59,86.79
2021-01-13,France,68000000,22355,91,131,0,19398,2826,1068348,0.59,86.77
2021-01-14,France,68000000,22452,97,132,1,19481,2839,1157377,0.59,86.77
2021-01-15,France,68000000,22543,91,133,1,19564,2846,1246406,0.59,86.79
2021-01-16,France,68000000,22656,113,133,0,19659,2864,1335435,0.59,86.77
2021-01-17,France,68000000,22776,120,134,1,19762,2880,1424464,0.59,86.77
2021-01-18,France,68000000,22893,117,135,1,19861,2897,1513493,0.59,86.76
2021-01-19,France,68000000,22992,99,136,1,19947,2909,1602522,0.59,86.76
2021-01-20,France,68000000,23106,114,138,2,20041,2927,1691552,0.6,86.74
2021-01-21,France,68000000,23226,120,139,1,20149,2938,1780581,0.6,86.75
2021-01-22,France,68000000,23370,144,141,2,20286,2943,1869610,0.6,86.8
2021-01-23,France,68000000,23454,84,142,1,20366,2946,1958639,0.61,86.83
2021-01-24,France,68000000,23576,122,143,1,20468,2965,2047668,0.61,86.82
2021-01-25,France,68000000,23668,92,143,0,20545,2980,2136697,0.6,86.8
2021-01-26,France,68000000,23788,120,145,2,20639,3004,2225726,0.61,86.76
2021-01-27,France,68000000,23942,154,148,3,20786,3008,2314755,0.62,86.82
2021-01-28,France,68000000,24052,110,149,1,20890,3013,2403784,0.62,86.85
2021-01-29,France,68000000,24146,94,150,1,20965,3031,2492813,0.62,86.83
2021-01-30,France,68000000,24282,136,152,2,21079,3051,2581842,0.63,86.81
2021-01-31,France,68000000,24381,99,152,0,21173,3056,2670871,0.62,86.84
2021-02-01,France,68000000,24510,129,154,2,21295,3061,2759900,0.63,86.88
2021-02-02,France,68000000,24614,104,155,1,21385,3074,2848929,0.63,86.88
2021-02-03,France,68000000,24725,111,155,0,21486,3084,2937958,0.63,86.9
2021-02-04,France,68000000,24825,100,156,1,21574,3095,3026987,0.63,86.9
2021-02-05,France,68000000,24937,112,157,1,21671,3109,3116016,0.63,86.9
2021-02-06,France,68000000,25037,100,159,2,21765,3113,3205045,0.64,86.93
2021-02-07,France,68000000,25163,126,161,2,21863,3139,3294074,0.64,86.89
2021-02-08,France,68000000,25348,185,165,4,22040,3143,3383104,0.65,86.95
2021-02-09,France,68000000,25488,140,167,2,22150,3171,3472133,0.66,86.9
2021-02-10,France,68000000,25616,128,169,2,22259,3188,3561162,0.66,86.89
2021-02-11,France,68000000,25754,138,170,1,22378,3206,3650191,0.66,86.89
2021-02-12,France,68000000,25872,118,172,2,22470,3230,3739220,0.66,86.85
2021-02-13,France,68000000,25978,106,172,0,22555,3251,3828249,0.66,86.82
2021-02-14,France,68000000,26099,121,174,2,22668,3257,3917278,0.67,86.85
2021-02-15,France,68000000,26221,122,174,0,22779,3268,4006307,0.66,86.87
2021-02-16,France,68000000,26380,159,176,2,22931,3273,4095336,0.67,86.93
2021-02-17,France,68000000,26525,145,176,0,23050,3299,4184365,0.66,86.9
2021-02-18,France,68000000,26631,106,178,2,23143,3310,4273394,0.67,86.9
2021-02-19,France,68000000,26718,87,178,0,23217,3323,4362423,0.67,86.9
2021-02-20,France,68000000,26858,140,180,2,23342,3336,4451452,0.67,86.91
2021-02-21,France,68000000,26986,128,182,2,23459,3345,4540481,0.67,86.93
2021-02-22,France,68000000,27089,103,184,2,23552,3353,4629510,0.68,86.94
2021-02-23,France,68000000,27236,147,186,2,23693,3357,4718539,0.68,86.99
2021-02-24,France,68000000,27378,142,189,3,23807,3382,4807568,0.69,86.96
2021-02-25,France,68000000,27520,142,190,1,23932,3398,4896597,0.69,86.96
2021-02-26,France,68000000,27675,155,192,2,24073,3410,4985626,0.69,86.98
2021-02-27,France,68000000,27795,120,194,2,24172,3429,5074656,0.7,86.97
2021-02-28,France,68000000,27935,140,195,1,24285,3455,5163685,0.7,86.93
2021-03-01,France,68000000,28113,178,198,3,24442,3473,5252714,0.7,86.94
2021-03-02,France,68000000,28249,136,199,1,24556,3494,5341743,0.7,86.93
2021-03-03,France,68000000,28415,166,201,2,24714,3500,5430772,0.71,86.98
2021-03-04,France,68000000,28560,145,202,1,24827,3531,5519801,0.71,86.93
2021-03-05,France,68000000,28691,131,203,1,24951,3537,5608830,0.71,86.96
2021-03-06,France,68000000,28824,133,203,0,25061,3560,5697859,0.7,86.94
2021-03-07,France,68000000,28949,125,203,0,25177,3569,5786888,0.7,86.97
2021-03-08,France,68000000,29103,154,205,2,25324,3574,5875917,0.7,87.02
2021-03-09,France,68000000,29240,137,206,1,25446,3588,5964946,0.7,87.02
2021-03-10,France,68000000,29360,120,208,2,25553,3599,6053975,0.71,87.03
2021-03-11,France,68000000,29575,215,212,4,25751,3612,6143004,0.72,87.07
2021-03-12,France,68000000,29721,146,213,1,25880,3628,6232033,0.72,87.08
2021-03-13,France,68000000,29830,109,214,1,25984,3632,6321062,0.72,87.11
2021-03-14,France,68000000,29958,128,216,2,26103,3639,6410091,0.72,87.13
2021-03-15,France,68000000,30074,116,218,2,26212,3644,6499120,0.72,87.16
2021-03-16,France,68000000,30193,119,218,0,26323,3652,6588149,0.72,87.18
2021-03-17,France,68000000,30319,126,220,2,26437,3662,6677178,0.73,87.2
2021-03-18,France,68000000,30427,108,222,2,26522,3683,6766208,0.73,87.17
2021-03-19,France,68000000,30527,100,223,1,26605,3699,6855237,0.73,87.15
2021-03-20,France,68000000,30692,165,225,2,26749,3718,6944266,0.73,87.15
2021-03-21,France,68000000,30804,112,227,2,26848,3729,7033295,0.74,87.16
2021-03-22,France,68000000,30962,158,229,2,26971,3762,7122324,0.74,87.11
2021-03-23,France,68000000,31074,112,231,2,27069,3774,7211353,0.74,87.11
2021-03-24,France,68000000,31216,142,232,1,27191,3793,7300382,0.74,87.11
2021-03-25,France,68000000,31293,77,233,1,27261,3799,7389411,0.74,87.12
2021-03-26,France,68000000,31431,138,236,3,27383,3812,7478440,0.75,87.12
2021-03-27,France,68000000,31541,110,238,2,27484,3819,7567469,0.75,87.14
2021-03-28,France,68000000,31645,104,239,1,27574,3832,7656498,0.76,87.14
2021-03-29,France,68000000,31745,100,240,1,27664,3841,7745527,0.76,87.14
2021-03-30,France,68000000,31859,114,240,0,27758,3861,7834556,0.75,87.13
2021-03-31,France,68000000,32012,153,242,2,27886,3884,7923585,0.76,87.11
2021-04-01,France,68000000,32128,116,243,1,27984,3901,8012614,0.76,87.1
2021-04-02,France,68000000,32260,132,244,1,28096,3920,8101643,0.76,87.09
2021-04-03,France,68000000,32402,142,245,1,28224,3933,8190672,0.76,87.11
2021-04-04,France,68000000,32525,123,247,2,28331,3947,8279701,0.76,87.11
2021-04-05,France,68000000,32599,74,247,0,28394,3958,8368730,0.76,87.1
2021-04-06,France,68000000,32717,118,248,1,28500,3969,8457760,0.76,87.11
2021-04-07,France,68000000,32831,114,249,1,28604,3978,8546789,0.76,87.12
2021-04-08,France,68000000,32921,90,250,1,28674,3997,8635818,0.76,87.1
2021-04-09,France,68000000,33064,143,252,2,28800,4012,8724847,0.76,87.1
2021-04-10,France,68000000,33199,135,253,1,28910,4036,8813876,0.76,87.08
2021-04-11,France,68000000,33317,118,255,2,29013,4049,8902905,0.77,87.08
2021-04-12,France,68000000,33413,96,255,0,29092,4066,8991934,0.76,87.07
2021-04-13,France,68000000,33579,166,257,2,29233,4089,9080963,0.77,87.06
2021-04-14,France,68000000,33676,97,258,1,29312,4106,9169992,0.77,87.04
2021-04-15,France,68000000,33793,117,259,1,29419,4115,9259021,0.77,87.06
2021-04-16,France,68000000,33913,120,261,2,29525,4127,9348050,0.77,87.06
2021-04-17,France,68000000,34027,114,263,2,29622,4142,9437079,0.77,87.05
2021-04-18,France,68000000,34168,141,264,1,29742,4162,9526108,0.77,87.05
2021-04-19,France,68000000,34283,115,265,1,29833,4185,9615137,0.77,87.02
2021-04-20,France,68000000,34388,105,265,0,29915,4208,9704166,0.77,86.99
2021-04-21,France,68000000,34528,140,266,1,30027,4235,9793195,0.77,86.96
2021-04-22,France,68000000,34641,113,267,1,30135,4239,9882224,0.77,86.99
2021-04-23,France,68000000,34747,106,269,2,30221,4257,9971253,0.77,86.97
2021-04-24,France,68000000,34849,102,270,1,30304,4275,10060282,0.77,86.96
2021-04-25,France,68000000,34958,109,271,1,30393,4294,10149312,0.78,86.94
2021-04-26,France,68000000,35101,143,273,2,30528,4300,10238341,0.78,86.97
2021-04-27,France,68000000,35267,166,274,1,30670,4323,10327370,0.78,86.97
2021-04-28,France,68000000,35368,101,275,1,30755,4338,10416399,0.78,86.96
2021-04-29,France,68000000,35490,122,277,2,30865,4348,10505428,0.78,86.97
2021-04-30,France,68000000,35611,121,278,1,30965,4368,10594457,0.78,86.95
2021-05-01,France,68000000,35756,145,280,2,31078,4398,10683486,0.78,86.92
2021-05-02,France,68000000,35900,144,281,1,31207,4412,10772515,0.78,86.93
2021-05-03,France,68000000,36023,123,282,1,31310,4431,10861544,0.78,86.92
2021-05-04,France,68000000,36154,131,284,2,31429,4441,10950573,0.79,86.93
2021-05-05,France,68000000,36241,87,285,1,31505,4451,11039602,0.79,86.93
2021-05-06,France,68000000,36374,133,287,2,31613,4474,11128631,0.79,86.91
2021-05-07,France,68000000,36507,133,287,0,31729,4491,11217660,0.79,86.91
2021-05-08,France,68000000,36614,107,288,1,31826,4500,11306689,0.79,86.92
2021-05-09,France,68000000,36710,96,289,1,31910,4511,11395718,0.79,86.92
2021-05-10,France,68000000,36809,99,289,0,31990,4530,11484747,0.79,86.91
2021-05-11,France,68000000,36897,88,290,1,32070,4537,11573776,0.79,86.92
2021-05-12,France,68000000,37053,156,292,2,32191,4570,11662805,0.79,86.88
2021-05-13,France,68000000,37161,108,294,2,32284,4583,11751834,0.79,86.88
2021-05-14,France,68000000,37294,133,296,2,32389,4609,11840864,0.79,86.85
2021-05-15,France,68000000,37389,95,297,1,32465,4627,11929893,0.79,86.83
2021-05-16,France,68000000,37526,137,298,1,32576,4652,12018922,0.79,86.81
2021-05-17,France,68000000,37650,124,299,1,32688,4663,12107951,0.79,86.82
2021-05-18,France,68000000,37753,103,299,0,32779,4675,12196980,0.79,86.82
2021-05-19,France,68000000,37870,117,301,2,32879,4690,12286009,0.79,86.82
2021-05-20,France,68000000,37977,107,302,1,32966,4709,12375038,0.8,86.81
2021-05-21,France,68000000,38070,93,303,1,33042,4725,12464067,0.8,86.79
2021-05-22,France,68000000,38179,109,304,1,33136,4739,12553096,0.8,86.79
2021-05-23,France,68000000,38287,108,304,0,33234,4749,12642125,0.79,86.8
2021-05-24,France,68000000,38429,142,306,2,33367,4756,12731154,0.8,86.83
2021-05-25,France,68000000,38568,139,308,2,33479,4781,12820183,0.8,86.81
2021-05-26,France,68000000,38681,113,308,0,33568,4805,12909212,0.8,86.78
2021-05-27,France,68000000,38780,99,310,2,33652,4818,12998241,0.8,86.78
2021-05-28,France,68000000,38852,72,311,1,33717,4824,13087270,0.8,86.78
2021-05-29,France,68000000,38995,143,314,3,33837,4844,13176299,0.81,86.77
2021-05-30,France,68000000,39106,111,316,2,33931,4859,13265328,0.81,86.77
2021-05-31,France,68000000,39225,119,316,0,34025,4884,13354357,0.81,86.74
2021-06-01,France,68000000,39361,136,316,0,34140,4905,13443386,0.8,86.74
2021-06-02,France,68000000,39450,89,317,1,34214,4919,13532416,0.8,86.73
2021-06-03,France,68000000,39561,111,319,2,34316,4926,13621445,0.81,86.74
2021-06-04,France,68000000,39664,103,320,1,34411,4933,13710474,0.81,86.76
2021-06-05,France,68000000,39795,131,321,1,34520,4954,13799503,0.81,86.74
2021-06-06,France,68000000,39904,109,322,1,34617,4965,13888532,0.81,86.75
2021-06-07,France,68000000,39986,82,323,1,34682,4981,13977561,0.81,86.74
2021-06-08,France,68000000,40084,98,324,1,34768,4992,14066590,0.81,86.74
2021-06-09,France,68000000,40199,115,325,1,34860,5014,14155619,0.81,86.72
2021-06-10,France,68000000,40274,75,325,0,34930,5019,14244648,0.81,86.73
2021-06-11,France,68000000,40363,89,326,1,35007,5030,14333677,0.81,86.73
2021-06-12,France,68000000,40464,101,326,0,35100,5038,14422706,0.81,86.74
2021-06-13,France,68000000,40562,98,327,1,35179,5056,14511735,0.81,86.73
2021-06-14,France,68000000,40655,93,328,1,35255,5072,14600764,0.81,86.72
2021-06-15,France,68000000,40723,68,328,0,35316,5079,14689793,0.81,86.72
2021-06-16,France,68000000,40839,116,330,2,35416,5093,14778822,0.81,86.72
2021-06-17,France,68000000,40931,92,331,1,35489,5111,14867851,0.81,86.7
2021-06-18,France,68000000,41058,127,332,1,35590,5136,14956880,0.81,86.68
2021-06-19,France,68000000,41177,119,333,1,35701,5143,15045909,0.81,86.7
2021-06-20,France,68000000,41277,100,334,1,35789,5154,15134938,0.81,86.7
2021-06-21,France,68000000,41385,108,334,0,35881,5170,15223968,0.81,86.7
2021-06-22,France,68000000,41484,99,334,0,35975,5175,15312997,0.81,86.72
2021-06-23,France,68000000,41614,130,336,2,36082,5196,15402026,0.81,86.71
2021-06-24,France,68000000,41718,104,336,0,36172,5210,15491055,0.81,86.71
2021-06-25,France,68000000,41813,95,337,1,36253,5223,15580084,0.81,86.7
2021-06-26,France,68000000,41898,85,337,0,36320,5241,15669113,0.8,86.69
2021-06-27,France,68000000,42009,111,337,0,36414,5258,15758142,0.8,86.68
2021-06-28,France,68000000,42086,77,338,1,36483,5265,15847171,0.8,86.69
2021-06-29,France,68000000,42188,102,339,1,36573,5276,15936200,0.8,86.69
2021-06-30,France,68000000,42273,85,339,0,36648,5286,16025229,0.8,86.69
2021-07-01,France,68000000,42401,128,341,2,36757,5303,16114258,0.8,86.69
2021-07-02,France,68000000,42479,78,341,0,36825,5313,16203287,0.8,86.69
2021-07-03,France,68000000,42538,59,341,0,36872,5325,16292316,0.8,86.68
2021-07-04,France,68000000,42625,87,342,1,36941,5342,16381345,0.8,86.67
2021-07-05,France,68000000,42714,89,342,0,37023,5349,16470374,0.8,86.68
2021-07-06,France,68000000,42779,65,342,0,37078,5359,16559403,0.8,86.67
2021-07-07,France,68000000,42873,94,342,0,37163,5368,16648432,0.8,86.68
2021-07-08,France,68000000,42974,101,343,1,37250,5381,16737461,0.8,86.68
2021-07-09,France,68000000,43083,109,344,1,37343,5396,16826490,0.8,86.68
2021-07-10,France,68000000,43171,88,345,1,37422,5404,16915520,0.8,86.68
2021-07-11,France,68000000,43227,56,345,0,37469,5413,17004549,0.8,86.68
2021-07-12,France,68000000,43291,64,345,0,37524,5422,17093578,0.8,86.68
2021-07-13,France,68000000,43361,70,346,1,37587,5428,17182607,0.8,86.68
2021-07-14,France,68000000,43454,93,348,2,37670,5436,17271636,0.8,86.69
2021-07-15,France,68000000,43551,97,350,2,37748,5453,17360665,0.8,86.68
2021-07-16,France,68000000,43640,89,351,1,37824,5465,17449694,0.8,86.67
2021-07-17,France,68000000,43718,78,351,0,37892,5475,17538723,0.8,86.67
2021-07-18,France,68000000,43787,69,352,1,37957,5478,17627752,0.8,86.69
2021-07-19,France,68000000,43893,106,354,2,38045,5494,17716781,0.81,86.68
2021-07-20,France,68000000,43965,72,354,0,38102,5509,17805810,0.81,86.66
2021-07-21,France,68000000,44032,67,355,1,38158,5519,17894839,0.81,86.66
2021-07-22,France,68000000,44122,90,356,1,38236,5530,17983868,0.81,86.66
2021-07-23,France,68000000,44244,122,357,1,38344,5543,18072897,0.81,86.66
2021-07-24,France,68000000,44335,91,357,0,38415,5563,18161926,0.81,86.65
2021-07-25,France,68000000,44411,76,358,1,38482,5571,18250955,0.81,86.65
2021-07-26,France,68000000,44487,76,359,1,38549,5579,18339984,0.81,86.65
2021-07-27,France,68000000,44572,85,359,0,38623,5590,18429013,0.81,86.65
2021-07-28,France,68000000,44649,77,360,1,38694,5595,18518042,0.81,86.66
2021-07-29,France,68000000,44736,87,361,1,38765,5610,18607072,0.81,86.65
2021-07-30,France,68000000,44817,81,362,1,38829,5626,18696101,0.81,86.64
2021-07-31,France,68000000,44920,103,363,1,38920,5637,18785130,0.81,86.64
2021-08-01,France,68000000,45021,101,364,1,38999,5658,18874159,0.81,86.62
2021-08-02,France,68000000,45098,77,365,1,39065,5668,18963188,0.81,86.62
2021-08-03,France,68000000,45181,83,366,1,39134,5681,19052217,0.81,86.62
2021-08-04,France,68000000,45279,98,367,1,39226,5686,19141246,0.81,86.63
2021-08-05,France,68000000,45387,108,368,1,39317,5702,19230275,0.81,86.63
2021-08-06,France,68000000,45467,80,369,1,39386,5712,19319304,0.81,86.63
2021-08-07,France,68000000,45594,127,370,1,39492,5732,19408333,0.81,86.62
2021-08-08,France,68000000,45676,82,371,1,39565,5740,19497362,0.81,86.62
2021-08-09,France,68000000,45756,80,372,1,39641,5743,19586391,0.81,86.64
2021-08-10,France,68000000,45858,102,373,1,39723,5762,19675420,0.81,86.62
2021-08-11,France,68000000,45915,57,373,0,39776,5766,19764449,0.81,86.63
2021-08-12,France,68000000,46008,93,375,2,39858,5775,19853478,0.82,86.63
2021-08-13,France,68000000,46106,98,376,1,39935,5795,19942507,0.82,86.62
2021-08-14,France,68000000,46202,96,376,0,40011,5815,20031536,0.81,86.6
2021-08-15,France,68000000,46271,69,376,0,40071,5824,20120565,0.81,86.6
2021-08-16,France,68000000,46352,81,376,0,40145,5831,20209594,0.81,86.61
2021-08-17,France,68000000,46445,93,376,0,40234,5835,20298624,0.81,86.63
2021-08-18,France,68000000,46537,92,377,1,40317,5843,20387653,0.81,86.63
2021-08-19,France,68000000,46639,102,378,1,40407,5854,20476682,0.81,86.64
2021-08-20,France,68000000,46701,62,379,1,40456,5866,20565711,0.81,86.63
2021-08-21,France,68000000,46778,77,379,0,40518,5881,20654740,0.81,86.62
2021-08-22,France,68000000,46842,64,379,0,40572,5891,20743769,0.81,86.61
2021-08-23,France,68000000,46922,80,380,1,40645,5897,20832798,0.81,86.62
2021-08-24,France,68000000,47013,91,381,1,40718,5914,20921827,0.81,86.61
2021-08-25,France,68000000,47117,104,383,2,40813,5921,21010856,0.81,86.62
2021-08-26,France,68000000,47259,142,385,2,40945,5929,21099885,0.81,86.64
2021-08-27,France,68000000,47342,83,385,0,41020,5937,21188914,0.81,86.65
2021-08-28,France,68000000,47440,98,386,1,41107,5947,21277943,0.81,86.65
2021-08-29,France,68000000,47529,89,386,0,41178,5965,21366972,0.81,86.64
2021-08-30,France,68000000,47632,103,386,0,41259,5987,21456001,0.81,86.62
2021-08-31,France,68000000,47723,91,387,1,41341,5995,21545030,0.81,86.63
2021-09-01,France,68000000,47804,81,388,1,41415,6001,21634059,0.81,86.64
2021-09-02,France,68000000,47883,79,389,1,41481,6013,21723088,0.81,86.63
2021-09-03,France,68000000,47979,96,389,0,41570,6020,21812117,0.81,86.64
2021-09-04,France,68000000,48056,77,390,1,41642,6024,21901146,0.81,86.65
2021-09-05,France,68000000,48140,84,390,0,41712,6038,21990176,0.81,86.65
2021-09-06,France,68000000,48267,127,390,0,41824,6053,22079205,0.81,86.65
2021-09-07,France,68000000,48373,106,392,2,41911,6070,22168234,0.81,86.64
2021-09-08,France,68000000,48486,113,393,1,42014,6079,22257263,0.81,86.65
2021-09-09,France,68000000,48569,83,394,1,42082,6093,22346292,0.81,86.64
2021-09-10,France,68000000,48682,113,395,1,42173,6114,22435321,0.81,86.63
2021-09-11,France,68000000,48790,108,395,0,42268,6127,22524350,0.81,86.63
2021-09-12,France,68000000,48915,125,396,1,42369,6150,22613379,0.81,86.62
2021-09-13,France,68000000,48978,63,396,0,42423,6159,22702408,0.81,86.62
2021-09-14,France,68000000,49088,110,397,1,42520,6171,22791437,0.81,86.62
2021-09-15,France,68000000,49187,99,397,0,42614,6176,22880466,0.81,86.64
2021-09-16,France,68000000,49294,107,398,1,42707,6189,22969495,0.81,86.64
2021-09-17,France,68000000,49399,105,399,1,42792,6208,23058524,0.81,86.63
2021-09-18,France,68000000,49510,111,399,0,42880,6231,23147553,0.81,86.61
2021-09-19,France,68000000,49615,105,400,1,42967,6248,23236582,0.81,86.6
2021-09-20,France,68000000,49746,131,401,1,43088,6257,23325611,0.81,86.62
2021-09-21,France,68000000,49865,119,402,1,43199,6264,23414640,0.81,86.63
2021-09-22,France,68000000,49976,111,402,0,43290,6284,23503669,0.8,86.62
2021-09-23,France,68000000,50084,108,402,0,43382,6300,23592698,0.8,86.62
2021-09-24,France,68000000,50184,100,403,1,43465,6316,23681728,0.8,86.61
2021-09-25,France,68000000,50306,122,404,1,43579,6323,23770757,0.8,86.63
2021-09-26,France,68000000,50438,132,405,1,43704,6329,23859786,0.8,86.65
2021-09-27,France,68000000,50534,96,406,1,43792,6336,23948815,0.8,86.66
2021-09-28,France,68000000,50637,103,408,2,43888,6341,24037844,0.81,86.67
2021-09-29,France,68000000,50725,88,408,0,43961,6356,24126873,0.8,86.67
2021-09-30,France,68000000,50808,83,409,1,44028,6371,24215902,0.8,86.66
2021-10-01,France,68000000,50908,100,410,1,44117,6381,24304931,0.81,86.66
2021-10-02,France,68000000,51051,143,413,3,44231,6407,24393960,0.81,86.64
2021-10-03,France,68000000,51154,103,414,1,44315,6425,24482989,0.81,86.63
2021-10-04,France,68000000,51251,97,414,0,44396,6441,24572018,0.81,86.62
2021-10-05,France,68000000,51355,104,415,1,44493,6447,24661047,0.81,86.64
2021-10-06,France,68000000,51437,82,415,0,44561,6461,24750076,0.81,86.63
2021-10-07,France,68000000,51555,118,416,1,44667,6472,24839105,0.81,86.64
2021-10-08,France,68000000,51625,70,416,0,44721,6488,24928134,0.81,86.63
2021-10-09,France,68000000,51745,120,417,1,44816,6512,25017163,0.81,86.61
2021-10-10,France,68000000,51846,101,418,1,44901,6527,25106192,0.81,86.6
2021-10-11,France,68000000,51958,112,418,0,45004,6536,25195221,0.8,86.62
2021-10-12,France,68000000,52041,83,419,1,45069,6553,25284250,0.81,86.6
2021-10-13,France,68000000,52158,117,420,1,45176,6562,25373280,0.81,86.61
2021-10-14,France,68000000,52248,90,420,0,45260,6568,25462309,0.8,86.63
2021-10-15,France,68000000,52379,131,421,1,45366,6592,25551338,0.8,86.61
2021-10-16,France,68000000,52507,128,421,0,45483,6603,25640367,0.8,86.62
2021-10-17,France,68000000,52617,110,422,1,45577,6618,25729396,0.8,86.62
2021-10-18,France,68000000,52717,100,424,2,45667,6626,25818425,0.8,86.63
2021-10-19,France,68000000,52819,102,425,1,45757,6637,25907454,0.8,86.63
2021-10-20,France,68000000,52947,128,427,2,45866,6654,25996483,0.81,86.63
2021-10-21,France,68000000,53074,127,428,1,45979,6667,26085512,0.81,86.63
2021-10-22,France,68000000,53226,152,429,1,46101,6696,26174541,0.81,86.61
2021-10-23,France,68000000,53310,84,430,1,46176,6704,26263570,0.81,86.62
2021-10-24,France,68000000,53421,111,430,0,46270,6721,26352599,0.8,86.61
2021-10-25,France,68000000,53566,145,432,2,46393,6741,26441628,0.81,86.61
2021-10-26,France,68000000,53680,114,433,1,46498,6749,26530657,0.81,86.62
2021-10-27,France,68000000,53839,159,434,1,46637,6768,26619686,0.81,86.62
2021-10-28,France,68000000,53939,100,435,1,46728,6776,26708715,0.81,86.63
2021-10-29,France,68000000,54193,254,439,4,46944,6810,26797744,0.81,86.62
2021-10-30,France,68000000,54331,138,440,1,47066,6825,26886773,0.81,86.63
2021-10-31,France,68000000,54490,159,443,3,47195,6852,26975802,0.81,86.61
2021-11-01,France,68000000,54583,93,444,1,47269,6870,27064832,0.81,86.6
2021-11-02,France,68000000,54678,95,445,1,47357,6876,27153861,0.81,86.61
2021-11-03,France,68000000,54781,103,447,2,47452,6882,27242890,0.82,86.62
2021-11-04,France,68000000,54947,166,449,2,47602,6896,27331919,0.82,86.63
2021-11-05,France,68000000,55110,163,450,1,47742,6918,27420948,0.82,86.63
2021-11-06,France,68000000,55260,150,451,1,47868,6941,27509977,0.82,86.62
2021-11-07,France,68000000,55379,119,453,2,47972,6954,27599006,0.82,86.62
2021-11-08,France,68000000,55496,117,454,1,48067,6975,27688035,0.82,86.61
2021-11-09,France,68000000,55602,106,455,1,48162,6985,27777064,0.82,86.62
2021-11-10,France,68000000,55722,120,456,1,48256,7010,27866093,0.82,86.6
2021-11-11,France,68000000,55827,105,456,0,48339,7032,27955122,0.82,86.59
2021-11-12,France,68000000,55963,136,457,1,48449,7057,28044151,0.82,86.57
2021-11-13,France,68000000,56065,102,458,1,48531,7076,28133180,0.82,86.56
2021-11-14,France,68000000,56206,141,459,1,48658,7089,28222209,0.82,86.57
2021-11-15,France,68000000,56348,142,461,2,48774,7113,28311238,0.82,86.56
2021-11-16,France,68000000,56505,157,463,2,48921,7121,28400267,0.82,86.58
2021-11-17,France,68000000,56635,130,464,1,49026,7145,28489296,0.82,86.56
2021-11-18,France,68000000,56727,92,465,1,49107,7155,28578325,0.82,86.57
2021-11-19,France,68000000,56827,100,466,1,49202,7159,28667355,0.82,86.58
2021-11-20,France,68000000,56923,96,467,1,49290,7166,28756384,0.82,86.59
2021-11-21,France,68000000,57014,91,468,1,49374,7172,28845413,0.82,86.6
2021-11-22,France,68000000,57115,101,469,1,49468,7178,28934442,0.82,86.61
2021-11-23,France,68000000,57213,98,470,1,49544,7199,29023471,0.82,86.6
2021-11-24,France,68000000,57323,110,471,1,49633,7219,29112500,0.82,86.58
2021-11-25,France,68000000,57444,121,473,2,49748,7223,29201529,0.82,86.6
2021-11-26,France,68000000,57572,128,474,1,49853,7245,29290558,0.82,86.59
2021-11-27,France,68000000,57677,105,475,1,49935,7267,29379587,0.82,86.58
2021-11-28,France,68000000,57781,104,475,0,50027,7279,29468616,0.82,86.58
2021-11-29,France,68000000,57931,150,476,1,50165,7290,29557645,0.82,86.59
2021-11-30,France,68000000,58076,145,478,2,50280,7318,29646674,0.82,86.58
2021-12-01,France,68000000,58190,114,479,1,50371,7340,29735703,0.82,86.56
2021-12-02,France,68000000,58294,104,481,2,50457,7356,29824732,0.83,86.56
2021-12-03,France,68000000,58425,131,483,2,50563,7379,29913761,0.83,86.54
2021-12-04,France,68000000,58567,142,484,1,50674,7409,30002790,0.83,86.52
2021-12-05,France,68000000,58669,102,485,1,50760,7424,30091819,0.83,86.52
2021-12-06,France,68000000,58762,93,486,1,50839,7437,30180848,0.83,86.52
2021-12-07,France,68000000,58890,128,488,2,50957,7445,30269877,0.83,86.53
2021-12-08,France,68000000,58998,108,489,1,51049,7460,30358907,0.83,86.53
2021-12-09,France,68000000,59120,122,491,2,51151,7478,30447936,0.83,86.52
2021-12-10,France,68000000,59236,116,493,2,51257,7486,30536965,0.83,86.53
2021-12-11,France,68000000,59342,106,494,1,51354,7494,30625994,0.83,86.54
2021-12-12,France,68000000,59477,135,496,2,51478,7503,30715023,0.83,86.55
2021-12-13,France,68000000,59566,89,497,1,51551,7518,30804052,0.83,86.54
2021-12-14,France,68000000,59694,128,499,2,51659,7536,30893081,0.84,86.54
2021-12-15,France,68000000,59801,107,501,2,51748,7552,30982110,0.84,86.53
2021-12-16,France,68000000,59942,141,502,1,51873,7567,31071139,0.84,86.54
2021-12-17,France,68000000,60063,121,504,2,51986,7573,31160168,0.84,86.55
2021-12-18,France,68000000,60252,189,506,2,52164,7582,31249197,0.84,86.58
2021-12-19,France,68000000,60336,84,507,1,52234,7595,31338226,0.84,86.57
2021-12-20,France,68000000,60476,140,508,1,52363,7605,31427255,0.84,86.58
2021-12-21,France,68000000,60577,101,509,1,52447,7621,31516284,0.84,86.58
2021-12-22,France,68000000,60711,134,511,2,52552,7648,31605313,0.84,86.56
2021-12-23,France,68000000,60830,119,512,1,52649,7669,31694342,0.84,86.55
2021-12-24,France,68000000,60940,110,513,1,52751,7676,31783371,0.84,86.56
2021-12-25,France,68000000,61047,107,514,1,52850,7683,31872400,0.84,86.57
2021-12-26,France,68000000,61170,123,516,2,52963,7691,31961429,0.84,86.58
2021-12-27,France,68000000,61302,132,517,1,53069,7716,32050459,0.84,86.57
2021-12-28,France,68000000,61415,113,518,1,53168,7729,32139488,0.84,86.57
2021-12-29,France,68000000,61518,103,519,1,53249,7750,32228517,0.84,86.56
2021-12-30,France,68000000,61647,129,521,2,53366,7760,32317546,0.85,86.57
2021-12-31,France,68000000,61736,89,522,1,53448,7766,32406575,0.85,86.58
2022-01-01,France,68000000,61836,100,523,1,53530,7783,32495604,0.85,86.57
2022-01-02,France,68000000,61962,126,524,1,53650,7788,32584633,0.85,86.59
2022-01-03,France,68000000,62094,132,526,2,53764,7804,32673662,0.85,86.58
2022-01-04,France,68000000,62222,128,527,1,53870,7825,32762691,0.85,86.58
2022-01-05,France,68000000,62327,105,527,0,53966,7834,32851720,0.85,86.59
2022-01-06,France,68000000,62475,148,528,1,54098,7849,32940749,0.85,86.59
2022-01-07,France,68000000,62617,142,530,2,54217,7870,33029778,0.85,86.59
2022-01-08,France,68000000,62715,98,531,1,54294,7890,33118807,0.85,86.57
2022-01-09,France,68000000,62848,133,532,1,54420,7896,33207836,0.85,86.59
2022-01-10,France,68000000,62943,95,533,1,54503,7907,33296865,0.85,86.59
2022-01-11,France,68000000,63049,106,534,1,54587,7928,33385894,0.85,86.58
2022-01-12,France,68000000,63157,108,535,1,54678,7944,33474923,0.85,86.57
2022-01-13,France,68000000,63277,120,536,1,54784,7957,33563952,0.85,86.58
2022-01-14,France,68000000,63411,134,537,1,54894,7980,33652981,0.85,86.57
2022-01-15,France,68000000,63514,103,539,2,54979,7996,33742011,0.85,86.56
2022-01-16,France,68000000,63627,113,541,2,55077,8009,33831040,0.85,86.56
2022-01-17,France,68000000,63722,95,541,0,55157,8024,33920069,0.85,86.56
2022-01-18,France,68000000,63823,101,542,1,55243,8038,34009098,0.85,86.56
2022-01-19,France,68000000,63911,88,543,1,55320,8048,34098127,0.85,86.56
2022-01-20,France,68000000,64037,126,544,1,55436,8057,34187156,0.85,86.57
2022-01-21,France,68000000,64145,108,545,1,55526,8074,34276185,0.85,86.56
2022-01-22,France,68000000,64232,87,546,1,55597,8089,34365214,0.85,86.56
2022-01-23,France,68000000,64312,80,547,1,55667,8098,34454243,0.85,86.56
2022-01-24,France,68000000,64427,115,547,0,55765,8115,34543272,0.85,86.56
2022-01-25,France,68000000,64521,94,547,0,55845,8129,34632301,0.85,86.55
2022-01-26,France,68000000,64629,108,548,1,55936,8145,34721330,0.85,86.55
2022-01-27,France,68000000,64751,122,550,2,56046,8155,34810359,0.85,86.56
2022-01-28,France,68000000,64824,73,551,1,56110,8163,34899388,0.85,86.56
2022-01-29,France,68000000,64896,72,552,1,56171,8173,34988417,0.85,86.56
2022-01-30,France,68000000,65009,113,553,1,56269,8187,35077446,0.85,86.56
2022-01-31,France,68000000,65092,83,554,1,56336,8202,35166475,0.85,86.55
2022-02-01,France,68000000,65184,92,555,1,56421,8208,35255504,0.85,86.56
2022-02-02,France,68000000,65294,110,556,1,56517,8221,35344533,0.85,86.56
2022-02-03,France,68000000,65392,98,557,1,56594,8241,35433563,0.85,86.55
2022-02-04,France,68000000,65503,111,557,0,56680,8266,35522592,0.85,86.53
2022-02-05,France,68000000,65595,92,558,1,56765,8272,35611621,0.85,86.54
2022-02-06,France,68000000,65705,110,559,1,56862,8284,35700650,0.85,86.54
2022-02-07,France,68000000,65815,110,559,0,56948,8308,35789679,0.85,86.53
2022-02-08,France,68000000,65900,85,559,0,57018,8323,35878708,0.85,86.52
2022-02-09,France,68000000,66011,111,560,1,57118,8333,35967737,0.85,86.53
2022-02-10,France,68000000,66085,74,560,0,57177,8348,36056766,0.85,86.52
2022-02-11,France,68000000,66192,107,562,2,57279,8351,36145795,0.85,86.53
2022-02-12,France,68000000,66284,92,563,1,57361,8360,36234824,0.85,86.54
2022-02-13,France,68000000,66402,118,563,0,57464,8375,36323853,0.85,86.54
2022-02-14,France,68000000,66519,117,564,1,57564,8391,36412882,0.85,86.54
2022-02-15,France,68000000,66593,74,564,0,57622,8407,36501911,0.85,86.53
2022-02-16,France,68000000,66683,90,565,1,57694,8424,36590940,0.85,86.52
2022-02-17,France,68000000,66780,97,566,1,57772,8442,36679969,0.85,86.51
2022-02-18,France,68000000,66863,83,567,1,57838,8458,36768998,0.85,86.5
2022-02-19,France,68000000,66974,111,568,1,57936,8470,36858027,0.85,86.51
2022-02-20,France,68000000,67056,82,568,0,58005,8483,36947056,0.85,86.5
2022-02-21,France,68000000,67141,85,569,1,58076,8496,37036085,0.85,86.5
2022-02-22,France,68000000,67246,105,570,1,58172,8504,37125115,0.85,86.51
2022-02-23,France,68000000,67321,75,571,1,58231,8519,37214144,0.85,86.5
2022-02-24,France,68000000,67416,95,571,0,58315,8530,37303173,0.85,86.5
2022-02-25,France,68000000,67494,78,572,1,58379,8543,37392202,0.85,86.5
2022-02-26,France,68000000,67576,82,573,1,58450,8553,37481231,0.85,86.5
2022-02-27,France,68000000,67658,82,574,1,58524,8560,37570260,0.85,86.5
2022-02-28,France,68000000,67729,71,575,1,58581,8573,37659289,0.85,86.49
2022-03-01,France,68000000,67801,72,575,0,58645,8581,37748318,0.85,86.5
2022-03-02,France,68000000,67870,69,576,1,58706,8588,37837347,0.85,86.5
2022-03-03,France,68000000,67931,61,576,0,58763,8592,37926376,0.85,86.5
2022-03-04,France,68000000,68039,108,578,2,58856,8605,38015405,0.85,86.5
2022-03-05,France,68000000,68132,93,578,0,58941,8613,38104434,0.85,86.51
2022-03-06,France,68000000,68200,68,579,1,58995,8626,38193463,0.85,86.5
2022-03-07,France,68000000,68277,77,579,0,59063,8635,38282492,0.85,86.5
2022-03-08,France,68000000,68364,87,580,1,59134,8650,38371521,0.85,86.5
2022-03-09,France,68000000,68469,105,580,0,59222,8667,38460550,0.85,86.49
2022-03-10,France,68000000,68533,64,580,0,59280,8673,38549579,0.85,86.5
2022-03-11,France,68000000,68600,67,581,1,59332,8687,38638608,0.85,86.49
2022-03-12,France,68000000,68676,76,582,1,59401,8693,38727637,0.85,86.49
2022-03-13,France,68000000,68739,63,582,0,59456,8701,38816667,0.85,86.5
2022-03-14,France,68000000,68858,119,583,1,59565,8710,38905696,0.85,86.5
2022-03-15,France,68000000,68955,97,583,0,59642,8730,38994725,0.85,86.49
2022-03-16,France,68000000,69015,60,583,0,59689,8743,39083754,0.84,86.49
2022-03-17,France,68000000,69106,91,584,1,59769,8753,39172783,0.85,86.49
2022-03-18,France,68000000,69178,72,585,1,59829,8764,39261812,0.85,86.49
2022-03-19,France,68000000,69231,53,585,0,59871,8775,39350841,0.84,86.48
2022-03-20,France,68000000,69287,56,585,0,59920,8782,39439870,0.84,86.48
2022-03-21,France,68000000,69356,69,586,1,59982,8788,39528899,0.84,86.48
2022-03-22,France,68000000,69430,74,587,1,60049,8794,39617928,0.85,86.49
2022-03-23,France,68000000,69490,60,587,0,60098,8805,39706957,0.84,86.48
2022-03-24,France,68000000,69563,73,587,0,60166,8810,39795986,0.84,86.49
2022-03-25,France,68000000,69615,52,588,1,60211,8816,39885015,0.84,86.49
2022-03-26,France,68000000,69664,49,588,0,60256,8820,39974044,0.84,86.5
2022-03-27,France,68000000,69755,91,588,0,60329,8838,40063073,0.84,86.49
2022-03-28,France,68000000,69817,62,588,0,60382,8847,40152102,0.84,86.49
2022-03-29,France,68000000,69874,57,589,1,60433,8852,40241131,0.84,86.49
2022-03-30,France,68000000,69946,72,589,0,60498,8859,40330160,0.84,86.49
2022-03-31,France,68000000,70012,66,589,0,60555,8868,40419189,0.84,86.49
2022-04-01,France,68000000,70085,73,590,1,60620,8875,40508219,0.84,86.49
2022-04-02,France,68000000,70135,50,590,0,60667,8878,40597248,0.84,86.5
2022-04-03,France,68000000,70191,56,590,0,60715,8886,40686277,0.84,86.5
2022-04-04,France,68000000,70261,70,591,1,60778,8892,40775306,0.84,86.5
2022-04-05,France,68000000,70319,58,591,0,60823,8905,40864335,0.84,86.5
2022-04-06,France,68000000,70382,63,592,1,60878,8912,40953364,0.84,86.5
2022-04-07,France,68000000,70449,67,592,0,60934,8923,41042393,0.84,86.49
2022-04-08,France,68000000,70504,55,593,1,60977,8934,41131422,0.84,86.49
2022-04-09,France,68000000,70561,57,593,0,61025,8943,41220451,0.84,86.49
2022-04-10,France,68000000,70620,59,593,0,61074,8953,41309480,0.84,86.48
2022-04-11,France,68000000,70670,50,593,0,61119,8958,41398509,0.84,86.49
2022-04-12,France,68000000,70740,70,593,0,61176,8971,41487538,0.84,86.48
2022-04-13,France,68000000,70806,66,594,1,61237,8975,41576567,0.84,86.49
2022-04-14,France,68000000,70857,51,594,0,61278,8985,41665596,0.84,86.48
2022-04-15,France,68000000,70899,42,594,0,61314,8991,41754625,0.84,86.48
2022-04-16,France,68000000,70944,45,594,0,61355,8995,41843654,0.84,86.48
2022-04-17,France,68000000,70986,42,594,0,61391,9001,41932683,0.84,86.48
2022-04-18,France,68000000,71024,38,594,0,61423,9007,42021712,0.84,86.48
2022-04-19,France,68000000,71088,64,594,0,61476,9018,42110741,0.84,86.48
2022-04-20,France,68000000,71135,47,594,0,61513,9028,42199771,0.84,86.47
2022-04-21,France,68000000,71184,49,594,0,61551,9039,42288800,0.83,86.47
2022-04-22,France,68000000,71226,42,594,0,61587,9045,42377829,0.83,86.47
2022-04-23,France,68000000,71261,35,594,0,61617,9050,42466858,0.83,86.47
2022-04-24,France,68000000,71293,32,594,0,61645,9054,42555887,0.83,86.47
2022-04-25,France,68000000,71339,46,594,0,61688,9057,42644916,0.83,86.47
2022-04-26,France,68000000,71377,38,594,0,61722,9061,42733945,0.83,86.47
2022-04-27,France,68000000,71435,58,595,1,61773,9067,42822974,0.83,86.47
2022-04-28,France,68000000,71476,41,595,0,61811,9070,42912003,0.83,86.48
2022-04-29,France,68000000,71525,49,595,0,61857,9073,43001032,0.83,86.48
2022-04-30,France,68000000,71565,40,595,0,61894,9076,43090061,0.83,86.49
2022-05-01,France,68000000,71620,55,595,0,61939,9086,43179090,0.83,86.48
2022-05-02,France,68000000,71667,47,595,0,61981,9091,43268119,0.83,86.48
2022-05-03,France,68000000,71692,25,595,0,62002,9095,43357148,0.83,86.48
2022-05-04,France,68000000,71731,39,595,0,62034,9102,43446177,0.83,86.48
2022-05-05,France,68000000,71782,51,596,1,62075,9111,43535206,0.83,86.48
2022-05-06,France,68000000,71816,34,596,0,62104,9116,43624235,0.83,86.48
2022-05-07,France,68000000,71860,44,596,0,62142,9122,43713264,0.83,86.48
2022-05-08,France,68000000,71884,24,596,0,62163,9125,43802293,0.83,86.48
2022-05-09,France,68000000,71913,29,596,0,62185,9132,43891323,0.83,86.47
2022-05-10,France,68000000,71945,32,596,0,62213,9136,43980352,0.83,86.47
2022-05-11,France,68000000,71977,32,596,0,62243,9138,44069381,0.83,86.48
2022-05-12,France,68000000,72007,30,596,0,62268,9143,44158410,0.83,86.47
2022-05-13,France,68000000,72039,32,596,0,62296,9147,44247439,0.83,86.48
2022-05-14,France,68000000,72081,42,596,0,62329,9156,44336468,0.83,86.47
2022-05-15,France,68000000,72110,29,596,0,62356,9158,44425497,0.83,86.47
2022-05-16,France,68000000,72146,36,596,0,62384,9166,44514526,0.83,86.47
2022-05-17,France,68000000,72187,41,596,0,62421,9170,44514526,0.83,86.47
2022-05-18,France,68000000,72213,26,596,0,62445,9172,44514526,0.83,86.47
2022-05-19,France,68000000,72241,28,596,0,62467,9178,44514526,0.83,86.47
2022-05-20,France,68000000,72268,27,596,0,62492,9180,44514526,0.82,86.47
2022-05-21,France,68000000,72301,33,596,0,62520,9185,44514526,0.82,86.47
2022-05-22,France,68000000,72334,33,596,0,62546,9192,44514526,0.82,86.47
2022-05-23,France,68000000,72365,31,596,0,62574,9195,44514526,0.82,86.47
2022-05-24,France,68000000,72391,26,596,0,62597,9198,44514526,0.82,86.47
2022-05-25,France,68000000,72423,32,596,0,62626,9201,44514526,0.82,86.47
2022-05-26,France,68000000,72445,22,596,0,62646,9203,44514526,0.82,86.47
2022-05-27,France,68000000,72479,34,596,0,62674,9209,44514526,0.82,86.47
2022-05-28,France,68000000,72512,33,596,0,62705,9211,44514526,0.82,86.48
2022-05-29,France,68000000,72549,37,596,0,62735,9218,44514526,0.82,86.47
2022-05-30,France,68000000,72570,21,596,0,62753,9221,44514526,0.82,86.47
2022-05-31,France,68000000,72597,27,596,0,62778,9223,44514526,0.82,86.47
2022-06-01,France,68000000,72635,38,596,0,62810,9229,44514526,0.82,86.47
2022-06-02,France,68000000,72654,19,596,0,62827,9231,44514526,0.82,86.47
2022-06-03,France,68000000,72672,18,596,0,62841,9235,44514526,0.82,86.47
2022-06-04,France,68000000,72696,24,596,0,62859,9241,44514526,0.82,86.47
2022-06-05,France,68000000,72721,25,596,0,62879,9246,44514526,0.82,86.47
2022-06-06,France,68000000,72751,30,596,0,62903,9252,44514526,0.82,86.46
2022-06-07,France,68000000,72775,24,596,0,62924,9255,44514526,0.82,86.46
2022-06-08,France,68000000,72803,28,596,0,62947,9260,44514526,0.82,86.46
2022-06-09,France,68000000,72821,18,596,0,62962,9263,44514526,0.82,86.46
2022-06-10,France,68000000,72839,18,596,0,62978,9265,44514526,0.82,86.46
2022-06-11,France,68000000,72859,20,596,0,62994,9269,44514526,0.82,86.46
2022-06-12,France,68000000,72883,24,596,0,63015,9272,44514526,0.82,86.46
2022-06-13,France,68000000,72904,21,596,0,63033,9275,44514526,0.82,86.46
2022-06-14,France,68000000,72928,24,596,0,63054,9278,44514526,0.82,86.46
2022-06-15,France,68000000,72947,19,596,0,63072,9279,44514526,0.82,86.46
2022-06-16,France,68000000,72962,15,596,0,63083,9283,44514526,0.82,86.46
2022-06-17,France,68000000,72982,20,596,0,63100,9286,44514526,0.82,86.46
2022-06-18,France,68000000,73006,24,596,0,63121,9289,44514526,0.82,86.46
2022-06-19,France,68000000,73025,19,596,0,63136,9293,44514526,0.82,86.46
2022-06-20,France,68000000,73045,20,596,0,63153,9296,44514526,0.82,86.46
2022-06-21,France,68000000,73064,19,596,0,63167,9301,44514526,0.82,86.45
2022-06-22,France,68000000,73088,24,596,0,63186,9306,44514526,0.82,86.45
2022-06-23,France,68000000,73105,17,596,0,63201,9308,44514526,0.82,86.45
2022-06-24,France,68000000,73126,21,596,0,63220,9310,44514526,0.82,86.45
2022-06-25,France,68000000,73141,15,596,0,63231,9314,44514526,0.81,86.45
2022-06-26,France,68000000,73155,14,596,0,63243,9316,44514526,0.81,86.45
2022-06-27,France,68000000,73171,16,596,0,63257,9318,44514526,0.81,86.45
2022-06-28,France,68000000,73188,17,596,0,63273,9319,44514526,0.81,86.45
2022-06-29,France,68000000,73206,18,596,0,63287,9323,44514526,0.81,86.45
2022-06-30,France,68000000,73225,19,596,0,63305,9324,44514526,0.81,86.45
2022-07-01,France,68000000,73249,24,596,0,63326,9327,44514526,0.81,86.45
2022-07-02,France,68000000,73264,15,596,0,63338,9330,44514526,0.81,86.45
2022-07-03,France,68000000,73279,15,596,0,63350,9333,44514526,0.81,86.45
2022-07-04,France,68000000,73294,15,596,0,63364,9334,44514526,0.81,86.45
2022-07-05,France,68000000,73307,13,596,0,63374,9337,44514526,0.81,86.45
2022-07-06,France,68000000,73321,14,596,0,63386,9339,44514526,0.81,86.45
2022-07-07,France,68000000,73339,18,596,0,63400,9343,44514526,0.81,86.45
2022-07-08,France,68000000,73355,16,596,0,63412,9347,44514526,0.81,86.45
2022-07-09,France,68000000,73369,14,596,0,63424,9349,44514526,0.81,86.45
2022-07-10,France,68000000,73380,11,596,0,63433,9351,44514526,0.81,86.44
2022-07-11,France,68000000,73391,11,596,0,63441,9354,44514526,0.81,86.44
2022-07-12,France,68000000,73406,15,596,0,63453,9357,44514526,0.81,86.44
2022-07-13,France,68000000,73419,13,596,0,63465,9358,44514526,0.81,86.44
2022-07-14,France,68000000,73434,15,596,0,63479,9359,44514526,0.81,86.44
2022-07-15,France,68000000,73443,9,596,0,63486,9361,44514526,0.81,86.44
2022-07-16,France,68000000,73452,9,596,0,63493,9363,44514526,0.81,86.44
2022-07-17,France,68000000,73463,11,596,0,63502,9365,44514526,0.81,86.44
2022-07-18,France,68000000,73475,12,596,0,63512,9367,44514526,0.81,86.44
2022-07-19,France,68000000,73486,11,596,0,63521,9369,44514526,0.81,86.44
2022-07-20,France,68000000,73496,10,596,0,63530,9370,44514526,0.81,86.44
2022-07-21,France,68000000,73504,8,596,0,63537,9371,44514526,0.81,86.44
2022-07-22,France,68000000,73512,8,596,0,63544,9372,44514526,0.81,86.44
2022-07-23,France,68000000,73522,10,596,0,63552,9374,44514526,0.81,86.44
2022-07-24,France,68000000,73534,12,596,0,63561,9377,44514526,0.81,86.44
2022-07-25,France,68000000,73541,7,596,0,63566,9379,44514526,0.81,86.44
2022-07-26,France,68000000,73550,9,596,0,63573,9381,44514526,0.81,86.44
2022-07-27,France,68000000,73559,9,596,0,63580,9383,44514526,0.81,86.43
2022-07-28,France,68000000,73571,12,596,0,63590,9385,44514526,0.81,86.43
2022-07-29,France,68000000,73578,7,596,0,63595,9387,44514526,0.81,86.43
2022-07-30,France,68000000,73589,11,596,0,63604,9389,44514526,0.81,86.43
2022-07-31,France,68000000,73600,11,596,0,63614,9390,44514526,0.81,86.43
2022-08-01,France,68000000,73610,10,596,0,63623,9391,44514526,0.81,86.43
2022-08-02,France,68000000,73616,6,596,0,63628,9392,44514526,0.81,86.43
2022-08-03,France,68000000,73624,8,596,0,63635,9393,44514526,0.81,86.43
2022-08-04,France,68000000,73633,9,596,0,63643,9394,44514526,0.81,86.43
2022-08-05,France,68000000,73639,6,596,0,63647,9396,44514526,0.81,86.43
2022-08-06,France,68000000,73645,6,596,0,63651,9398,44514526,0.81,86.43
2022-08-07,France,68000000,73651,6,596,0,63655,9400,44514526,0.81,86.43
2022-08-08,France,68000000,73659,8,596,0,63662,9401,44514526,0.81,86.43
2022-08-09,France,68000000,73668,9,596,0,63670,9402,44514526,0.81,86.43
2022-08-10,France,68000000,73676,8,596,0,63676,9404,44514526,0.81,86.43
2022-08-11,France,68000000,73682,6,596,0,63680,9406,44514526,0.81,86.43
2022-08-12,France,68000000,73687,5,596,0,63684,9407,44514526,0.81,86.43
2022-08-13,France,68000000,73697,10,596,0,63692,9409,44514526,0.81,86.42
2022-08-14,France,68000000,73702,5,596,0,63696,9410,44514526,0.81,86.42
2022-08-15,France,68000000,73709,7,596,0,63701,9412,44514526,0.81,86.42
2022-08-16,France,68000000,73716,7,596,0,63706,9414,44514526,0.81,86.42
2022-08-17,France,68000000,73724,8,596,0,63713,9415,44514526,0.81,86.42
2022-08-18,France,68000000,73729,5,596,0,63716,9417,44514526,0.81,86.42
2022-08-19,France,68000000,73734,5,596,0,63719,9419,44514526,0.81,86.42
2022-08-20,France,68000000,73740,6,596,0,63724,9420,44514526,0.81,86.42
2022-08-21,France,68000000,73744,4,596,0,63727,9421,44514526,0.81,86.42
2022-08-22,France,68000000,73749,5,596,0,63730,9423,44514526,0.81,86.41
2022-08-23,France,68000000,73753,4,596,0,63733,9424,44514526,0.81,86.41
2022-08-24,France,68000000,73760,7,596,0,63738,9426,44514526,0.81,86.41
2022-08-25,France,68000000,73764,4,596,0,63741,9427,44514526,0.81,86.41
2022-08-26,France,68000000,73771,7,596,0,63746,9429,44514526,0.81,86.41
2022-08-27,France,68000000,73775,4,596,0,63749,9430,44514526,0.81,86.41
2022-08-28,France,68000000,73779,4,596,0,63752,9431,44514526,0.81,86.41
2022-08-29,France,68000000,73785,6,596,0,63756,9433,44514526,0.81,86.41
2022-08-30,France,68000000,73788,3,596,0,63758,9434,44514526,0.81,86.41
2022-08-31,France,68000000,73792,4,596,0,63761,9435,44514526,0.81,86.41
2022-09-01,France,68000000,73796,4,596,0,63764,9436,44514526,0.81,86.41
2022-09-02,France,68000000,73799,3,596,0,63766,9437,44514526,0.81,86.4
2022-09-03,France,68000000,73803,4,596,0,63769,9438,44514526,0.81,86.4
2022-09-04,France,68000000,73807,4,596,0,63772,9439,44514526,0.81,86.4
2022-09-05,France,68000000,73812,5,596,0,63776,9440,44514526,0.81,86.4
2022-09-06,France,68000000,73815,3,596,0,63778,9441,44514526,0.81,86.4
2022-09-07,France,68000000,73818,3,596,0,63780,9442,44514526,0.81,86.4
2022-09-08,France,68000000,73820,2,596,0,63781,9443,44514526,0.81,86.4
2022-09-09,France,68000000,73823,3,596,0,63783,9444,44514526,0.81,86.4
2022-09-10,France,68000000,73826,3,596,0,63785,9445,44514526,0.81,86.4
2022-09-11,France,68000000,73830,4,596,0,63788,9446,44514526,0.81,86.4
2022-09-12,France,68000000,73833,3,596,0,63790,9447,44514526,0.81,86.4
2022-09-13,France,68000000,73835,2,596,0,63791,9448,44514526,0.81,86.4
2022-09-14,France,68000000,73838,3,596,0,63793,9449,44514526,0.81,86.4
2022-09-15,France,68000000,73841,3,596,0,63795,9450,44514526,0.81,86.4
2022-09-16,France,68000000,73844,3,596,0,63797,9451,44514526,0.81,86.39
2022-09-17,France,68000000,73846,2,596,0,63798,9452,44514526,0.81,86.39
2022-09-18,France,68000000,73848,2,596,0,63799,9453,44514526,0.81,86.39
2022-09-19,France,68000000,73850,2,596,0,63800,9454,44514526,0.81,86.39
2022-09-20,France,68000000,73852,2,596,0,63801,9455,44514526,0.81,86.39
2022-09-21,France,68000000,73854,2,596,0,63802,9456,44514526,0.81,86.39
2022-09-22,France,68000000,73856,2,596,0,63803,9457,44514526,0.81,86.39
2022-09-23,France,68000000,73858,2,596,0,63804,9458,44514526,0.81,86.39
2022-09-24,France,68000000,73860,2,596,0,63805,9459,44514526,0.81,86.39
2022-09-25,France,68000000,73862,2,596,0,63806,9460,44514526,0.81,86.39
2022-09-26,France,68000000,73864,2,596,0,63807,9461,44514526,0.81,86.38
2022-09-27,France,68000000,73866,2,596,0,63808,9462,44514526,0.81,86.38
2022-09-28,France,68000000,73868,2,596,0,63809,9463,44514526,0.81,86.38
2022-09-29,France,68000000,73870,2,596,0,63810,9464,44514526,0.81,86.38
2022-09-30,France,68000000,73872,2,596,0,63811,9465,44514526,0.81,86.38
2022-10-01,France,68000000,73874,2,596,0,63812,9466,44514526,0.81,86.38
2022-10-02,France,68000000,73875,1,596,0,63812,9467,44514526,0.81,86.38
2022-10-03,France,68000000,73876,1,596,0,63812,9468,44514526,0.81,86.38
2022-10-04,France,68000000,73877,1,596,0,63812,9469,44514526,0.81,86.38
2022-10-05,France,68000000,73878,1,596,0,63812,9470,44514526,0.81,86.37
2022-10-06,France,68000000,73879,1,596,0,63812,9471,44514526,0.81,86.37
2022-10-07,France,68000000,73880,1,596,0,63812,9472,44514526,0.81,86.37
2022-10-08,France,68000000,73881,1,596,0,63812,9473,44514526,0.81,86.37
2022-10-09,France,68000000,73882,1,596,0,63812,9474,44514526,0.81,86.37
2022-10-10,France,68000000,73883,1,596,0,63812,9475,44514526,0.81,86.37
2022-10-11,France,68000000,73884,1,596,0,63812,9476,44514526,0.81,86.37
2022-10-12,France,68000000,73885,1,596,0,63812,9477,44514526,0.81,86.37
2022-10-13,France,68000000,73886,1,596,0,63812,9478,44514526,0.81,86.37
2022-10-14,France,68000000,73887,1,596,0,63812,9479,44514526,0.81,86.36
2022-10-15,France,68000000,73888,1,596,0,63812,9480,44514526,0.81,86.36
2022-10-16,France,68000000,73889,1,596,0,63812,9481,44514526,0.81,86.36
2022-10-17,France,68000000,73889,0,596,0,63812,9481,44514526,0.81,86.36
2022-10-18,France,68000000,73890,1,596,0,63812,9482,44514526,0.81,86.36
2022-10-19,France,68000000,73891,1,596,0,63812,9483,44514526,0.81,86.36
2022-10-20,France,68000000,73892,1,596,0,63812,9484,44514526,0.81,86.36
2022-10-21,France,68000000,73893,1,596,0,63812,9485,44514526,0.81,86.36
2022-10-22,France,68000000,73894,1,596,0,63812,9486,44514526,0.81,86.36
2022-10-23,France,68000000,73894,0,596,0,63812,9486,44514526,0.81,86.36
2022-10-24,France,68000000,73894,0,596,0,63812,9486,44514526,0.81,86.36
2022-10-25,France,68000000,73894,0,596,0,63812,9486,44514526,0.81,86.36
2022-10-26,France,68000000,73895,1,596,0,63812,9487,44514526,0.81,86.35
2022-10-27,France,68000000,73896,1,596,0,63812,9488,44514526,0.81,86.35
2022-10-28,France,68000000,73896,0,596,0,63812,9488,44514526,0.81,86.35
2022-10-29,France,68000000,73897,1,596,0,63812,9489,44514526,0.81,86.35
2022-10-30,France,68000000,73897,0,596,0,63812,9489,44514526,0.81,86.35
2022-10-31,France,68000000,73897,0,596,0,63812,9489,44514526,0.81,86.35
2022-11-01,France,68000000,73897,0,596,0,63812,9489,44514526,0.81,86.35
2022-11-02,France,68000000,73897,0,596,0,63812,9489,44514526,0.81,86.35
2022-11-03,France,68000000,73897,0,596,0,63812,9489,44514526,0.81,86.35
2022-11-04,France,68000000,73897,0,596,0,63812,9489,44514526,0.81,86.35
2022-11-05,France,68000000,73897,0,596,0,63812,9489,44514526,0.81,86.35
2022-11-06,France,68000000,73898,1,596,0,63812,9490,44514526,0.81,86.35
2022-11-07,France,68000000,73898,0,596,0,63812,9490,44514526,0.81,86.35
2022-11-08,France,68000000,73898,0,596,0,63812,9490,44514526,0.81,86.35
2022-11-09,France,68000000,73898,0,596,0,63812,9490,44514526,0.81,86.35
2022-11-10,France,68000000,73898,0,596,0,63812,9490,44514526,0.81,86.35
2022-11-11,France,68000000,73898,0,596,0,63812,9490,44514526,0.81,86.35
2022-11-12,France,68000000,73898,0,596,0,63812,9490,44514526,0.81,86.35
2022-11-13,France,68000000,73898,0,596,0,63812,9490,44514526,0.81,86.35
2022-11-14,France,68000000,73898,0,596,0,63812,9490,44514526,0.81,86.35
2022-11-15,France,68000000,73898,0,596,0,63812,9490,44514526,0.81,86.35
2022-11-16,France,68000000,73898,0,596,0,63812,9490,44514526,0.81,86.35
2022-11-17,France,68000000,73898,0,596,0,63812,9490,44514526,0.81,86.35
2022-11-18,France,68000000,73898,0,596,0,63812,9490,44514526,0.81,86.35
2022-11-19,France,68000000,73898,0,596,0,63812,9490,44514526,0.81,86.35
2022-11-20,France,68000000,73898,0,596,0,63812,9490,44514526,0.81,86.35
2022-11-21,France,68000000,73898,0,596,0,63812,9490,44514526,0.81,86.35
2022-11-22,France,68000000,73898,0,596,0,63812,9490,44514526,0.81,86.35
2022-11-23,France,68000000,73898,0,596,0,63812,9490,44514526,0.81,86.35
2022-11-24,France,68000000,73898,0,596,0,63812,9490,44514526,0.81,86.35
2022-11-25,France,68000000,73898,0,596,0,63812,9490,44514526,0.81,86.35
2022-11-26,France,68000000,73898,0,596,0,63812,9490,44514526,0.81,86.35
2022-11-27,France,68000000,73898,0,596,0,63812,9490,44514526,0.81,86.35
2022-11-28,France,68000000,73898,0,596,0,63812,9490,44514526,0.81,86.35
2022-11-29,France,68000000,73898,0,596,0,63812,9490,44514526,0.81,86.35
2022-11-30,France,68000000,73898,0,596,0,63812,9490,44514526,0.81,86.35
2022-12-01,France,68000000,73898,0,596,0,63812,9490,44514526,0.81,86.35
2022-12-02,France,68000000,73898,0,596,0,63812,9490,44514526,0.81,86.35
2022-12-03,France,68000000,73898,0,596,0,63812,9490,44514526,0.81,86.35
2022-12-04,France,68000000,73898,0,596,0,63812,9490,44514526,0.81,86.35
2022-12-05,France,68000000,73898,0,596,0,63812,9490,44514526,0.81,86.35
2022-12-06,France,68000000,73898,0,596,0,63812,9490,44514526,0.81,86.35
2022-12-07,France,68000000,73898,0,596,0,63812,9490,44514526,0.81,86.35
2022-12-08,France,68000000,73898,0,596,0,63812,9490,44514526,0.81,86.35
2022-12-09,France,68000000,73898,0,596,0,63812,9490,44514526,0.81,86.35
2022-12-10,France,68000000,73898,0,596,0,63812,9490,44514526,0.81,86.35
2022-12-11,France,68000000,73898,0,596,0,63812,9490,44514526,0.81,86.35
2022-12-12,France,68000000,73898,0,596,0,63812,9490,44514526,0.81,86.35
2022-12-13,France,68000000,73898,0,596,0,63812,9490,44514526,0.81,86.35
2022-12-14,France,68000000,73898,0,596,0,63812,9490,44514526,0.81,86.35
2022-12-15,France,68000000,73898,0,596,0,63812,9490,44514526,0.81,86.35
2022-12-16,France,68000000,73898,0,596,0,63812,9490,44514526,0.81,86.35
2022-12-17,France,68000000,73898,0,596,0,63812,9490,44514526,0.81,86.35
2022-12-18,France,68000000,73898,0,596,0,63812,9490,44514526,0.81,86.35
2022-12-19,France,68000000,73898,0,596,0,63812,9490,44514526,0.81,86.35
2022-12-20,France,68000000,73898,0,596,0,63812,9490,44514526,0.81,86.35
2022-12-21,France,68000000,73898,0,596,0,63812,9490,44514526,0.81,86.35
2022-12-22,France,68000000,73898,0,596,0,63812,9490,44514526,0.81,86.35
2022-12-23,France,68000000,73898,0,596,0,63812,9490,44514526,0.81,86.35
2022-12-24,France,68000000,73898,0,596,0,63812,9490,44514526,0.81,86.35
2022-12-25,France,68000000,73898,0,596,0,63812,9490,44514526,0.81,86.35
2022-12-26,France,68000000,73898,0,596,0,63812,9490,44514526,0.81,86.35
2022-12-27,France,68000000,73898,0,596,0,63812,9490,44514526,0.81,86.35
2022-12-28,France,68000000,73898,0,596,0,63812,9490,44514526,0.81,86.35
2022-12-29,France,68000000,73898,0,596,0,63812,9490,44514526,0.81,86.35
2022-12-30,France,68000000,73898,0,596,0,63812,9490,44514526,0.81,86.35
2022-12-31,France,68000000,73898,0,596,0,63812,9490,44514526,0.81,86.35
2020-01-01,Italy,60000000,2,2,0,0,1,1,0,0,50
2020-01-02,Italy,60000000,3,1,0,0,1,2,0,0,33.33
2020-01-03,Italy,60000000,5,2,0,0,2,3,0,0,40
2020-01-04,Italy,60000000,6,1,0,0,2,4,0,0,33.33
2020-01-05,Italy,60000000,8,2,0,0,3,5,0,0,37.5
2020-01-06,Italy,60000000,11,3,0,0,5,6,0,0,45.45
2020-01-07,Italy,60000000,13,2,0,0,6,7,0,0,46.15
2020-01-08,Italy,60000000,16,3,0,0,8,8,0,0,50
2020-01-09,Italy,60000000,19,3,0,0,10,9,0,0,52.63
2020-01-10,Italy,60000000,21,2,0,0,11,10,0,0,52.38
2020-01-11,Italy,60000000,24,3,0,0,13,11,0,0,54.17
2020-01-12,Italy,60000000,28,4,0,0,16,12,0,0,57.14
2020-01-13,Italy,60000000,31,3,0,0,18,13,0,0,58.06
2020-01-14,Italy,60000000,33,2,0,0,19,14,0,0,57.58
2020-01-15,Italy,60000000,37,4,0,0,22,15,0,0,59.46
2020-01-16,Italy,60000000,40,3,0,0,24,16,0,0,60
2020-01-17,Italy,60000000,44,4,0,0,27,17,0,0,61.36
2020-01-18,Italy,60000000,49,5,0,0,31,18,0,0,63.27
2020-01-19,Italy,60000000,52,3,0,0,33,19,0,0,63.46
2020-01-20,Italy,60000000,58,6,0,0,38,20,0,0,65.52
2020-01-21,Italy,60000000,61,3,0,0,40,21,0,0,65.57
2020-01-22,Italy,60000000,65,4,0,0,43,22,0,0,66.15
2020-01-23,Italy,60000000,70,5,0,0,47,23,0,0,67.14
2020-01-24,Italy,60000000,76,6,0,0,52,24,0,0,68.42
2020-01-25,Italy,60000000,83,7,0,0,58,25,0,0,69.88
2020-01-26,Italy,60000000,88,5,0,0,62,26,0,0,70.45
2020-01-27,Italy,60000000,93,5,0,0,65,28,0,0,69.89
2020-01-28,Italy,60000000,99,6,0,0,70,29,0,0,70.71
2020-01-29,Italy,60000000,104,5,0,0,74,30,0,0,71.15
2020-01-30,Italy,60000000,111,7,0,0,79,32,0,0,71.17
2020-01-31,Italy,60000000,117,6,0,0,84,33,0,0,71.79
2020-02-01,Italy,60000000,123,6,0,0,88,35,0,0,71.54
2020-02-02,Italy,60000000,128,5,0,0,92,36,0,0,71.88
2020-02-03,Italy,60000000,134,6,0,0,97,37,0,0,72.39
2020-02-04,Italy,60000000,141,7,0,0,103,38,0,0,73.05
2020-02-05,Italy,60000000,147,6,0,0,108,39,0,0,73.47
2020-02-06,Italy,60000000,155,8,0,0,114,41,0,0,73.55
2020-02-07,Italy,60000000,164,9,0,0,121,43,0,0,73.78
2020-02-08,Italy,60000000,170,6,0,0,125,45,0,0,73.53
2020-02-09,Italy,60000000,179,9,0,0,133,46,0,0,74.3
2020-02-10,Italy,60000000,186,7,0,0,139,47,0,0,74.73
2020-02-11,Italy,60000000,195,9,0,0,147,48,0,0,75.38
2020-02-12,Italy,60000000,204,9,0,0,155,49,0,0,75.98
2020-02-13,Italy,60000000,212,8,0,0,161,51,0,0,75.94
2020-02-14,Italy,60000000,220,8,0,0,167,53,0,0,75.91
2020-02-15,Italy,60000000,229,9,0,0,175,54,0,0,76.42
2020-02-16,Italy,60000000,237,8,0,0,181,56,0,0,76.37
2020-02-17,Italy,60000000,248,11,0,0,190,58,0,0,76.61
2020-02-18,Italy,60000000,255,7,0,0,195,60,0,0,76.47
2020-02-19,Italy,60000000,267,12,0,0,206,61,0,0,77.15
2020-02-20,Italy,60000000,278,11,0,0,215,63,0,0,77.34
2020-02-21,Italy,60000000,289,11,0,0,223,66,0,0,77.16
2020-02-22,Italy,60000000,298,9,0,0,231,67,0,0,77.52
2020-02-23,Italy,60000000,309,11,0,0,241,68,0,0,77.99
2020-02-24,Italy,60000000,320,11,0,0,249,71,0,0,77.81
2020-02-25,Italy,60000000,335,15,0,0,262,73,0,0,78.21
2020-02-26,Italy,60000000,347,12,0,0,271,76,0,0,78.1
2020-02-27,Italy,60000000,363,16,0,0,286,77,0,0,78.79
2020-02-28,Italy,60000000,381,18,0,0,302,79,0,0,79.27
2020-02-29,Italy,60000000,394,13,0,0,313,81,0,0,79.44
2020-03-01,Italy,60000000,410,16,0,0,327,83,0,0,79.76
2020-03-02,Italy,60000000,427,17,0,0,342,85,0,0,80.09
2020-03-03,Italy,60000000,441,14,0,0,354,87,0,0,80.27
2020-03-04,Italy,60000000,455,14,0,0,366,89,0,0,80.44
2020-03-05,Italy,60000000,469,14,0,0,377,92,0,0,80.38
2020-03-06,Italy,60000000,484,15,0,0,390,94,0,0,80.58
2020-03-07,Italy,60000000,502,18,0,0,406,96,0,0,80.88
2020-03-08,Italy,60000000,522,20,0,0,423,99,0,0,81.03
2020-03-09,Italy,60000000,540,18,0,0,438,102,0,0,81.11
2020-03-10,Italy,60000000,560,20,0,0,454,106,0,0,81.07
2020-03-11,Italy,60000000,577,17,0,0,468,109,0,0,81.11
2020-03-12,Italy,60000000,592,15,0,0,480,112,0,0,81.08
2020-03-13,Italy,60000000,609,17,0,0,493,116,0,0,80.95
2020-03-14,Italy,60000000,629,20,0,0,511,118,0,0,81.24
2020-03-15,Italy,60000000,648,19,0,0,528,120,0,0,81.48
2020-03-16,Italy,60000000,665,17,0,0,541,124,0,0,81.35
2020-03-17,Italy,60000000,689,24,0,0,561,128,0,0,81.42
2020-03-18,Italy,60000000,711,22,0,0,580,131,0,0,81.58
2020-03-19,Italy,60000000,732,21,0,0,597,135,0,0,81.56
2020-03-20,Italy,60000000,763,31,0,0,625,138,0,0,81.91
2020-03-21,Italy,60000000,786,23,0,0,647,139,0,0,82.32
2020-03-22,Italy,60000000,811,25,0,0,667,144,0,0,82.24
2020-03-23,Italy,60000000,836,25,0,0,690,146,0,0,82.54
2020-03-24,Italy,60000000,862,26,0,0,713,149,0,0,82.71
2020-03-25,Italy,60000000,901,39,0,0,748,153,0,0,83.02
2020-03-26,Italy,60000000,936,35,0,0,779,157,0,0,83.23
2020-03-27,Italy,60000000,962,26,0,0,803,159,0,0,83.47
2020-03-28,Italy,60000000,988,26,0,0,823,165,0,0,83.3
2020-03-29,Italy,60000000,1018,30,0,0,849,169,0,0,83.4
2020-03-30,Italy,60000000,1050,32,0,0,876,174,0,0,83.43
2020-03-31,Italy,60000000,1076,26,0,0,896,180,0,0,83.27
2020-04-01,Italy,60000000,1104,28,0,0,919,185,0,0,83.24
2020-04-02,Italy,60000000,1136,32,0,0,944,192,0,0,83.1
2020-04-03,Italy,60000000,1166,30,0,0,972,194,0,0,83.36
2020-04-04,Italy,60000000,1195,29,0,0,996,199,0,0,83.35
2020-04-05,Italy,60000000,1236,41,0,0,1031,205,0,0,83.41
2020-04-06,Italy,60000000,1278,42,0,0,1066,212,0,0,83.41
2020-04-07,Italy,60000000,1318,40,0,0,1099,219,0,0,83.38
2020-04-08,Italy,60000000,1344,26,0,0,1121,223,0,0,83.41
2020-04-09,Italy,60000000,1372,28,0,0,1145,227,0,0,83.45
2020-04-10,Italy,60000000,1416,44,0,0,1182,234,0,0,83.47
2020-04-11,Italy,60000000,1449,33,0,0,1208,241,0,0,83.37
2020-04-12,Italy,60000000,1483,34,0,0,1238,245,0,0,83.48
2020-04-13,Italy,60000000,1522,39,0,0,1273,249,0,0,83.64
2020-04-14,Italy,60000000,1562,40,0,0,1308,254,0,0,83.74
2020-04-15,Italy,60000000,1617,55,0,0,1356,261,0,0,83.86
2020-04-16,Italy,60000000,1658,41,0,0,1391,267,0,0,83.9
2020-04-17,Italy,60000000,1706,48,0,0,1432,274,0,0,83.94
2020-04-18,Italy,60000000,1751,45,0,0,1470,281,0,0,83.95
2020-04-19,Italy,60000000,1785,34,0,0,1499,286,0,0,83.98
2020-04-20,Italy,60000000,1830,45,0,0,1541,289,0,0,84.21
2020-04-21,Italy,60000000,1870,40,0,0,1576,294,0,0,84.28
2020-04-22,Italy,60000000,1921,51,0,0,1617,304,0,0,84.17
2020-04-23,Italy,60000000,1967,46,0,0,1658,309,0,0,84.29
2020-04-24,Italy,60000000,2020,53,0,0,1708,312,0,0,84.55
2020-04-25,Italy,60000000,2070,50,0,0,1755,315,0,0,84.78
2020-04-26,Italy,60000000,2121,51,0,0,1795,326,0,0,84.63
2020-04-27,Italy,60000000,2178,57,0,0,1840,338,0,0,84.48
2020-04-28,Italy,60000000,2228,50,0,0,1886,342,0,0,84.65
2020-04-29,Italy,60000000,2270,42,0,0,1924,346,0,0,84.76
2020-04-30,Italy,60000000,2309,39,0,0,1956,353,0,0,84.71
2020-05-01,Italy,60000000,2371,62,1,1,2010,360,0,0.04,84.77
2020-05-02,Italy,60000000,2430,59,1,0,2063,366,0,0.04,84.9
2020-05-03,Italy,60000000,2477,47,1,0,2105,371,0,0.04,84.98
2020-05-04,Italy,60000000,2531,54,1,0,2148,382,0,0.04,84.87
2020-05-05,Italy,60000000,2586,55,2,1,2195,389,0,0.08,84.88
2020-05-06,Italy,60000000,2642,56,2,0,2239,401,0,0.08,84.75
2020-05-07,Italy,60000000,2693,51,3,1,2283,407,0,0.11,84.78
2020-05-08,Italy,60000000,2759,66,4,1,2334,421,0,0.14,84.6
2020-05-09,Italy,60000000,2806,47,4,0,2377,425,0,0.14,84.71
2020-05-10,Italy,60000000,2862,56,4,0,2428,430,0,0.14,84.84
2020-05-11,Italy,60000000,2906,44,4,0,2463,439,0,0.14,84.76
2020-05-12,Italy,60000000,2970,64,4,0,2520,446,0,0.13,84.85
2020-05-13,Italy,60000000,3036,66,4,0,2582,450,0,0.13,85.05
2020-05-14,Italy,60000000,3123,87,5,1,2658,460,0,0.16,85.11
2020-05-15,Italy,60000000,3193,70,6,1,2720,467,0,0.19,85.19
2020-05-16,Italy,60000000,3255,62,6,0,2778,471,0,0.18,85.35
2020-05-17,Italy,60000000,3326,71,7,1,2842,477,0,0.21,85.45
2020-05-18,Italy,60000000,3373,47,7,0,2885,481,0,0.21,85.53
2020-05-19,Italy,60000000,3431,58,8,1,2934,489,0,0.23,85.51
2020-05-20,Italy,60000000,3482,51,8,0,2982,492,0,0.23,85.64
2020-05-21,Italy,60000000,3555,73,9,1,3047,499,0,0.25,85.71
2020-05-22,Italy,60000000,3617,62,9,0,3105,503,0,0.25,85.84
2020-05-23,Italy,60000000,3684,67,9,0,3159,516,0,0.24,85.75
2020-05-24,Italy,60000000,3774,90,10,1,3233,531,0,0.26,85.67
2020-05-25,Italy,60000000,3823,49,11,1,3279,533,0,0.29,85.77
2020-05-26,Italy,60000000,3876,53,11,0,3326,539,0,0.28,85.81
2020-05-27,Italy,60000000,3922,46,11,0,3365,546,0,0.28,85.8
2020-05-28,Italy,60000000,3976,54,11,0,3413,552,0,0.28,85.84
2020-05-29,Italy,60000000,4035,59,12,1,3467,556,0,0.3,85.92
2020-05-30,Italy,60000000,4121,86,12,0,3541,568,0,0.29,85.93
2020-05-31,Italy,60000000,4182,61,13,1,3595,574,0,0.31,85.96
2020-06-01,Italy,60000000,4284,102,15,2,3684,585,0,0.35,85.99
2020-06-02,Italy,60000000,4349,65,16,1,3746,587,0,0.37,86.13
2020-06-03,Italy,60000000,4427,78,16,0,3812,599,0,0.36,86.11
2020-06-04,Italy,60000000,4523,96,17,1,3900,606,0,0.38,86.23
2020-06-05,Italy,60000000,4601,78,17,0,3971,613,0,0.37,86.31
2020-06-06,Italy,60000000,4671,70,17,0,4031,623,0,0.36,86.3
2020-06-07,Italy,60000000,4735,64,17,0,4086,632,0,0.36,86.29
2020-06-08,Italy,60000000,4820,85,18,1,4164,638,0,0.37,86.39
2020-06-09,Italy,60000000,4918,98,20,2,4257,641,0,0.41,86.56
2020-06-10,Italy,60000000,5003,85,21,1,4331,651,0,0.42,86.57
2020-06-11,Italy,60000000,5071,68,22,1,4392,657,0,0.43,86.61
2020-06-12,Italy,60000000,5131,60,22,0,4446,663,0,0.43,86.65
2020-06-13,Italy,60000000,5230,99,22,0,4526,682,0,0.42,86.54
2020-06-14,Italy,60000000,5297,67,22,0,4589,686,0,0.42,86.63
2020-06-15,Italy,60000000,5369,72,23,1,4652,694,0,0.43,86.65
2020-06-16,Italy,60000000,5425,56,23,0,4698,704,0,0.42,86.6
2020-06-17,Italy,60000000,5498,73,24,1,4760,714,0,0.44,86.58
2020-06-18,Italy,60000000,5584,86,25,1,4830,729,0,0.45,86.5
2020-06-19,Italy,60000000,5676,92,25,0,4914,737,0,0.44,86.58
2020-06-20,Italy,60000000,5765,89,26,1,4998,741,0,0.45,86.7
2020-06-21,Italy,60000000,5834,69,27,1,5054,753,0,0.46,86.63
2020-06-22,Italy,60000000,5899,65,27,0,5114,758,0,0.46,86.69
2020-06-23,Italy,60000000,5964,65,27,0,5174,763,0,0.45,86.75
2020-06-24,Italy,60000000,6019,55,27,0,5225,767,0,0.45,86.81
2020-06-25,Italy,60000000,6103,84,27,0,5294,782,0,0.44,86.74
2020-06-26,Italy,60000000,6219,116,28,1,5393,798,0,0.45,86.72
2020-06-27,Italy,60000000,6295,76,29,1,5457,809,0,0.46,86.69
2020-06-28,Italy,60000000,6384,89,30,1,5533,821,0,0.47,86.67
2020-06-29,Italy,60000000,6470,86,31,1,5609,830,0,0.48,86.69
2020-06-30,Italy,60000000,6541,71,32,1,5673,836,0,0.49,86.73
2020-07-01,Italy,60000000,6613,72,33,1,5730,850,0,0.5,86.65
2020-07-02,Italy,60000000,6692,79,33,0,5792,867,0,0.49,86.55
2020-07-03,Italy,60000000,6804,112,33,0,5886,885,0,0.49,86.51
2020-07-04,Italy,60000000,6885,81,34,1,5955,896,0,0.49,86.49
2020-07-05,Italy,60000000,6963,78,35,1,6027,901,0,0.5,86.56
2020-07-06,Italy,60000000,7038,75,35,0,6098,905,0,0.5,86.64
2020-07-07,Italy,60000000,7124,86,35,0,6168,921,0,0.49,86.58
2020-07-08,Italy,60000000,7211,87,36,1,6243,932,0,0.5,86.58
2020-07-09,Italy,60000000,7304,93,36,0,6322,946,0,0.49,86.56
2020-07-10,Italy,60000000,7375,71,36,0,6381,958,0,0.49,86.52
2020-07-11,Italy,60000000,7438,63,36,0,6437,965,0,0.48,86.54
2020-07-12,Italy,60000000,7505,67,37,1,6495,973,0,0.49,86.54
2020-07-13,Italy,60000000,7570,65,38,1,6557,975,0,0.5,86.62
2020-07-14,Italy,60000000,7639,69,38,0,6614,987,0,0.5,86.58
2020-07-15,Italy,60000000,7735,96,39,1,6699,997,0,0.5,86.61
2020-07-16,Italy,60000000,7817,82,40,1,6777,1000,0,0.51,86.7
2020-07-17,Italy,60000000,7915,98,41,1,6862,1012,0,0.52,86.7
2020-07-18,Italy,60000000,7980,65,42,1,6917,1021,0,0.53,86.68
2020-07-19,Italy,60000000,8054,74,43,1,6977,1034,0,0.53,86.63
2020-07-20,Italy,60000000,8115,61,44,1,7027,1044,0,0.54,86.59
2020-07-21,Italy,60000000,8175,60,44,0,7077,1054,0,0.54,86.57
2020-07-22,Italy,60000000,8245,70,44,0,7134,1067,0,0.53,86.53
2020-07-23,Italy,60000000,8302,57,44,0,7187,1071,0,0.53,86.57
2020-07-24,Italy,60000000,8393,91,44,0,7273,1076,0,0.52,86.66
2020-07-25,Italy,60000000,8443,50,44,0,7319,1080,0,0.52,86.69
2020-07-26,Italy,60000000,8512,69,44,0,7377,1091,0,0.52,86.67
2020-07-27,Italy,60000000,8595,83,45,1,7445,1105,0,0.52,86.62
2020-07-28,Italy,60000000,8665,70,45,0,7502,1118,0,0.52,86.58
2020-07-29,Italy,60000000,8726,61,46,1,7550,1130,0,0.53,86.52
2020-07-30,Italy,60000000,8788,62,46,0,7605,1137,0,0.52,86.54
2020-07-31,Italy,60000000,8854,66,46,0,7657,1151,0,0.52,86.48
2020-08-01,Italy,60000000,8922,68,47,1,7718,1157,0,0.53,86.51
2020-08-02,Italy,60000000,8990,68,47,0,7778,1165,0,0.52,86.52
2020-08-03,Italy,60000000,9052,62,47,0,7831,1174,0,0.52,86.51
2020-08-04,Italy,60000000,9112,60,48,1,7887,1177,0,0.53,86.56
2020-08-05,Italy,60000000,9176,64,49,1,7937,1190,0,0.53,86.5
2020-08-06,Italy,60000000,9256,80,50,1,8003,1203,0,0.54,86.46
2020-08-07,Italy,60000000,9337,81,51,1,8066,1220,0,0.55,86.39
2020-08-08,Italy,60000000,9389,52,51,0,8114,1224,0,0.54,86.42
2020-08-09,Italy,60000000,9474,85,52,1,8188,1234,0,0.55,86.43
2020-08-10,Italy,60000000,9538,64,52,0,8240,1246,0,0.55,86.39
2020-08-11,Italy,60000000,9594,56,53,1,8285,1256,0,0.55,86.36
2020-08-12,Italy,60000000,9671,77,54,1,8356,1261,0,0.56,86.4
2020-08-13,Italy,60000000,9740,69,54,0,8419,1267,0,0.55,86.44
2020-08-14,Italy,60000000,9810,70,55,1,8483,1272,0,0.56,86.47
2020-08-15,Italy,60000000,9872,62,55,0,8537,1280,0,0.56,86.48
2020-08-16,Italy,60000000,9939,67,55,0,8600,1284,0,0.55,86.53
2020-08-17,Italy,60000000,10006,67,55,0,8659,1292,0,0.55,86.54
2020-08-18,Italy,60000000,10062,56,55,0,8710,1297,0,0.55,86.56
2020-08-19,Italy,60000000,10129,67,55,0,8763,1311,0,0.54,86.51
2020-08-20,Italy,60000000,10198,69,56,1,8818,1324,0,0.55,86.47
2020-08-21,Italy,60000000,10265,67,56,0,8878,1331,0,0.55,86.49
2020-08-22,Italy,60000000,10354,89,57,1,8954,1343,0,0.55,86.48
2020-08-23,Italy,60000000,10423,69,57,0,9019,1347,0,0.55,86.53
2020-08-24,Italy,60000000,10513,90,58,1,9104,1351,0,0.55,86.6
2020-08-25,Italy,60000000,10583,70,59,1,9162,1362,0,0.56,86.57
2020-08-26,Italy,60000000,10659,76,59,0,9233,1367,0,0.55,86.62
2020-08-27,Italy,60000000,10700,41,59,0,9271,1370,0,0.55,86.64
2020-08-28,Italy,60000000,10763,63,60,1,9329,1374,0,0.56,86.68
2020-08-29,Italy,60000000,10825,62,60,0,9378,1387,0,0.55,86.63
2020-08-30,Italy,60000000,10883,58,60,0,9424,1399,0,0.55,86.59
2020-08-31,Italy,60000000,10955,72,60,0,9489,1406,0,0.55,86.62
2020-09-01,Italy,60000000,11003,48,60,0,9528,1415,0,0.55,86.59
2020-09-02,Italy,60000000,11067,64,61,1,9583,1423,0,0.55,86.59
2020-09-03,Italy,60000000,11116,49,61,0,9628,1427,0,0.55,86.61
2020-09-04,Italy,60000000,11189,73,61,0,9697,1431,0,0.55,86.67
2020-09-05,Italy,60000000,11236,47,61,0,9734,1441,0,0.54,86.63
2020-09-06,Italy,60000000,11314,78,62,1,9808,1444,0,0.55,86.69
2020-09-07,Italy,60000000,11377,63,62,0,9864,1451,0,0.54,86.7
2020-09-08,Italy,60000000,11423,46,62,0,9903,1458,0,0.54,86.69
2020-09-09,Italy,60000000,11488,65,62,0,9960,1466,0,0.54,86.7
2020-09-10,Italy,60000000,11564,76,63,1,10019,1482,0,0.54,86.64
2020-09-11,Italy,60000000,11614,50,63,0,10066,1485,0,0.54,86.67
2020-09-12,Italy,60000000,11656,42,63,0,10105,1488,0,0.54,86.69
2020-09-13,Italy,60000000,11706,50,63,0,10148,1495,0,0.54,86.69
2020-09-14,Italy,60000000,11768,62,64,1,10199,1505,0,0.54,86.67
2020-09-15,Italy,60000000,11806,38,64,0,10229,1513,0,0.54,86.64
2020-09-16,Italy,60000000,11853,47,64,0,10273,1516,0,0.54,86.67
2020-09-17,Italy,60000000,11907,54,64,0,10319,1524,0,0.54,86.66
2020-09-18,Italy,60000000,11962,55,64,0,10371,1527,0,0.54,86.7
2020-09-19,Italy,60000000,12022,60,65,1,10427,1530,0,0.54,86.73
2020-09-20,Italy,60000000,12059,37,65,0,10460,1534,0,0.54,86.74
2020-09-21,Italy,60000000,12136,77,65,0,10532,1539,0,0.54,86.78
2020-09-22,Italy,60000000,12180,44,65,0,10566,1549,0,0.53,86.75
2020-09-23,Italy,60000000,12229,49,65,0,10611,1553,0,0.53,86.77
2020-09-24,Italy,60000000,12287,58,66,1,10656,1565,0,0.54,86.73
2020-09-25,Italy,60000000,12341,54,67,1,10702,1572,0,0.54,86.72
2020-09-26,Italy,60000000,12387,46,67,0,10739,1581,0,0.54,86.7
2020-09-27,Italy,60000000,12441,54,67,0,10790,1584,0,0.54,86.73
2020-09-28,Italy,60000000,12481,40,67,0,10821,1593,0,0.54,86.7
2020-09-29,Italy,60000000,12506,25,67,0,10842,1597,0,0.54,86.69
2020-09-30,Italy,60000000,12569,63,67,0,10901,1601,0,0.53,86.73
2020-10-01,Italy,60000000,12609,40,67,0,10936,1606,0,0.53,86.73
2020-10-02,Italy,60000000,12660,51,67,0,10978,1615,0,0.53,86.71
2020-10-03,Italy,60000000,12715,55,67,0,11021,1627,0,0.53,86.68
2020-10-04,Italy,60000000,12753,38,67,0,11056,1630,0,0.53,86.69
2020-10-05,Italy,60000000,12806,53,67,0,11106,1633,0,0.52,86.72
2020-10-06,Italy,60000000,12854,48,67,0,11148,1639,0,0.52,86.73
2020-10-07,Italy,60000000,12898,44,67,0,11187,1644,0,0.52,86.73
2020-10-08,Italy,60000000,12946,48,67,0,11224,1655,0,0.52,86.7
2020-10-09,Italy,60000000,12995,49,67,0,11266,1662,0,0.52,86.69
2020-10-10,Italy,60000000,13038,43,67,0,11303,1668,0,0.51,86.69
2020-10-11,Italy,60000000,13082,44,67,0,11337,1678,0,0.51,86.66
2020-10-12,Italy,60000000,13129,47,67,0,11379,1683,0,0.51,86.67
2020-10-13,Italy,60000000,13179,50,67,0,11420,1692,0,0.51,86.65
2020-10-14,Italy,60000000,13235,56,67,0,11472,1696,0,0.51,86.68
2020-10-15,Italy,60000000,13277,42,67,0,11512,1698,0,0.5,86.71
2020-10-16,Italy,60000000,13320,43,67,0,11547,1706,0,0.5,86.69
2020-10-17,Italy,60000000,13354,34,67,0,11578,1709,0,0.5,86.7
2020-10-18,Italy,60000000,13392,38,67,0,11609,1716,0,0.5,86.69
2020-10-19,Italy,60000000,13441,49,68,1,11652,1721,0,0.51,86.69
2020-10-20,Italy,60000000,13493,52,68,0,11700,1725,0,0.5,86.71
2020-10-21,Italy,60000000,13543,50,68,0,11745,1730,0,0.5,86.72
2020-10-22,Italy,60000000,13590,47,69,1,11784,1737,0,0.51,86.71
2020-10-23,Italy,60000000,13646,56,70,1,11836,1740,0,0.51,86.74
2020-10-24,Italy,60000000,13715,69,71,1,11899,1745,0,0.52,86.76
2020-10-25,Italy,60000000,13755,40,71,0,11935,1749,0,0.52,86.77
2020-10-26,Italy,60000000,13798,43,71,0,11973,1754,0,0.51,86.77
2020-10-27,Italy,60000000,13860,62,71,0,12028,1761,0,0.51,86.78
2020-10-28,Italy,60000000,13905,45,71,0,12070,1764,0,0.51,86.8
2020-10-29,Italy,60000000,13963,58,72,1,12122,1769,0,0.52,86.82
2020-10-30,Italy,60000000,14019,56,72,0,12174,1773,0,0.51,86.84
2020-10-31,Italy,60000000,14065,46,72,0,12217,1776,0,0.51,86.86
2020-11-01,Italy,60000000,14132,67,73,1,12280,1779,0,0.52,86.89
2020-11-02,Italy,60000000,14176,44,73,0,12316,1787,0,0.51,86.88
2020-11-03,Italy,60000000,14213,37,73,0,12347,1793,0,0.51,86.87
2020-11-04,Italy,60000000,14280,67,74,1,12401,1805,0,0.52,86.84
2020-11-05,Italy,60000000,14343,63,74,0,12455,1814,0,0.52,86.84
2020-11-06,Italy,60000000,14394,51,75,1,12497,1822,0,0.52,86.82
2020-11-07,Italy,60000000,14459,65,76,1,12550,1833,0,0.53,86.8
2020-11-08,Italy,60000000,14509,50,76,0,12591,1842,0,0.52,86.78
2020-11-09,Italy,60000000,14579,70,76,0,12655,1848,0,0.52,86.8
2020-11-10,Italy,60000000,14634,55,76,0,12704,1854,0,0.52,86.81
2020-11-11,Italy,60000000,14682,48,76,0,12742,1864,0,0.52,86.79
2020-11-12,Italy,60000000,14743,61,76,0,12796,1871,0,0.52,86.79
2020-11-13,Italy,60000000,14799,56,76,0,12843,1880,0,0.51,86.78
2020-11-14,Italy,60000000,14859,60,76,0,12899,1884,0,0.51,86.81
2020-11-15,Italy,60000000,14917,58,76,0,12948,1893,0,0.51,86.8
2020-11-16,Italy,60000000,14976,59,77,1,13004,1895,0,0.51,86.83
2020-11-17,Italy,60000000,15036,60,77,0,13057,1902,0,0.51,86.84
2020-11-18,Italy,60000000,15078,42,77,0,13095,1906,0,0.51,86.85
2020-11-19,Italy,60000000,15124,46,77,0,13137,1910,0,0.51,86.86
2020-11-20,Italy,60000000,15172,48,77,0,13181,1914,0,0.51,86.88
2020-11-21,Italy,60000000,15256,84,78,1,13259,1919,0,0.51,86.91
2020-11-22,Italy,60000000,15320,64,79,1,13309,1932,0,0.52,86.87
2020-11-23,Italy,60000000,15402,82,79,0,13374,1949,0,0.51,86.83
2020-11-24,Italy,60000000,15447,45,79,0,13413,1955,0,0.51,86.83
2020-11-25,Italy,60000000,15504,57,79,0,13460,1965,0,0.51,86.82
2020-11-26,Italy,60000000,15553,49,79,0,13502,1972,0,0.51,86.81
2020-11-27,Italy,60000000,15602,49,79,0,13545,1978,0,0.51,86.82
2020-11-28,Italy,60000000,15662,60,80,1,13597,1985,0,0.51,86.82
2020-11-29,Italy,60000000,15727,65,81,1,13651,1995,0,0.52,86.8
2020-11-30,Italy,60000000,15776,49,82,1,13693,2001,0,0.52,86.8
2020-12-01,Italy,60000000,15835,59,83,1,13744,2008,0,0.52,86.8
2020-12-02,Italy,60000000,15900,65,83,0,13805,2012,0,0.52,86.82
2020-12-03,Italy,60000000,15949,49,83,0,13849,2017,0,0.52,86.83
2020-12-04,Italy,60000000,16033,84,84,1,13918,2031,0,0.52,86.81
2020-12-05,Italy,60000000,16126,93,85,1,14000,2041,0,0.53,86.82
2020-12-06,Italy,60000000,16193,67,86,1,14061,2046,0,0.53,86.83
2020-12-07,Italy,60000000,16245,52,86,0,14106,2053,0,0.53,86.83
2020-12-08,Italy,60000000,16320,75,86,0,14173,2061,0,0.53,86.84
2020-12-09,Italy,60000000,16385,65,86,0,14227,2072,0,0.52,86.83
2020-12-10,Italy,60000000,16490,105,87,1,14321,2082,0,0.53,86.85
2020-12-11,Italy,60000000,16561,71,87,0,14387,2087,0,0.53,86.87
2020-12-12,Italy,60000000,16630,69,87,0,14450,2093,0,0.52,86.89
2020-12-13,Italy,60000000,16709,79,87,0,14516,2106,0,0.52,86.88
2020-12-14,Italy,60000000,16780,71,88,1,14574,2118,0,0.52,86.85
2020-12-15,Italy,60000000,16841,61,88,0,14629,2124,0,0.52,86.87
2020-12-16,Italy,60000000,16924,83,89,1,14694,2141,0,0.53,86.82
2020-12-17,Italy,60000000,16985,61,89,0,14747,2149,0,0.52,86.82
2020-12-18,Italy,60000000,17066,81,89,0,14813,2164,0,0.52,86.8
2020-12-19,Italy,60000000,17152,86,89,0,14881,2182,0,0.52,86.76
2020-12-20,Italy,60000000,17233,81,90,1,14954,2189,0,0.52,86.78
2020-12-21,Italy,60000000,17310,77,91,1,15025,2194,0,0.53,86.8
2020-12-22,Italy,60000000,17398,88,92,1,15096,2210,0,0.53,86.77
2020-12-23,Italy,60000000,17466,68,92,0,15160,2214,0,0.53,86.8
2020-12-24,Italy,60000000,17536,70,93,1,15219,2224,0,0.53,86.79
2020-12-25,Italy,60000000,17631,95,94,1,15299,2238,0,0.53,86.77
2020-12-26,Italy,60000000,17727,96,95,1,15388,2244,0,0.54,86.81
2020-12-27,Italy,60000000,17793,66,95,0,15449,2249,0,0.53,86.83
2020-12-28,Italy,60000000,17868,75,96,1,15513,2259,0,0.54,86.82
2020-12-29,Italy,60000000,17930,62,96,0,15563,2271,0,0.54,86.8
2020-12-30,Italy,60000000,18041,111,98,2,15665,2278,0,0.54,86.83
2020-12-31,Italy,60000000,18123,82,99,1,15739,2285,0,0.55,86.85
2021-01-01,Italy,60000000,18205,82,100,1,15804,2301,0,0.55,86.81
2021-01-02,Italy,60000000,18302,97,101,1,15892,2309,76716,0.55,86.83
2021-01-03,Italy,60000000,18406,104,102,1,15976,2328,153432,0.55,86.8
2021-01-04,Italy,60000000,18466,60,102,0,16025,2339,230148,0.55,86.78
2021-01-05,Italy,60000000,18569,103,104,2,16106,2359,306865,0.56,86.74
2021-01-06,Italy,60000000,18659,90,104,0,16180,2375,383581,0.56,86.71
2021-01-07,Italy,60000000,18742,83,105,1,16253,2384,460297,0.56,86.72
2021-01-08,Italy,60000000,18828,86,106,1,16328,2394,537013,0.56,86.72
2021-01-09,Italy,60000000,18941,113,108,2,16423,2410,613730,0.57,86.71
2021-01-10,Italy,60000000,19017,76,108,0,16486,2423,690446,0.57,86.69
2021-01-11,Italy,60000000,19107,90,108,0,16563,2436,767162,0.57,86.69
2021-01-12,Italy,60000000,19182,75,108,0,16631,2443,843879,0.56,86.7
2021-01-13,Italy,60000000,19276,94,108,0,16704,2464,920595,0.56,86.66
2021-01-14,Italy,60000000,19362,86,109,1,16781,2472,997311,0.56,86.67
2021-01-15,Italy,60000000,19461,99,110,1,16866,2485,1074027,0.57,86.67
2021-01-16,Italy,60000000,19545,84,111,1,16944,2490,1150744,0.57,86.69
2021-01-17,Italy,60000000,19631,86,111,0,17023,2497,1227460,0.57,86.71
2021-01-18,Italy,60000000,19705,74,112,1,17092,2501,1304176,0.57,86.74
2021-01-19,Italy,60000000,19822,117,114,2,17183,2525,1380893,0.58,86.69
2021-01-20,Italy,60000000,19935,113,115,1,17286,2534,1457609,0.58,86.71
2021-01-21,Italy,60000000,20029,94,115,0,17368,2546,1534325,0.57,86.71
2021-01-22,Italy,60000000,20128,99,116,1,17453,2559,1611041,0.58,86.71
2021-01-23,Italy,60000000,20242,114,117,1,17559,2566,1687758,0.58,86.75
2021-01-24,Italy,60000000,20338,96,118,1,17642,2578,1764474,0.58,86.74
2021-01-25,Italy,60000000,20471,133,120,2,17753,2598,1841190,0.59,86.72
2021-01-26,Italy,60000000,20566,95,120,0,17831,2615,1917906,0.58,86.7
2021-01-27,Italy,60000000,20660,94,120,0,17915,2625,1994623,0.58,86.71
2021-01-28,Italy,60000000,20749,89,121,1,17995,2633,2071339,0.58,86.73
2021-01-29,Italy,60000000,20841,92,122,1,18080,2639,2148055,0.59,86.75
2021-01-30,Italy,60000000,20978,137,124,2,18198,2656,2224772,0.59,86.75
2021-01-31,Italy,60000000,21083,105,125,1,18297,2661,2301488,0.59,86.79
2021-02-01,Italy,60000000,21217,134,126,1,18413,2678,2378204,0.59,86.78
2021-02-02,Italy,60000000,21304,87,127,1,18487,2690,2454920,0.6,86.78
2021-02-03,Italy,60000000,21390,86,127,0,18555,2708,2531637,0.59,86.75
2021-02-04,Italy,60000000,21457,67,128,1,18612,2717,2608353,0.6,86.74
2021-02-05,Italy,60000000,21532,75,128,0,18677,2727,2685069,0.59,86.74
2021-02-06,Italy,60000000,21655,123,130,2,18776,2749,2761786,0.6,86.71
2021-02-07,Italy,60000000,21799,144,133,3,18904,2762,2838502,0.61,86.72
2021-02-08,Italy,60000000,21898,99,134,1,18995,2769,2915218,0.61,86.74
2021-02-09,Italy,60000000,22018,120,135,1,19096,2787,2991934,0.61,86.73
2021-02-10,Italy,60000000,22113,95,136,1,19170,2807,3068651,0.62,86.69
2021-02-11,Italy,60000000,22227,114,137,1,19272,2818,3145367,0.62,86.71
2021-02-12,Italy,60000000,22342,115,139,2,19380,2823,3222083,0.62,86.74
2021-02-13,Italy,60000000,22471,129,140,1,19500,2831,3298799,0.62,86.78
2021-02-14,Italy,60000000,22573,102,141,1,19592,2840,3375516,0.62,86.79
2021-02-15,Italy,60000000,22660,87,141,0,19664,2855,3452232,0.62,86.78
2021-02-16,Italy,60000000,22742,82,142,1,19737,2863,3528948,0.62,86.79
2021-02-17,Italy,60000000,22880,138,143,1,19848,2889,3605665,0.62,86.75
2021-02-18,Italy,60000000,22976,96,143,0,19928,2905,3682381,0.62,86.73
2021-02-19,Italy,60000000,23139,163,144,1,20058,2937,3759097,0.62,86.68
2021-02-20,Italy,60000000,23286,147,146,2,20194,2946,3835813,0.63,86.72
2021-02-21,Italy,60000000,23403,117,146,0,20294,2963,3912530,0.62,86.72
2021-02-22,Italy,60000000,23552,149,148,2,20429,2975,3989246,0.63,86.74
2021-02-23,Italy,60000000,23686,134,150,2,20535,3001,4065962,0.63,86.7
2021-02-24,Italy,60000000,23823,137,152,2,20658,3013,4142679,0.64,86.71
2021-02-25,Italy,60000000,23956,133,154,2,20774,3028,4219395,0.64,86.72
2021-02-26,Italy,60000000,24080,124,154,0,20886,3040,4296111,0.64,86.74
2021-02-27,Italy,60000000,24223,143,156,2,21017,3050,4372827,0.64,86.76
2021-02-28,Italy,60000000,24343,120,157,1,21127,3059,4449544,0.64,86.79
2021-03-01,Italy,60000000,24440,97,157,0,21214,3069,4526260,0.64,86.8
2021-03-02,Italy,60000000,24537,97,158,1,21305,3074,4602976,0.64,86.83
2021-03-03,Italy,60000000,24657,120,160,2,21403,3094,4679692,0.65,86.8
2021-03-04,Italy,60000000,24760,103,162,2,21497,3101,4756409,0.65,86.82
2021-03-05,Italy,60000000,24899,139,162,0,21615,3122,4833125,0.65,86.81
2021-03-06,Italy,60000000,25038,139,163,1,21740,3135,4909841,0.65,86.83
2021-03-07,Italy,60000000,25139,101,164,1,21836,3139,4986558,0.65,86.86
2021-03-08,Italy,60000000,25251,112,165,1,21940,3146,5063274,0.65,86.89
2021-03-09,Italy,60000000,25380,129,167,2,22042,3171,5139990,0.66,86.85
2021-03-10,Italy,60000000,25474,94,168,1,22118,3188,5216706,0.66,86.83
2021-03-11,Italy,60000000,25566,92,169,1,22200,3197,5293423,0.66,86.83
2021-03-12,Italy,60000000,25733,167,170,1,22356,3207,5370139,0.66,86.88
2021-03-13,Italy,60000000,25846,113,172,2,22456,3218,5446855,0.67,86.88
2021-03-14,Italy,60000000,25954,108,173,1,22546,3235,5523572,0.67,86.87
2021-03-15,Italy,60000000,26073,119,174,1,22645,3254,5600288,0.67,86.85
2021-03-16,Italy,60000000,26162,89,175,1,22724,3263,5677004,0.67,86.86
2021-03-17,Italy,60000000,26309,147,176,1,22847,3286,5753720,0.67,86.84
2021-03-18,Italy,60000000,26416,107,177,1,22942,3297,5830437,0.67,86.85
2021-03-19,Italy,60000000,26554,138,178,1,23056,3320,5907153,0.67,86.83
2021-03-20,Italy,60000000,26641,87,178,0,23124,3339,5983869,0.67,86.8
2021-03-21,Italy,60000000,26752,111,179,1,23216,3357,6060586,0.67,86.78
2021-03-22,Italy,60000000,26868,116,181,2,23307,3380,6137302,0.67,86.75
2021-03-23,Italy,60000000,26992,124,181,0,23421,3390,6214018,0.67,86.77
2021-03-24,Italy,60000000,27083,91,182,1,23500,3401,6290734,0.67,86.77
2021-03-25,Italy,60000000,27206,123,184,2,23597,3425,6367451,0.68,86.73
2021-03-26,Italy,60000000,27356,150,187,3,23735,3434,6444167,0.68,86.76
2021-03-27,Italy,60000000,27484,128,188,1,23851,3445,6520883,0.68,86.78
2021-03-28,Italy,60000000,27614,130,190,2,23973,3451,6597599,0.69,86.81
2021-03-29,Italy,60000000,27746,132,190,0,24078,3478,6674316,0.68,86.78
2021-03-30,Italy,60000000,27846,100,190,0,24163,3493,6751032,0.68,86.77
2021-03-31,Italy,60000000,27975,129,192,2,24266,3517,6827748,0.69,86.74
2021-04-01,Italy,60000000,28081,106,192,0,24364,3525,6904465,0.68,86.76
2021-04-02,Italy,60000000,28178,97,193,1,24452,3533,6981181,0.68,86.78
2021-04-03,Italy,60000000,28292,114,194,1,24546,3552,7057897,0.69,86.76
2021-04-04,Italy,60000000,28375,83,195,1,24621,3559,7134613,0.69,86.77
2021-04-05,Italy,60000000,28480,105,197,2,24711,3572,7211330,0.69,86.77
2021-04-06,Italy,60000000,28580,100,199,2,24806,3575,7288046,0.7,86.79
2021-04-07,Italy,60000000,28659,79,200,1,24869,3590,7364762,0.7,86.78
2021-04-08,Italy,60000000,28774,115,201,1,24974,3599,7441479,0.7,86.79
2021-04-09,Italy,60000000,28860,86,202,1,25052,3606,7518195,0.7,86.81
2021-04-10,Italy,60000000,28964,104,202,0,25138,3624,7594911,0.7,86.79
2021-04-11,Italy,60000000,29063,99,203,1,25227,3633,7671627,0.7,86.8
2021-04-12,Italy,60000000,29149,86,204,1,25294,3651,7748344,0.7,86.77
2021-04-13,Italy,60000000,29250,101,205,1,25375,3670,7825060,0.7,86.75
2021-04-14,Italy,60000000,29349,99,206,1,25453,3690,7901776,0.7,86.73
2021-04-15,Italy,60000000,29473,124,207,1,25551,3715,7978492,0.7,86.69
2021-04-16,Italy,60000000,29595,122,209,2,25667,3719,8055209,0.71,86.73
2021-04-17,Italy,60000000,29715,120,211,2,25772,3732,8131925,0.71,86.73
2021-04-18,Italy,60000000,29805,90,212,1,25849,3744,8208641,0.71,86.73
2021-04-19,Italy,60000000,29872,67,213,1,25910,3749,8285358,0.71,86.74
2021-04-20,Italy,60000000,29984,112,214,1,26009,3761,8362074,0.71,86.74
2021-04-21,Italy,60000000,30075,91,215,1,26094,3766,8438790,0.71,86.76
2021-04-22,Italy,60000000,30188,113,216,1,26186,3786,8515506,0.72,86.74
2021-04-23,Italy,60000000,30294,106,217,1,26275,3802,8592223,0.72,86.73
2021-04-24,Italy,60000000,30380,86,218,1,26343,3819,8668939,0.72,86.71
2021-04-25,Italy,60000000,30487,107,218,0,26443,3826,8745655,0.72,86.74
2021-04-26,Italy,60000000,30571,84,218,0,26518,3835,8822372,0.71,86.74
2021-04-27,Italy,60000000,30650,79,219,1,26586,3845,8899088,0.71,86.74
2021-04-28,Italy,60000000,30726,76,220,1,26652,3854,8975804,0.72,86.74
2021-04-29,Italy,60000000,30859,133,222,2,26770,3867,9052520,0.72,86.75
2021-04-30,Italy,60000000,30971,112,224,2,26876,3871,9129237,0.72,86.78
2021-05-01,Italy,60000000,31096,125,224,0,26981,3891,9205953,0.72,86.77
2021-05-02,Italy,60000000,31168,72,224,0,27047,3897,9282669,0.72,86.78
2021-05-03,Italy,60000000,31306,138,224,0,27166,3916,9359385,0.72,86.78
2021-05-04,Italy,60000000,31408,102,226,2,27249,3933,9436102,0.72,86.76
2021-05-05,Italy,60000000,31506,98,227,1,27333,3946,9512818,0.72,86.75
2021-05-06,Italy,60000000,31597,91,228,1,27414,3955,9589534,0.72,86.76
2021-05-07,Italy,60000000,31712,115,228,0,27511,3973,9666251,0.72,86.75
2021-05-08,Italy,60000000,31796,84,229,1,27589,3978,9742967,0.72,86.77
2021-05-09,Italy,60000000,31906,110,230,1,27677,3999,9819683,0.72,86.75
2021-05-10,Italy,60000000,32020,114,231,1,27783,4006,9896399,0.72,86.77
2021-05-11,Italy,60000000,32118,98,232,1,27871,4015,9973116,0.72,86.78
2021-05-12,Italy,60000000,32201,83,233,1,27947,4021,10049832,0.72,86.79
2021-05-13,Italy,60000000,32280,79,233,0,28008,4039,10126548,0.72,86.77
2021-05-14,Italy,60000000,32367,87,234,1,28077,4056,10203265,0.72,86.75
2021-05-15,Italy,60000000,32482,115,236,2,28184,4062,10279981,0.73,86.77
2021-05-16,Italy,60000000,32554,72,236,0,28241,4077,10356697,0.72,86.75
2021-05-17,Italy,60000000,32628,74,237,1,28303,4088,10433413,0.73,86.74
2021-05-18,Italy,60000000,32725,97,238,1,28383,4104,10510130,0.73,86.73
2021-05-19,Italy,60000000,32820,95,239,1,28471,4110,10586846,0.73,86.75
2021-05-20,Italy,60000000,32879,59,239,0,28519,4121,10663562,0.73,86.74
2021-05-21,Italy,60000000,32977,98,240,1,28609,4128,10740279,0.73,86.75
2021-05-22,Italy,60000000,33068,91,241,1,28688,4139,10816995,0.73,86.75
2021-05-23,Italy,60000000,33193,125,243,2,28796,4154,10893711,0.73,86.75
2021-05-24,Italy,60000000,33274,81,244,1,28864,4166,10970427,0.73,86.75
2021-05-25,Italy,60000000,33382,108,245,1,28963,4174,11047144,0.73,86.76
2021-05-26,Italy,60000000,33462,80,246,1,29034,4182,11123860,0.74,86.77
2021-05-27,Italy,60000000,33575,113,247,1,29137,4191,11200576,0.74,86.78
2021-05-28,Italy,60000000,33674,99,248,1,29229,4197,11277292,0.74,86.8
2021-05-29,Italy,60000000,33783,109,249,1,29328,4206,11354009,0.74,86.81
2021-05-30,Italy,60000000,33854,71,249,0,29391,4214,11430725,0.74,86.82
2021-05-31,Italy,60000000,33925,71,249,0,29447,4229,11507441,0.73,86.8
2021-06-01,Italy,60000000,34008,83,250,1,29524,4234,11584158,0.74,86.81
2021-06-02,Italy,60000000,34126,118,251,1,29621,4254,11660874,0.74,86.8
2021-06-03,Italy,60000000,34208,82,251,0,29690,4267,11737590,0.73,86.79
2021-06-04,Italy,60000000,34285,77,252,1,29758,4275,11814306,0.74,86.8
2021-06-05,Italy,60000000,34354,69,252,0,29819,4283,11891023,0.73,86.8
2021-06-06,Italy,60000000,34452,98,253,1,29908,4291,11967739,0.73,86.81
2021-06-07,Italy,60000000,34536,84,254,1,29976,4306,12044455,0.74,86.8
2021-06-08,Italy,60000000,34620,84,255,1,30043,4322,12121172,0.74,86.78
2021-06-09,Italy,60000000,34719,99,256,1,30130,4333,12197888,0.74,86.78
2021-06-10,Italy,60000000,34803,84,257,1,30205,4341,12274604,0.74,86.79
2021-06-11,Italy,60000000,34861,58,257,0,30250,4354,12351320,0.74,86.77
2021-06-12,Italy,60000000,34931,70,257,0,30305,4369,12428037,0.74,86.76
2021-06-13,Italy,60000000,35047,116,258,1,30400,4389,12504753,0.74,86.74
2021-06-14,Italy,60000000,35128,81,258,0,30465,4405,12581469,0.73,86.73
2021-06-15,Italy,60000000,35221,93,258,0,30547,4416,12658185,0.73,86.73
2021-06-16,Italy,60000000,35303,82,258,0,30622,4423,12734902,0.73,86.74
2021-06-17,Italy,60000000,35366,63,258,0,30676,4432,12811618,0.73,86.74
2021-06-18,Italy,60000000,35440,74,259,1,30742,4439,12888334,0.73,86.74
2021-06-19,Italy,60000000,35549,109,260,1,30836,4453,12965051,0.73,86.74
2021-06-20,Italy,60000000,35630,81,261,1,30901,4468,13041767,0.73,86.73
2021-06-21,Italy,60000000,35713,83,262,1,30979,4472,13118483,0.73,86.74
2021-06-22,Italy,60000000,35782,69,263,1,31035,4484,13195199,0.74,86.73
2021-06-23,Italy,60000000,35860,78,263,0,31097,4500,13271916,0.73,86.72
2021-06-24,Italy,60000000,35938,78,263,0,31168,4507,13348632,0.73,86.73
2021-06-25,Italy,60000000,36004,66,263,0,31222,4519,13425348,0.73,86.72
2021-06-26,Italy,60000000,36086,82,264,1,31293,4529,13502065,0.73,86.72
2021-06-27,Italy,60000000,36147,61,264,0,31346,4537,13578781,0.73,86.72
2021-06-28,Italy,60000000,36220,73,264,0,31405,4551,13655497,0.73,86.71
2021-06-29,Italy,60000000,36302,82,265,1,31477,4560,13732213,0.73,86.71
2021-06-30,Italy,60000000,36360,58,265,0,31532,4563,13808930,0.73,86.72
2021-07-01,Italy,60000000,36441,81,265,0,31608,4568,13885646,0.73,86.74
2021-07-02,Italy,60000000,36506,65,265,0,31669,4572,13962362,0.73,86.75
2021-07-03,Italy,60000000,36586,80,266,1,31743,4577,14039078,0.73,86.76
2021-07-04,Italy,60000000,36670,84,267,1,31822,4581,14115795,0.73,86.78
2021-07-05,Italy,60000000,36728,58,267,0,31873,4588,14192511,0.73,86.78
2021-07-06,Italy,60000000,36798,70,267,0,31931,4600,14269227,0.73,86.77
2021-07-07,Italy,60000000,36871,73,268,1,31996,4607,14345944,0.73,86.78
2021-07-08,Italy,60000000,36950,79,268,0,32064,4618,14422660,0.73,86.78
2021-07-09,Italy,60000000,37026,76,269,1,32124,4633,14499376,0.73,86.76
2021-07-10,Italy,60000000,37095,69,269,0,32179,4647,14576092,0.73,86.75
2021-07-11,Italy,60000000,37175,80,270,1,32251,4654,14652809,0.73,86.75
2021-07-12,Italy,60000000,37261,86,270,0,32327,4664,14729525,0.72,86.76
2021-07-13,Italy,60000000,37369,108,271,1,32414,4684,14806241,0.73,86.74
2021-07-14,Italy,60000000,37435,66,271,0,32475,4689,14882958,0.72,86.75
2021-07-15,Italy,60000000,37516,81,272,1,32547,4697,14959674,0.73,86.75
2021-07-16,Italy,60000000,37570,54,272,0,32596,4702,15036390,0.72,86.76
2021-07-17,Italy,60000000,37628,58,272,0,32651,4705,15113106,0.72,86.77
2021-07-18,Italy,60000000,37702,74,273,1,32715,4714,15189823,0.72,86.77
2021-07-19,Italy,60000000,37785,83,274,1,32780,4731,15266539,0.73,86.75
2021-07-20,Italy,60000000,37873,88,275,1,32861,4737,15343255,0.73,86.77
2021-07-21,Italy,60000000,37950,77,275,0,32926,4749,15419971,0.72,86.76
2021-07-22,Italy,60000000,38016,66,276,1,32981,4759,15496688,0.73,86.76
2021-07-23,Italy,60000000,38078,62,276,0,33034,4768,15573404,0.72,86.75
2021-07-24,Italy,60000000,38146,68,277,1,33087,4782,15650120,0.73,86.74
2021-07-25,Italy,60000000,38217,71,277,0,33152,4788,15726837,0.72,86.75
2021-07-26,Italy,60000000,38274,57,277,0,33196,4801,15803553,0.72,86.73
2021-07-27,Italy,60000000,38355,81,278,1,33259,4818,15880269,0.72,86.71
2021-07-28,Italy,60000000,38420,65,278,0,33310,4832,15956985,0.72,86.7
2021-07-29,Italy,60000000,38502,82,279,1,33382,4841,16033702,0.72,86.7
2021-07-30,Italy,60000000,38589,87,280,1,33464,4845,16110418,0.73,86.72
2021-07-31,Italy,60000000,38666,77,280,0,33525,4861,16187134,0.72,86.7
2021-08-01,Italy,60000000,38741,75,280,0,33593,4868,16263851,0.72,86.71
2021-08-02,Italy,60000000,38821,80,280,0,33665,4876,16340567,0.72,86.72
2021-08-03,Italy,60000000,38903,82,280,0,33734,4889,16417283,0.72,86.71
2021-08-04,Italy,60000000,38986,83,281,1,33806,4899,16493999,0.72,86.71
2021-08-05,Italy,60000000,39059,73,282,1,33869,4908,16570716,0.72,86.71
2021-08-06,Italy,60000000,39119,60,283,1,33921,4915,16647432,0.72,86.71
2021-08-07,Italy,60000000,39205,86,284,1,33993,4928,16724148,0.72,86.71
2021-08-08,Italy,60000000,39267,62,285,1,34042,4940,16800865,0.73,86.69
2021-08-09,Italy,60000000,39353,86,286,1,34117,4950,16877581,0.73,86.69
2021-08-10,Italy,60000000,39426,73,287,1,34185,4954,16954297,0.73,86.71
2021-08-11,Italy,60000000,39502,76,288,1,34249,4965,17031013,0.73,86.7
2021-08-12,Italy,60000000,39587,85,288,0,34321,4978,17107730,0.73,86.7
2021-08-13,Italy,60000000,39672,85,289,1,34388,4995,17184446,0.73,86.68
2021-08-14,Italy,60000000,39757,85,290,1,34455,5012,17261162,0.73,86.66
2021-08-15,Italy,60000000,39835,78,291,1,34526,5018,17337878,0.73,86.67
2021-08-16,Italy,60000000,39912,77,291,0,34591,5030,17414595,0.73,86.67
2021-08-17,Italy,60000000,39979,67,291,0,34644,5044,17491311,0.73,86.66
2021-08-18,Italy,60000000,40062,83,292,1,34723,5047,17568027,0.73,86.67
2021-08-19,Italy,60000000,40142,80,293,1,34792,5057,17644744,0.73,86.67
2021-08-20,Italy,60000000,40222,80,294,1,34866,5062,17721460,0.73,86.68
2021-08-21,Italy,60000000,40319,97,295,1,34945,5079,17798176,0.73,86.67
2021-08-22,Italy,60000000,40384,65,296,1,35005,5083,17874892,0.73,86.68
2021-08-23,Italy,60000000,40455,71,296,0,35069,5090,17951609,0.73,86.69
2021-08-24,Italy,60000000,40526,71,296,0,35135,5095,18028325,0.73,86.7
2021-08-25,Italy,60000000,40601,75,297,1,35205,5099,18105041,0.73,86.71
2021-08-26,Italy,60000000,40660,59,297,0,35254,5109,18181758,0.73,86.7
2021-08-27,Italy,60000000,40734,74,297,0,35317,5120,18258474,0.73,86.7
2021-08-28,Italy,60000000,40826,92,298,1,35389,5139,18335190,0.73,86.68
2021-08-29,Italy,60000000,40935,109,300,2,35479,5156,18411906,0.73,86.67
2021-08-30,Italy,60000000,41042,107,301,1,35570,5171,18488623,0.73,86.67
2021-08-31,Italy,60000000,41144,102,302,1,35663,5179,18565339,0.73,86.68
2021-09-01,Italy,60000000,41214,70,303,1,35729,5182,18642055,0.74,86.69
2021-09-02,Italy,60000000,41299,85,303,0,35806,5190,18718771,0.73,86.7
2021-09-03,Italy,60000000,41380,81,304,1,35881,5195,18795488,0.73,86.71
2021-09-04,Italy,60000000,41487,107,306,2,35978,5203,18872204,0.74,86.72
2021-09-05,Italy,60000000,41567,80,307,1,36041,5219,18948920,0.74,86.71
2021-09-06,Italy,60000000,41658,91,308,1,36112,5238,19025637,0.74,86.69
2021-09-07,Italy,60000000,41772,114,309,1,36211,5252,19102353,0.74,86.69
2021-09-08,Italy,60000000,41847,75,310,1,36277,5260,19179069,0.74,86.69
2021-09-09,Italy,60000000,41923,76,310,0,36344,5269,19255785,0.74,86.69
2021-09-10,Italy,60000000,42005,82,311,1,36421,5273,19332502,0.74,86.71
2021-09-11,Italy,60000000,42104,99,311,0,36499,5294,19409218,0.74,86.69
2021-09-12,Italy,60000000,42236,132,312,1,36609,5315,19485934,0.74,86.68
2021-09-13,Italy,60000000,42310,74,313,1,36666,5331,19562651,0.74,86.66
2021-09-14,Italy,60000000,42384,74,314,1,36723,5347,19639367,0.74,86.64
2021-09-15,Italy,60000000,42458,74,315,1,36792,5351,19716083,0.74,86.66
2021-09-16,Italy,60000000,42527,69,316,1,36856,5355,19792799,0.74,86.66
2021-09-17,Italy,60000000,42637,110,317,1,36953,5367,19869516,0.74,86.67
2021-09-18,Italy,60000000,42743,106,318,1,37042,5383,19946232,0.74,86.66
2021-09-19,Italy,60000000,42826,83,318,0,37109,5399,20022948,0.74,86.65
2021-09-20,Italy,60000000,42915,89,318,0,37184,5413,20099664,0.74,86.65
2021-09-21,Italy,60000000,43043,128,319,1,37306,5418,20176381,0.74,86.67
2021-09-22,Italy,60000000,43125,82,320,1,37375,5430,20253097,0.74,86.67
2021-09-23,Italy,60000000,43230,105,321,1,37475,5434,20329813,0.74,86.69
2021-09-24,Italy,60000000,43347,117,322,1,37571,5454,20406530,0.74,86.67
2021-09-25,Italy,60000000,43421,74,323,1,37641,5457,20483246,0.74,86.69
2021-09-26,Italy,60000000,43521,100,325,2,37723,5473,20559962,0.75,86.68
2021-09-27,Italy,60000000,43608,87,326,1,37800,5482,20636678,0.75,86.68
2021-09-28,Italy,60000000,43683,75,327,1,37868,5488,20713395,0.75,86.69
2021-09-29,Italy,60000000,43773,90,328,1,37948,5497,20790111,0.75,86.69
2021-09-30,Italy,60000000,43862,89,329,1,38031,5502,20866827,0.75,86.71
2021-10-01,Italy,60000000,43939,77,329,0,38098,5512,20943544,0.75,86.71
2021-10-02,Italy,60000000,44014,75,329,0,38163,5522,21020260,0.75,86.71
2021-10-03,Italy,60000000,44128,114,330,1,38252,5546,21096976,0.75,86.68
2021-10-04,Italy,60000000,44218,90,331,1,38330,5557,21173692,0.75,86.68
2021-10-05,Italy,60000000,44308,90,331,0,38404,5573,21250409,0.75,86.68
2021-10-06,Italy,60000000,44410,102,332,1,38496,5582,21327125,0.75,86.68
2021-10-07,Italy,60000000,44501,91,333,1,38567,5601,21403841,0.75,86.67
2021-10-08,Italy,60000000,44617,116,333,0,38667,5617,21480558,0.75,86.66
2021-10-09,Italy,60000000,44736,119,335,2,38764,5637,21557274,0.75,86.65
2021-10-10,Italy,60000000,44799,63,336,1,38822,5641,21633990,0.75,86.66
2021-10-11,Italy,60000000,44862,63,337,1,38875,5650,21710706,0.75,86.65
2021-10-12,Italy,60000000,44952,90,338,1,38956,5658,21787423,0.75,86.66
2021-10-13,Italy,60000000,45036,84,339,1,39028,5669,21864139,0.75,86.66
2021-10-14,Italy,60000000,45141,105,339,0,39118,5684,21940855,0.75,86.66
2021-10-15,Italy,60000000,45280,139,341,2,39250,5689,22017571,0.75,86.68
2021-10-16,Italy,60000000,45376,96,342,1,39329,5705,22094288,0.75,86.67
2021-10-17,Italy,60000000,45470,94,342,0,39404,5724,22171004,0.75,86.66
2021-10-18,Italy,60000000,45558,88,343,1,39488,5727,22247720,0.75,86.68
2021-10-19,Italy,60000000,45652,94,344,1,39574,5734,22324437,0.75,86.69
2021-10-20,Italy,60000000,45746,94,344,0,39662,5740,22401153,0.75,86.7
2021-10-21,Italy,60000000,45825,79,344,0,39730,5751,22477869,0.75,86.7
2021-10-22,Italy,60000000,45928,103,345,1,39814,5769,22554585,0.75,86.69
2021-10-23,Italy,60000000,46081,153,346,1,39955,5780,22631302,0.75,86.71
2021-10-24,Italy,60000000,46143,62,346,0,40011,5786,22708018,0.75,86.71
2021-10-25,Italy,60000000,46252,109,348,2,40108,5796,22784734,0.75,86.72
2021-10-26,Italy,60000000,46350,98,348,0,40184,5818,22861451,0.75,86.7
2021-10-27,Italy,60000000,46469,119,349,1,40287,5833,22938167,0.75,86.7
2021-10-28,Italy,60000000,46579,110,351,2,40382,5846,23014883,0.75,86.7
2021-10-29,Italy,60000000,46696,117,352,1,40479,5865,23091599,0.75,86.69
2021-10-30,Italy,60000000,46814,118,352,0,40591,5871,23168316,0.75,86.71
2021-10-31,Italy,60000000,46910,96,354,2,40676,5880,23245032,0.75,86.71
2021-11-01,Italy,60000000,46990,80,354,0,40739,5897,23321748,0.75,86.7
2021-11-02,Italy,60000000,47077,87,355,1,40807,5915,23398464,0.75,86.68
2021-11-03,Italy,60000000,47161,84,355,0,40880,5926,23475181,0.75,86.68
2021-11-04,Italy,60000000,47288,127,357,2,40994,5937,23551897,0.75,86.69
2021-11-05,Italy,60000000,47418,130,359,2,41116,5943,23628613,0.76,86.71
2021-11-06,Italy,60000000,47516,98,359,0,41207,5950,23705330,0.76,86.72
2021-11-07,Italy,60000000,47621,105,360,1,41306,5955,23782046,0.76,86.74
2021-11-08,Italy,60000000,47717,96,362,2,41383,5972,23858762,0.76,86.73
2021-11-09,Italy,60000000,47811,94,364,2,41464,5983,23935478,0.76,86.72
2021-11-10,Italy,60000000,47887,76,365,1,41532,5990,24012195,0.76,86.73
2021-11-11,Italy,60000000,47974,87,365,0,41609,6000,24088911,0.76,86.73
2021-11-12,Italy,60000000,48057,83,365,0,41677,6015,24165627,0.76,86.72
2021-11-13,Italy,60000000,48151,94,366,1,41757,6028,24242344,0.76,86.72
2021-11-14,Italy,60000000,48265,114,366,0,41853,6046,24319060,0.76,86.72
2021-11-15,Italy,60000000,48382,117,367,1,41952,6063,24395776,0.76,86.71
2021-11-16,Italy,60000000,48478,96,368,1,42039,6071,24472492,0.76,86.72
2021-11-17,Italy,60000000,48571,93,369,1,42120,6082,24549209,0.76,86.72
2021-11-18,Italy,60000000,48698,127,370,1,42225,6103,24625925,0.76,86.71
2021-11-19,Italy,60000000,48789,91,370,0,42297,6122,24702641,0.76,86.69
2021-11-20,Italy,60000000,48882,93,371,1,42385,6126,24779357,0.76,86.71
2021-11-21,Italy,60000000,49006,124,372,1,42501,6133,24856074,0.76,86.73
2021-11-22,Italy,60000000,49112,106,373,1,42584,6155,24932790,0.76,86.71
2021-11-23,Italy,60000000,49205,93,373,0,42661,6171,25009506,0.76,86.7
2021-11-24,Italy,60000000,49292,87,373,0,42732,6187,25086223,0.76,86.69
2021-11-25,Italy,60000000,49379,87,374,1,42813,6192,25162939,0.76,86.7
2021-11-26,Italy,60000000,49466,87,375,1,42894,6197,25239655,0.76,86.71
2021-11-27,Italy,60000000,49549,83,375,0,42967,6207,25316371,0.76,86.72
2021-11-28,Italy,60000000,49640,91,376,1,43049,6215,25393088,0.76,86.72
2021-11-29,Italy,60000000,49756,116,377,1,43148,6231,25469804,0.76,86.72
2021-11-30,Italy,60000000,49840,84,378,1,43223,6239,25546520,0.76,86.72
2021-12-01,Italy,60000000,49953,113,379,1,43315,6259,25623237,0.76,86.71
2021-12-02,Italy,60000000,50045,92,380,1,43397,6268,25699953,0.76,86.72
2021-12-03,Italy,60000000,50126,81,381,1,43462,6283,25776669,0.76,86.71
2021-12-04,Italy,60000000,50223,97,382,1,43544,6297,25853385,0.76,86.7
2021-12-05,Italy,60000000,50309,86,383,1,43616,6310,25930102,0.76,86.7
2021-12-06,Italy,60000000,50421,112,384,1,43718,6319,26006818,0.76,86.71
2021-12-07,Italy,60000000,50498,77,384,0,43782,6332,26083534,0.76,86.7
2021-12-08,Italy,60000000,50617,119,385,1,43881,6351,26160251,0.76,86.69
2021-12-09,Italy,60000000,50728,111,385,0,43973,6370,26236967,0.76,86.68
2021-12-10,Italy,60000000,50862,134,386,1,44086,6390,26313683,0.76,86.68
2021-12-11,Italy,60000000,50991,129,388,2,44191,6412,26390399,0.76,86.66
2021-12-12,Italy,60000000,51174,183,391,3,44345,6438,26467116,0.76,86.66
2021-12-13,Italy,60000000,51295,121,393,2,44447,6455,26543832,0.77,86.65
2021-12-14,Italy,60000000,51376,81,394,1,44523,6459,26620548,0.77,86.66
2021-12-15,Italy,60000000,51485,109,395,1,44622,6468,26697264,0.77,86.67
2021-12-16,Italy,60000000,51596,111,397,2,44717,6482,26773981,0.77,86.67
2021-12-17,Italy,60000000,51694,98,397,0,44798,6499,26850697,0.77,86.66
2021-12-18,Italy,60000000,51780,86,398,1,44869,6513,26927413,0.77,86.65
2021-12-19,Italy,60000000,51897,117,399,1,44979,6519,27004130,0.77,86.67
2021-12-20,Italy,60000000,52006,109,399,0,45080,6527,27080846,0.77,86.68
2021-12-21,Italy,60000000,52096,90,399,0,45155,6542,27157562,0.77,86.68
2021-12-22,Italy,60000000,52212,116,401,2,45262,6549,27234278,0.77,86.69
2021-12-23,Italy,60000000,52328,116,401,0,45362,6565,27310995,0.77,86.69
2021-12-24,Italy,60000000,52400,72,402,1,45420,6578,27387711,0.77,86.68
2021-12-25,Italy,60000000,52514,114,403,1,45525,6586,27464427,0.77,86.69
2021-12-26,Italy,60000000,52638,124,404,1,45624,6610,27541144,0.77,86.68
2021-12-27,Italy,60000000,52721,83,404,0,45694,6623,27617860,0.77,86.67
2021-12-28,Italy,60000000,52815,94,405,1,45780,6630,27694576,0.77,86.68
2021-12-29,Italy,60000000,52946,131,406,1,45890,6650,27771292,0.77,86.67
2021-12-30,Italy,60000000,53035,89,407,1,45970,6658,27848009,0.77,86.68
2021-12-31,Italy,60000000,53160,125,409,2,46076,6675,27924725,0.77,86.67
2022-01-01,Italy,60000000,53285,125,411,2,46177,6697,28001441,0.77,86.66
2022-01-02,Italy,60000000,53375,90,411,0,46256,6708,28078157,0.77,86.66
2022-01-03,Italy,60000000,53485,110,412,1,46357,6716,28154874,0.77,86.67
2022-01-04,Italy,60000000,53618,133,413,1,46465,6740,28231590,0.77,86.66
2022-01-05,Italy,60000000,53700,82,414,1,46537,6749,28308306,0.77,86.66
2022-01-06,Italy,60000000,53811,111,416,2,46637,6758,28385023,0.77,86.67
2022-01-07,Italy,60000000,53942,131,418,2,46741,6783,28461739,0.77,86.65
2022-01-08,Italy,60000000,54033,91,418,0,46820,6795,28538455,0.77,86.65
2022-01-09,Italy,60000000,54120,87,419,1,46896,6805,28615171,0.77,86.65
2022-01-10,Italy,60000000,54195,75,419,0,46961,6815,28691888,0.77,86.65
2022-01-11,Italy,60000000,54275,80,420,1,47026,6829,28768604,0.77,86.64
2022-01-12,Italy,60000000,54386,111,420,0,47120,6846,28845320,0.77,86.64
2022-01-13,Italy,60000000,54495,109,422,2,47215,6858,28922037,0.77,86.64
2022-01-14,Italy,60000000,54568,73,422,0,47273,6873,28998753,0.77,86.63
2022-01-15,Italy,60000000,54647,79,423,1,47335,6889,29075469,0.77,86.62
2022-01-16,Italy,60000000,54737,90,424,1,47405,6908,29152185,0.77,86.61
2022-01-17,Italy,60000000,54827,90,424,0,47484,6919,29228902,0.77,86.61
2022-01-18,Italy,60000000,54894,67,424,0,47545,6925,29305618,0.77,86.61
2022-01-19,Italy,60000000,54974,80,425,1,47612,6937,29382334,0.77,86.61
2022-01-20,Italy,60000000,55069,95,426,1,47698,6945,29459050,0.77,86.61
2022-01-21,Italy,60000000,55187,118,428,2,47808,6951,29535767,0.78,86.63
2022-01-22,Italy,60000000,55273,86,428,0,47882,6963,29612483,0.77,86.63
2022-01-23,Italy,60000000,55388,115,429,1,47984,6975,29689199,0.77,86.63
2022-01-24,Italy,60000000,55484,96,430,1,48069,6985,29765916,0.77,86.64
2022-01-25,Italy,60000000,55556,72,430,0,48130,6996,29842632,0.77,86.63
2022-01-26,Italy,60000000,55649,93,431,1,48206,7012,29919348,0.77,86.63
2022-01-27,Italy,60000000,55731,82,431,0,48279,7021,29996064,0.77,86.63
2022-01-28,Italy,60000000,55793,62,432,1,48330,7031,30072781,0.77,86.62
2022-01-29,Italy,60000000,55883,90,433,1,48405,7045,30149497,0.77,86.62
2022-01-30,Italy,60000000,55968,85,434,1,48472,7062,30226213,0.78,86.61
2022-01-31,Italy,60000000,56054,86,434,0,48550,7070,30302930,0.77,86.61
2022-02-01,Italy,60000000,56123,69,434,0,48607,7082,30379646,0.77,86.61
2022-02-02,Italy,60000000,56215,92,435,1,48684,7096,30456362,0.77,86.6
2022-02-03,Italy,60000000,56284,69,435,0,48740,7109,30533078,0.77,86.6
2022-02-04,Italy,60000000,56357,73,436,1,48798,7123,30609795,0.77,86.59
2022-02-05,Italy,60000000,56437,80,436,0,48863,7138,30686511,0.77,86.58
2022-02-06,Italy,60000000,56532,95,437,1,48948,7147,30763227,0.77,86.58
2022-02-07,Italy,60000000,56604,72,438,1,49016,7150,30839943,0.77,86.59
2022-02-08,Italy,60000000,56684,80,439,1,49087,7158,30916660,0.77,86.6
2022-02-09,Italy,60000000,56741,57,439,0,49136,7166,30993376,0.77,86.6
2022-02-10,Italy,60000000,56813,72,440,1,49192,7181,31070092,0.77,86.59
2022-02-11,Italy,60000000,56907,94,440,0,49268,7199,31146809,0.77,86.58
2022-02-12,Italy,60000000,56989,82,441,1,49335,7213,31223525,0.77,86.57
2022-02-13,Italy,60000000,57061,72,441,0,49402,7218,31300241,0.77,86.58
2022-02-14,Italy,60000000,57124,63,442,1,49455,7227,31376957,0.77,86.57
2022-02-15,Italy,60000000,57210,86,442,0,49525,7243,31453674,0.77,86.57
2022-02-16,Italy,60000000,57287,77,443,1,49598,7246,31530390,0.77,86.58
2022-02-17,Italy,60000000,57359,72,443,0,49654,7262,31607106,0.77,86.57
2022-02-18,Italy,60000000,57431,72,444,1,49711,7276,31683823,0.77,86.56
2022-02-19,Italy,60000000,57506,75,445,1,49775,7286,31760539,0.77,86.56
2022-02-20,Italy,60000000,57572,66,445,0,49838,7289,31837255,0.77,86.57
2022-02-21,Italy,60000000,57621,49,445,0,49877,7299,31913971,0.77,86.56
2022-02-22,Italy,60000000,57702,81,446,1,49946,7310,31990688,0.77,86.56
2022-02-23,Italy,60000000,57766,64,446,0,50001,7319,32067404,0.77,86.56
2022-02-24,Italy,60000000,57832,66,446,0,50054,7332,32144120,0.77,86.55
2022-02-25,Italy,60000000,57904,72,446,0,50119,7339,32220837,0.77,86.56
2022-02-26,Italy,60000000,57984,80,446,0,50192,7346,32297553,0.77,86.56
2022-02-27,Italy,60000000,58065,81,447,1,50256,7362,32374269,0.77,86.55
2022-02-28,Italy,60000000,58153,88,448,1,50326,7379,32450985,0.77,86.54
2022-03-01,Italy,60000000,58228,75,449,1,50397,7382,32527702,0.77,86.55
2022-03-02,Italy,60000000,58295,67,449,0,50455,7391,32604418,0.77,86.55
2022-03-03,Italy,60000000,58365,70,449,0,50511,7405,32681134,0.77,86.54
2022-03-04,Italy,60000000,58426,61,449,0,50566,7411,32757850,0.77,86.55
2022-03-05,Italy,60000000,58497,71,449,0,50621,7427,32834567,0.77,86.54
2022-03-06,Italy,60000000,58561,64,449,0,50682,7430,32911283,0.77,86.55
2022-03-07,Italy,60000000,58618,57,449,0,50728,7441,32987999,0.77,86.54
2022-03-08,Italy,60000000,58698,80,450,1,50794,7454,33064716,0.77,86.53
2022-03-09,Italy,60000000,58784,86,451,1,50869,7464,33141432,0.77,86.54
2022-03-10,Italy,60000000,58845,61,452,1,50919,7474,33218148,0.77,86.53
2022-03-11,Italy,60000000,58916,71,453,1,50974,7489,33294864,0.77,86.52
2022-03-12,Italy,60000000,58965,49,453,0,51015,7497,33371581,0.77,86.52
2022-03-13,Italy,60000000,59037,72,454,1,51071,7512,33448297,0.77,86.51
2022-03-14,Italy,60000000,59106,69,455,1,51134,7517,33525013,0.77,86.51
2022-03-15,Italy,60000000,59165,59,456,1,51183,7526,33601730,0.77,86.51
2022-03-16,Italy,60000000,59210,45,456,0,51219,7535,33678446,0.77,86.5
2022-03-17,Italy,60000000,59278,68,457,1,51275,7546,33755162,0.77,86.5
2022-03-18,Italy,60000000,59339,61,457,0,51329,7553,33831878,0.77,86.5
2022-03-19,Italy,60000000,59387,48,457,0,51370,7560,33908595,0.77,86.5
2022-03-20,Italy,60000000,59449,62,457,0,51424,7568,33985311,0.77,86.5
2022-03-21,Italy,60000000,59501,52,457,0,51469,7575,34062027,0.77,86.5
2022-03-22,Italy,60000000,59562,61,457,0,51525,7580,34138743,0.77,86.51
2022-03-23,Italy,60000000,59635,73,458,1,51587,7590,34215460,0.77,86.5
2022-03-24,Italy,60000000,59712,77,458,0,51649,7605,34292176,0.77,86.5
2022-03-25,Italy,60000000,59786,74,458,0,51708,7620,34368892,0.77,86.49
2022-03-26,Italy,60000000,59834,48,458,0,51750,7626,34445609,0.77,86.49
2022-03-27,Italy,60000000,59882,48,458,0,51794,7630,34522325,0.76,86.49
2022-03-28,Italy,60000000,59931,49,458,0,51837,7636,34599041,0.76,86.49
2022-03-29,Italy,60000000,59985,54,458,0,51887,7640,34675757,0.76,86.5
2022-03-30,Italy,60000000,60034,49,458,0,51933,7643,34752474,0.76,86.51
2022-03-31,Italy,60000000,60091,57,458,0,51981,7652,34829190,0.76,86.5
2022-04-01,Italy,60000000,60171,80,459,1,52052,7660,34905906,0.76,86.51
2022-04-02,Italy,60000000,60224,53,460,1,52101,7663,34982623,0.76,86.51
2022-04-03,Italy,60000000,60281,57,460,0,52149,7672,35059339,0.76,86.51
2022-04-04,Italy,60000000,60324,43,460,0,52185,7679,35136055,0.76,86.51
2022-04-05,Italy,60000000,60396,72,461,1,52241,7694,35212771,0.76,86.5
2022-04-06,Italy,60000000,60453,57,461,0,52291,7701,35289488,0.76,86.5
2022-04-07,Italy,60000000,60506,53,461,0,52336,7709,35366204,0.76,86.5
2022-04-08,Italy,60000000,60573,67,461,0,52388,7724,35442920,0.76,86.49
2022-04-09,Italy,60000000,60614,41,461,0,52425,7728,35519636,0.76,86.49
2022-04-10,Italy,60000000,60659,45,461,0,52460,7738,35596353,0.76,86.48
2022-04-11,Italy,60000000,60722,63,461,0,52509,7752,35673069,0.76,86.47
2022-04-12,Italy,60000000,60789,67,462,1,52570,7757,35749785,0.76,86.48
2022-04-13,Italy,60000000,60852,63,462,0,52629,7761,35826502,0.76,86.49
2022-04-14,Italy,60000000,60915,63,462,0,52687,7766,35903218,0.76,86.49
2022-04-15,Italy,60000000,60971,56,463,1,52738,7770,35979934,0.76,86.5
2022-04-16,Italy,60000000,61013,42,463,0,52774,7776,36056650,0.76,86.5
2022-04-17,Italy,60000000,61059,46,463,0,52815,7781,36133367,0.76,86.5
2022-04-18,Italy,60000000,61093,34,463,0,52842,7788,36210083,0.76,86.49
2022-04-19,Italy,60000000,61143,50,463,0,52882,7798,36286799,0.76,86.49
2022-04-20,Italy,60000000,61181,38,463,0,52916,7802,36363516,0.76,86.49
2022-04-21,Italy,60000000,61214,33,463,0,52947,7804,36440232,0.76,86.49
2022-04-22,Italy,60000000,61250,36,463,0,52977,7810,36516948,0.76,86.49
2022-04-23,Italy,60000000,61308,58,463,0,53026,7819,36593664,0.76,86.49
2022-04-24,Italy,60000000,61367,59,464,1,53075,7828,36670381,0.76,86.49
2022-04-25,Italy,60000000,61426,59,465,1,53127,7834,36747097,0.76,86.49
2022-04-26,Italy,60000000,61464,38,465,0,53162,7837,36823813,0.76,86.49
2022-04-27,Italy,60000000,61505,41,465,0,53198,7842,36900530,0.76,86.49
2022-04-28,Italy,60000000,61543,38,465,0,53230,7848,36977246,0.76,86.49
2022-04-29,Italy,60000000,61574,31,465,0,53259,7850,37053962,0.76,86.5
2022-04-30,Italy,60000000,61612,38,465,0,53289,7858,37130678,0.75,86.49
2022-05-01,Italy,60000000,61648,36,465,0,53321,7862,37207395,0.75,86.49
2022-05-02,Italy,60000000,61683,35,465,0,53351,7867,37284111,0.75,86.49
2022-05-03,Italy,60000000,61714,31,465,0,53377,7872,37360827,0.75,86.49
2022-05-04,Italy,60000000,61745,31,465,0,53401,7879,37437543,0.75,86.49
2022-05-05,Italy,60000000,61775,30,465,0,53427,7883,37514260,0.75,86.49
2022-05-06,Italy,60000000,61808,33,465,0,53454,7889,37590976,0.75,86.48
2022-05-07,Italy,60000000,61837,29,465,0,53478,7894,37667692,0.75,86.48
2022-05-08,Italy,60000000,61879,42,465,0,53515,7899,37744409,0.75,86.48
2022-05-09,Italy,60000000,61909,30,465,0,53540,7904,37821125,0.75,86.48
2022-05-10,Italy,60000000,61943,34,465,0,53570,7908,37897841,0.75,86.48
2022-05-11,Italy,60000000,61986,43,465,0,53611,7910,37974557,0.75,86.49
2022-05-12,Italy,60000000,62022,36,465,0,53642,7915,38051274,0.75,86.49
2022-05-13,Italy,60000000,62054,32,465,0,53667,7922,38127990,0.75,86.48
2022-05-14,Italy,60000000,62094,40,465,0,53703,7926,38204706,0.75,86.49
2022-05-15,Italy,60000000,62125,31,465,0,53729,7931,38281423,0.75,86.49
2022-05-16,Italy,60000000,62150,25,465,0,53751,7934,38358139,0.75,86.49
2022-05-17,Italy,60000000,62172,22,465,0,53768,7939,38358139,0.75,86.48
2022-05-18,Italy,60000000,62203,31,465,0,53793,7945,38358139,0.75,86.48
2022-05-19,Italy,60000000,62243,40,465,0,53829,7949,38358139,0.75,86.48
2022-05-20,Italy,60000000,62272,29,465,0,53855,7952,38358139,0.75,86.48
2022-05-21,Italy,60000000,62302,30,465,0,53880,7957,38358139,0.75,86.48
2022-05-22,Italy,60000000,62331,29,465,0,53905,7961,38358139,0.75,86.48
2022-05-23,Italy,60000000,62354,23,465,0,53923,7966,38358139,0.75,86.48
2022-05-24,Italy,60000000,62391,37,465,0,53957,7969,38358139,0.75,86.48
2022-05-25,Italy,60000000,62413,22,465,0,53977,7971,38358139,0.75,86.48
2022-05-26,Italy,60000000,62448,35,465,0,54010,7973,38358139,0.74,86.49
2022-05-27,Italy,60000000,62470,22,465,0,54029,7976,38358139,0.74,86.49
2022-05-28,Italy,60000000,62489,19,465,0,54046,7978,38358139,0.74,86.49
2022-05-29,Italy,60000000,62514,25,465,0,54066,7983,38358139,0.74,86.49
2022-05-30,Italy,60000000,62540,26,465,0,54090,7985,38358139,0.74,86.49
2022-05-31,Italy,60000000,62557,17,465,0,54105,7987,38358139,0.74,86.49
2022-06-01,Italy,60000000,62582,25,465,0,54124,7993,38358139,0.74,86.48
2022-06-02,Italy,60000000,62600,18,465,0,54138,7997,38358139,0.74,86.48
2022-06-03,Italy,60000000,62627,27,465,0,54159,8003,38358139,0.74,86.48
2022-06-04,Italy,60000000,62650,23,465,0,54180,8005,38358139,0.74,86.48
2022-06-05,Italy,60000000,62673,23,465,0,54198,8010,38358139,0.74,86.48
2022-06-06,Italy,60000000,62701,28,465,0,54221,8015,38358139,0.74,86.48
2022-06-07,Italy,60000000,62721,20,465,0,54239,8017,38358139,0.74,86.48
2022-06-08,Italy,60000000,62746,25,465,0,54261,8020,38358139,0.74,86.48
2022-06-09,Italy,60000000,62770,24,465,0,54280,8025,38358139,0.74,86.47
2022-06-10,Italy,60000000,62794,24,465,0,54299,8030,38358139,0.74,86.47
2022-06-11,Italy,60000000,62809,15,465,0,54312,8032,38358139,0.74,86.47
2022-06-12,Italy,60000000,62827,18,465,0,54326,8036,38358139,0.74,86.47
2022-06-13,Italy,60000000,62847,20,465,0,54345,8037,38358139,0.74,86.47
2022-06-14,Italy,60000000,62867,20,465,0,54362,8040,38358139,0.74,86.47
2022-06-15,Italy,60000000,62888,21,465,0,54381,8042,38358139,0.74,86.47
2022-06-16,Italy,60000000,62903,15,465,0,54394,8044,38358139,0.74,86.47
2022-06-17,Italy,60000000,62920,17,465,0,54410,8045,38358139,0.74,86.47
2022-06-18,Italy,60000000,62932,12,465,0,54421,8046,38358139,0.74,86.48
2022-06-19,Italy,60000000,62950,18,465,0,54437,8048,38358139,0.74,86.48
2022-06-20,Italy,60000000,62969,19,465,0,54452,8052,38358139,0.74,86.47
2022-06-21,Italy,60000000,62986,17,465,0,54467,8054,38358139,0.74,86.47
2022-06-22,Italy,60000000,63004,18,465,0,54481,8058,38358139,0.74,86.47
2022-06-23,Italy,60000000,63015,11,465,0,54490,8060,38358139,0.74,86.47
2022-06-24,Italy,60000000,63031,16,465,0,54502,8064,38358139,0.74,86.47
2022-06-25,Italy,60000000,63042,11,465,0,54510,8067,38358139,0.74,86.47
2022-06-26,Italy,60000000,63055,13,465,0,54520,8070,38358139,0.74,86.46
2022-06-27,Italy,60000000,63068,13,465,0,54530,8073,38358139,0.74,86.46
2022-06-28,Italy,60000000,63086,18,465,0,54546,8075,38358139,0.74,86.46
2022-06-29,Italy,60000000,63097,11,465,0,54555,8077,38358139,0.74,86.46
2022-06-30,Italy,60000000,63109,12,465,0,54565,8079,38358139,0.74,86.46
2022-07-01,Italy,60000000,63125,16,465,0,54578,8082,38358139,0.74,86.46
2022-07-02,Italy,60000000,63140,15,465,0,54590,8085,38358139,0.74,86.46
2022-07-03,Italy,60000000,63154,14,465,0,54602,8087,38358139,0.74,86.46
2022-07-04,Italy,60000000,63171,17,465,0,54616,8090,38358139,0.74,86.46
2022-07-05,Italy,60000000,63188,17,465,0,54630,8093,38358139,0.74,86.46
2022-07-06,Italy,60000000,63199,11,465,0,54640,8094,38358139,0.74,86.46
2022-07-07,Italy,60000000,63209,10,465,0,54649,8095,38358139,0.74,86.46
2022-07-08,Italy,60000000,63219,10,465,0,54657,8097,38358139,0.74,86.46
2022-07-09,Italy,60000000,63229,10,465,0,54665,8099,38358139,0.74,86.46
2022-07-10,Italy,60000000,63241,12,465,0,54674,8102,38358139,0.74,86.45
2022-07-11,Italy,60000000,63251,10,465,0,54682,8104,38358139,0.74,86.45
2022-07-12,Italy,60000000,63261,10,465,0,54690,8106,38358139,0.74,86.45
2022-07-13,Italy,60000000,63269,8,465,0,54697,8107,38358139,0.73,86.45
2022-07-14,Italy,60000000,63280,11,465,0,54707,8108,38358139,0.73,86.45
2022-07-15,Italy,60000000,63291,11,465,0,54716,8110,38358139,0.73,86.45
2022-07-16,Italy,60000000,63301,10,465,0,54724,8112,38358139,0.73,86.45
2022-07-17,Italy,60000000,63310,9,465,0,54731,8114,38358139,0.73,86.45
2022-07-18,Italy,60000000,63317,7,465,0,54737,8115,38358139,0.73,86.45
2022-07-19,Italy,60000000,63328,11,465,0,54747,8116,38358139,0.73,86.45
2022-07-20,Italy,60000000,63336,8,465,0,54753,8118,38358139,0.73,86.45
2022-07-21,Italy,60000000,63345,9,465,0,54760,8120,38358139,0.73,86.45
2022-07-22,Italy,60000000,63354,9,465,0,54767,8122,38358139,0.73,86.45
2022-07-23,Italy,60000000,63362,8,465,0,54773,8124,38358139,0.73,86.44
2022-07-24,Italy,60000000,63368,6,465,0,54778,8125,38358139,0.73,86.44
2022-07-25,Italy,60000000,63374,6,465,0,54783,8126,38358139,0.73,86.44
2022-07-26,Italy,60000000,63383,9,465,0,54791,8127,38358139,0.73,86.44
2022-07-27,Italy,60000000,63392,9,465,0,54798,8129,38358139,0.73,86.44
2022-07-28,Italy,60000000,63401,9,465,0,54805,8131,38358139,0.73,86.44
2022-07-29,Italy,60000000,63410,9,465,0,54812,8133,38358139,0.73,86.44
2022-07-30,Italy,60000000,63417,7,465,0,54817,8135,38358139,0.73,86.44
2022-07-31,Italy,60000000,63425,8,465,0,54823,8137,38358139,0.73,86.44
2022-08-01,Italy,60000000,63432,7,465,0,54829,8138,38358139,0.73,86.44
2022-08-02,Italy,60000000,63438,6,465,0,54834,8139,38358139,0.73,86.44
2022-08-03,Italy,60000000,63443,5,465,0,54838,8140,38358139,0.73,86.44
2022-08-04,Italy,60000000,63449,6,465,0,54843,8141,38358139,0.73,86.44
2022-08-05,Italy,60000000,63454,5,465,0,54847,8142,38358139,0.73,86.44
2022-08-06,Italy,60000000,63459,5,465,0,54851,8143,38358139,0.73,86.44
2022-08-07,Italy,60000000,63466,7,465,0,54856,8145,38358139,0.73,86.43
2022-08-08,Italy,60000000,63473,7,465,0,54861,8147,38358139,0.73,86.43
2022-08-09,Italy,60000000,63479,6,465,0,54866,8148,38358139,0.73,86.43
2022-08-10,Italy,60000000,63484,5,465,0,54870,8149,38358139,0.73,86.43
2022-08-11,Italy,60000000,63491,7,465,0,54876,8150,38358139,0.73,86.43
2022-08-12,Italy,60000000,63494,3,465,0,54878,8151,38358139,0.73,86.43
2022-08-13,Italy,60000000,63497,3,465,0,54880,8152,38358139,0.73,86.43
2022-08-14,Italy,60000000,63502,5,465,0,54884,8153,38358139,0.73,86.43
2022-08-15,Italy,60000000,63505,3,465,0,54886,8154,38358139,0.73,86.43
2022-08-16,Italy,60000000,63510,5,465,0,54889,8156,38358139,0.73,86.43
2022-08-17,Italy,60000000,63514,4,465,0,54892,8157,38358139,0.73,86.43
2022-08-18,Italy,60000000,63518,4,465,0,54895,8158,38358139,0.73,86.42
2022-08-19,Italy,60000000,63522,4,465,0,54898,8159,38358139,0.73,86.42
2022-08-20,Italy,60000000,63526,4,465,0,54901,8160,38358139,0.73,86.42
2022-08-21,Italy,60000000,63531,5,465,0,54905,8161,38358139,0.73,86.42
2022-08-22,Italy,60000000,63536,5,465,0,54908,8163,38358139,0.73,86.42
2022-08-23,Italy,60000000,63540,4,465,0,54911,8164,38358139,0.73,86.42
2022-08-24,Italy,60000000,63543,3,465,0,54913,8165,38358139,0.73,86.42
2022-08-25,Italy,60000000,63548,5,465,0,54917,8166,38358139,0.73,86.42
2022-08-26,Italy,60000000,63551,3,465,0,54919,8167,38358139,0.73,86.42
2022-08-27,Italy,60000000,63554,3,465,0,54921,8168,38358139,0.73,86.42
2022-08-28,Italy,60000000,63557,3,465,0,54923,8169,38358139,0.73,86.42
2022-08-29,Italy,60000000,63560,3,465,0,54925,8170,38358139,0.73,86.41
2022-08-30,Italy,60000000,63563,3,465,0,54927,8171,38358139,0.73,86.41
2022-08-31,Italy,60000000,63567,4,465,0,54930,8172,38358139,0.73,86.41
2022-09-01,Italy,60000000,63570,3,465,0,54932,8173,38358139,0.73,86.41
2022-09-02,Italy,60000000,63572,2,465,0,54933,8174,38358139,0.73,86.41
2022-09-03,Italy,60000000,63576,4,465,0,54936,8175,38358139,0.73,86.41
2022-09-04,Italy,60000000,63579,3,465,0,54938,8176,38358139,0.73,86.41
2022-09-05,Italy,60000000,63581,2,465,0,54939,8177,38358139,0.73,86.41
2022-09-06,Italy,60000000,63583,2,465,0,54940,8178,38358139,0.73,86.41
2022-09-07,Italy,60000000,63585,2,465,0,54941,8179,38358139,0.73,86.41
2022-09-08,Italy,60000000,63588,3,465,0,54943,8180,38358139,0.73,86.4
2022-09-09,Italy,60000000,63591,3,465,0,54945,8181,38358139,0.73,86.4
2022-09-10,Italy,60000000,63593,2,465,0,54946,8182,38358139,0.73,86.4
2022-09-11,Italy,60000000,63596,3,465,0,54948,8183,38358139,0.73,86.4
2022-09-12,Italy,60000000,63599,3,465,0,54950,8184,38358139,0.73,86.4
2022-09-13,Italy,60000000,63601,2,465,0,54951,8185,38358139,0.73,86.4
2022-09-14,Italy,60000000,63604,3,465,0,54953,8186,38358139,0.73,86.4
2022-09-15,Italy,60000000,63606,2,465,0,54954,8187,38358139,0.73,86.4
2022-09-16,Italy,60000000,63608,2,465,0,54955,8188,38358139,0.73,86.4
2022-09-17,Italy,60000000,63610,2,465,0,54956,8189,38358139,0.73,86.4
2022-09-18,Italy,60000000,63611,1,465,0,54956,8190,38358139,0.73,86.39
2022-09-19,Italy,60000000,63613,2,465,0,54957,8191,38358139,0.73,86.39
2022-09-20,Italy,60000000,63614,1,465,0,54957,8192,38358139,0.73,86.39
2022-09-21,Italy,60000000,63616,2,465,0,54958,8193,38358139,0.73,86.39
2022-09-22,Italy,60000000,63617,1,465,0,54958,8194,38358139,0.73,86.39
2022-09-23,Italy,60000000,63618,1,465,0,54958,8195,38358139,0.73,86.39
2022-09-24,Italy,60000000,63619,1,465,0,54958,8196,38358139,0.73,86.39
2022-09-25,Italy,60000000,63621,2,465,0,54959,8197,38358139,0.73,86.38
2022-09-26,Italy,60000000,63623,2,465,0,54960,8198,38358139,0.73,86.38
2022-09-27,Italy,60000000,63625,2,465,0,54961,8199,38358139,0.73,86.38
2022-09-28,Italy,60000000,63626,1,465,0,54961,8200,38358139,0.73,86.38
2022-09-29,Italy,60000000,63627,1,465,0,54961,8201,38358139,0.73,86.38
2022-09-30,Italy,60000000,63628,1,465,0,54961,8202,38358139,0.73,86.38
2022-10-01,Italy,60000000,63629,1,465,0,54961,8203,38358139,0.73,86.38
2022-10-02,Italy,60000000,63630,1,465,0,54961,8204,38358139,0.73,86.38
2022-10-03,Italy,60000000,63631,1,465,0,54961,8205,38358139,0.73,86.37
2022-10-04,Italy,60000000,63632,1,465,0,54961,8206,38358139,0.73,86.37
2022-10-05,Italy,60000000,63634,2,465,0,54962,8207,38358139,0.73,86.37
2022-10-06,Italy,60000000,63635,1,465,0,54962,8208,38358139,0.73,86.37
2022-10-07,Italy,60000000,63636,1,465,0,54962,8209,38358139,0.73,86.37
2022-10-08,Italy,60000000,63637,1,465,0,54962,8210,38358139,0.73,86.37
2022-10-09,Italy,60000000,63638,1,465,0,54962,8211,38358139,0.73,86.37
2022-10-10,Italy,60000000,63639,1,465,0,54962,8212,38358139,0.73,86.37
2022-10-11,Italy,60000000,63640,1,465,0,54962,8213,38358139,0.73,86.36
2022-10-12,Italy,60000000,63641,1,465,0,54962,8214,38358139,0.73,86.36
2022-10-13,Italy,60000000,63642,1,465,0,54962,8215,38358139,0.73,86.36
2022-10-14,Italy,60000000,63643,1,465,0,54962,8216,38358139,0.73,86.36
2022-10-15,Italy,60000000,63643,0,465,0,54962,8216,38358139,0.73,86.36
2022-10-16,Italy,60000000,63644,1,465,0,54962,8217,38358139,0.73,86.36
2022-10-17,Italy,60000000,63645,1,465,0,54962,8218,38358139,0.73,86.36
2022-10-18,Italy,60000000,63645,0,465,0,54962,8218,38358139,0.73,86.36
2022-10-19,Italy,60000000,63646,1,465,0,54962,8219,38358139,0.73,86.36
2022-10-20,Italy,60000000,63646,0,465,0,54962,8219,38358139,0.73,86.36
2022-10-21,Italy,60000000,63646,0,465,0,54962,8219,38358139,0.73,86.36
2022-10-22,Italy,60000000,63646,0,465,0,54962,8219,38358139,0.73,86.36
2022-10-23,Italy,60000000,63646,0,465,0,54962,8219,38358139,0.73,86.36
2022-10-24,Italy,60000000,63646,0,465,0,54962,8219,38358139,0.73,86.36
2022-10-25,Italy,60000000,63646,0,465,0,54962,8219,38358139,0.73,86.36
2022-10-26,Italy,60000000,63646,0,465,0,54962,8219,38358139,0.73,86.36
2022-10-27,Italy,60000000,63646,0,465,0,54962,8219,38358139,0.73,86.36
2022-10-28,Italy,60000000,63646,0,465,0,54962,8219,38358139,0.73,86.36
2022-10-29,Italy,60000000,63646,0,465,0,54962,8219,38358139,0.73,86.36
2022-10-30,Italy,60000000,63646,0,465,0,54962,8219,38358139,0.73,86.36
2022-10-31,Italy,60000000,63647,1,465,0,54962,8220,38358139,0.73,86.35
2022-11-01,Italy,60000000,63647,0,465,0,54962,8220,38358139,0.73,86.35
2022-11-02,Italy,60000000,63647,0,465,0,54962,8220,38358139,0.73,86.35
2022-11-03,Italy,60000000,63647,0,465,0,54962,8220,38358139,0.73,86.35
2022-11-04,Italy,60000000,63647,0,465,0,54962,8220,38358139,0.73,86.35
2022-11-05,Italy,60000000,63647,0,465,0,54962,8220,38358139,0.73,86.35
2022-11-06,Italy,60000000,63647,0,465,0,54962,8220,38358139,0.73,86.35
2022-11-07,Italy,60000000,63647,0,465,0,54962,8220,38358139,0.73,86.35
2022-11-08,Italy,60000000,63647,0,465,0,54962,8220,38358139,0.73,86.35
2022-11-09,Italy,60000000,63647,0,465,0,54962,8220,38358139,0.73,86.35
2022-11-10,Italy,60000000,63647,0,465,0,54962,8220,38358139,0.73,86.35
2022-11-11,Italy,60000000,63647,0,465,0,54962,8220,38358139,0.73,86.35
2022-11-12,Italy,60000000,63647,0,465,0,54962,8220,38358139,0.73,86.35
2022-11-13,Italy,60000000,63647,0,465,0,54962,8220,38358139,0.73,86.35
2022-11-14,Italy,60000000,63647,0,465,0,54962,8220,38358139,0.73,86.35
2022-11-15,Italy,60000000,63647,0,465,0,54962,8220,38358139,0.73,86.35
2022-11-16,Italy,60000000,63647,0,465,0,54962,8220,38358139,0.73,86.35
2022-11-17,Italy,60000000,63647,0,465,0,54962,8220,38358139,0.73,86.35
2022-11-18,Italy,60000000,63647,0,465,0,54962,8220,38358139,0.73,86.35
2022-11-19,Italy,60000000,63647,0,465,0,54962,8220,38358139,0.73,86.35
2022-11-20,Italy,60000000,63647,0,465,0,54962,8220,38358139,0.73,86.35
2022-11-21,Italy,60000000,63647,0,465,0,54962,8220,38358139,0.73,86.35
2022-11-22,Italy,60000000,63647,0,465,0,54962,8220,38358139,0.73,86.35
2022-11-23,Italy,60000000,63647,0,465,0,54962,8220,38358139,0.73,86.35
2022-11-24,Italy,60000000,63647,0,465,0,54962,8220,38358139,0.73,86.35
2022-11-25,Italy,60000000,63647,0,465,0,54962,8220,38358139,0.73,86.35
2022-11-26,Italy,60000000,63647,0,465,0,54962,8220,38358139,0.73,86.35
2022-11-27,Italy,60000000,63647,0,465,0,54962,8220,38358139,0.73,86.35
2022-11-28,Italy,60000000,63647,0,465,0,54962,8220,38358139,0.73,86.35
2022-11-29,Italy,60000000,63647,0,465,0,54962,8220,38358139,0.73,86.35
2022-11-30,Italy,60000000,63647,0,465,0,54962,8220,38358139,0.73,86.35
2022-12-01,Italy,60000000,63647,0,465,0,54962,8220,38358139,0.73,86.35
2022-12-02,Italy,60000000,63647,0,465,0,54962,8220,38358139,0.73,86.35
2022-12-03,Italy,60000000,63647,0,465,0,54962,8220,38358139,0.73,86.35
2022-12-04,Italy,60000000,63647,0,465,0,54962,8220,38358139,0.73,86.35
2022-12-05,Italy,60000000,63647,0,465,0,54962,8220,38358139,0.73,86.35
2022-12-06,Italy,60000000,63647,0,465,0,54962,8220,38358139,0.73,86.35
2022-12-07,Italy,60000000,63647,0,465,0,54962,8220,38358139,0.73,86.35
2022-12-08,Italy,60000000,63647,0,465,0,54962,8220,38358139,0.73,86.35
2022-12-09,Italy,60000000,63647,0,465,0,54962,8220,38358139,0.73,86.35
2022-12-10,Italy,60000000,63647,0,465,0,54962,8220,38358139,0.73,86.35
2022-12-11,Italy,60000000,63647,0,465,0,54962,8220,38358139,0.73,86.35
2022-12-12,Italy,60000000,63647,0,465,0,54962,8220,38358139,0.73,86.35
2022-12-13,Italy,60000000,63647,0,465,0,54962,8220,38358139,0.73,86.35
2022-12-14,Italy,60000000,63647,0,465,0,54962,8220,38358139,0.73,86.35
2022-12-15,Italy,60000000,63647,0,465,0,54962,8220,38358139,0.73,86.35
2022-12-16,Italy,60000000,63647,0,465,0,54962,8220,38358139,0.73,86.35
2022-12-17,Italy,60000000,63647,0,465,0,54962,8220,38358139,0.73,86.35
2022-12-18,Italy,60000000,63647,0,465,0,54962,8220,38358139,0.73,86.35
2022-12-19,Italy,60000000,63647,0,465,0,54962,8220,38358139,0.73,86.35
2022-12-20,Italy,60000000,63647,0,465,0,54962,8220,38358139,0.73,86.35
2022-12-21,Italy,60000000,63647,0,465,0,54962,8220,38358139,0.73,86.35
2022-12-22,Italy,60000000,63647,0,465,0,54962,8220,38358139,0.73,86.35
2022-12-23,Italy,60000000,63647,0,465,0,54962,8220,38358139,0.73,86.35
2022-12-24,Italy,60000000,63647,0,465,0,54962,8220,38358139,0.73,86.35
2022-12-25,Italy,60000000,63647,0,465,0,54962,8220,38358139,0.73,86.35
2022-12-26,Italy,60000000,63647,0,465,0,54962,8220,38358139,0.73,86.35
2022-12-27,Italy,60000000,63647,0,465,0,54962,8220,38358139,0.73,86.35
2022-12-28,Italy,60000000,63647,0,465,0,54962,8220,38358139,0.73,86.35
2022-12-29,Italy,60000000,63647,0,465,0,54962,8220,38358139,0.73,86.35
2022-12-30,Italy,60000000,63647,0,465,0,54962,8220,38358139,0.73,86.35
2022-12-31,Italy,60000000,63647,0,465,0,54962,8220,38358139,0.73,86.35
2020-01-01,Canada,38000000,1,1,0,0,0,1,0,0,0
2020-01-02,Canada,38000000,2,1,0,0,0,2,0,0,0
2020-01-03,Canada,38000000,4,2,0,0,1,3,0,0,25
2020-01-04,Canada,38000000,5,1,0,0,1,4,0,0,20
2020-01-05,Canada,38000000,7,2,0,0,2,5,0,0,28.57
2020-01-06,Canada,38000000,8,1,0,0,2,6,0,0,25
2020-01-07,Canada,38000000,10,2,0,0,3,7,0,0,30
2020-01-08,Canada,38000000,11,1,0,0,3,8,0,0,27.27
2020-01-09,Canada,38000000,12,1,0,0,3,9,0,0,25
2020-01-10,Canada,38000000,14,2,0,0,4,10,0,0,28.57
2020-01-11,Canada,38000000,16,2,0,0,5,11,0,0,31.25
2020-01-12,Canada,38000000,19,3,0,0,7,12,0,0,36.84
2020-01-13,Canada,38000000,20,1,0,0,7,13,0,0,35
2020-01-14,Canada,38000000,22,2,0,0,8,14,0,0,36.36
2020-01-15,Canada,38000000,25,3,0,0,10,15,0,0,40
2020-01-16,Canada,38000000,27,2,0,0,11,16,0,0,40.74
2020-01-17,Canada,38000000,30,3,0,0,13,17,0,0,43.33
2020-01-18,Canada,38000000,32,2,0,0,14,18,0,0,43.75
2020-01-19,Canada,38000000,35,3,0,0,16,19,0,0,45.71
2020-01-20,Canada,38000000,37,2,0,0,17,20,0,0,45.95
2020-01-21,Canada,38000000,40,3,0,0,19,21,0,0,47.5
2020-01-22,Canada,38000000,43,3,0,0,21,22,0,0,48.84
2020-01-23,Canada,38000000,47,4,0,0,24,23,0,0,51.06
2020-01-24,Canada,38000000,52,5,0,0,28,24,0,0,53.85
2020-01-25,Canada,38000000,55,3,0,0,30,25,0,0,54.55
2020-01-26,Canada,38000000,59,4,0,0,33,26,0,0,55.93
2020-01-27,Canada,38000000,62,3,0,0,35,27,0,0,56.45
2020-01-28,Canada,38000000,65,3,0,0,37,28,0,0,56.92
2020-01-29,Canada,38000000,68,3,0,0,39,29,0,0,57.35
2020-01-30,Canada,38000000,71,3,0,0,41,30,0,0,57.75
2020-01-31,Canada,38000000,77,6,0,0,46,31,0,0,59.74
2020-02-01,Canada,38000000,81,4,0,0,49,32,0,0,60.49
2020-02-02,Canada,38000000,86,5,0,0,53,33,0,0,61.63
2020-02-03,Canada,38000000,89,3,0,0,55,34,0,0,61.8
2020-02-04,Canada,38000000,93,4,0,0,58,35,0,0,62.37
2020-02-05,Canada,38000000,97,4,0,0,61,36,0,0,62.89
2020-02-06,Canada,38000000,102,5,0,0,65,37,0,0,63.73
2020-02-07,Canada,38000000,108,6,0,0,69,39,0,0,63.89
2020-02-08,Canada,38000000,113,5,0,0,73,40,0,0,64.6
2020-02-09,Canada,38000000,118,5,0,0,77,41,0,0,65.25
2020-02-10,Canada,38000000,124,6,0,0,81,43,0,0,65.32
2020-02-11,Canada,38000000,128,4,0,0,84,44,0,0,65.62
2020-02-12,Canada,38000000,134,6,0,0,89,45,0,0,66.42
2020-02-13,Canada,38000000,138,4,0,0,92,46,0,0,66.67
2020-02-14,Canada,38000000,145,7,0,0,98,47,0,0,67.59
2020-02-15,Canada,38000000,152,7,0,0,104,48,0,0,68.42
2020-02-16,Canada,38000000,158,6,0,0,109,49,0,0,68.99
2020-02-17,Canada,38000000,166,8,0,0,115,51,0,0,69.28
2020-02-18,Canada,38000000,175,9,0,0,122,53,0,0,69.71
2020-02-19,Canada,38000000,185,10,0,0,131,54,0,0,70.81
2020-02-20,Canada,38000000,192,7,0,0,136,56,0,0,70.83
2020-02-21,Canada,38000000,198,6,0,0,141,57,0,0,71.21
2020-02-22,Canada,38000000,205,7,0,0,147,58,0,0,71.71
2020-02-23,Canada,38000000,212,7,0,0,153,59,0,0,72.17
2020-02-24,Canada,38000000,221,9,0,0,161,60,0,0,72.85
2020-02-25,Canada,38000000,230,9,0,0,168,62,0,0,73.04
2020-02-26,Canada,38000000,236,6,0,0,173,63,0,0,73.31
2020-02-27,Canada,38000000,246,10,0,0,180,66,0,0,73.17
2020-02-28,Canada,38000000,254,8,0,0,187,67,0,0,73.62
2020-02-29,Canada,38000000,265,11,0,0,196,69,0,0,73.96
2020-03-01,Canada,38000000,278,13,0,0,208,70,0,0,74.82
2020-03-02,Canada,38000000,286,8,0,0,215,71,0,0,75.17
2020-03-03,Canada,38000000,297,11,0,0,224,73,0,0,75.42
2020-03-04,Canada,38000000,305,8,0,0,230,75,0,0,75.41
2020-03-05,Canada,38000000,319,14,0,0,241,78,0,0,75.55
2020-03-06,Canada,38000000,333,14,0,0,252,81,0,0,75.68
2020-03-07,Canada,38000000,346,13,0,0,262,84,0,0,75.72
2020-03-08,Canada,38000000,362,16,0,0,275,87,0,0,75.97
2020-03-09,Canada,38000000,378,16,0,0,288,90,0,0,76.19
2020-03-10,Canada,38000000,388,10,0,0,296,92,0,0,76.29
2020-03-11,Canada,38000000,400,12,0,0,307,93,0,0,76.75
2020-03-12,Canada,38000000,415,15,0,0,320,95,0,0,77.11
2020-03-13,Canada,38000000,428,13,0,0,332,96,0,0,77.57
2020-03-14,Canada,38000000,443,15,0,0,344,99,0,0,77.65
2020-03-15,Canada,38000000,457,14,0,0,356,101,0,0,77.9
2020-03-16,Canada,38000000,471,14,0,0,367,104,0,0,77.92
2020-03-17,Canada,38000000,484,13,0,0,378,106,0,0,78.1
2020-03-18,Canada,38000000,494,10,0,0,385,109,0,0,77.94
2020-03-19,Canada,38000000,510,16,0,0,399,111,0,0,78.24
2020-03-20,Canada,38000000,525,15,0,0,413,112,0,0,78.67
2020-03-21,Canada,38000000,535,10,0,0,422,113,0,0,78.88
2020-03-22,Canada,38000000,550,15,0,0,436,114,0,0,79.27
2020-03-23,Canada,38000000,573,23,0,0,457,116,0,0,79.76
2020-03-24,Canada,38000000,590,17,0,0,471,119,0,0,79.83
2020-03-25,Canada,38000000,605,15,0,0,483,122,0,0,79.83
2020-03-26,Canada,38000000,627,22,0,0,503,124,0,0,80.22
2020-03-27,Canada,38000000,650,23,0,0,521,129,0,0,80.15
2020-03-28,Canada,38000000,672,22,0,0,540,132,0,0,80.36
2020-03-29,Canada,38000000,689,17,0,0,555,134,0,0,80.55
2020-03-30,Canada,38000000,707,18,0,0,571,136,0,0,80.76
2020-03-31,Canada,38000000,732,25,0,0,591,141,0,0,80.74
2020-04-01,Canada,38000000,758,26,0,0,615,143,0,0,81.13
2020-04-02,Canada,38000000,786,28,0,0,639,147,0,0,81.3
2020-04-03,Canada,38000000,810,24,0,0,661,149,0,0,81.6
2020-04-04,Canada,38000000,835,25,0,0,681,154,0,0,81.56
2020-04-05,Canada,38000000,860,25,0,0,704,156,0,0,81.86
2020-04-06,Canada,38000000,878,18,0,0,719,159,0,0,81.89
2020-04-07,Canada,38000000,900,22,0,0,738,162,0,0,82
2020-04-08,Canada,38000000,929,29,0,0,762,167,0,0,82.02
2020-04-09,Canada,38000000,956,27,0,0,787,169,0,0,82.32
2020-04-10,Canada,38000000,976,20,0,0,804,172,0,0,82.38
2020-04-11,Canada,38000000,996,20,0,0,822,174,0,0,82.53
2020-04-12,Canada,38000000,1036,40,0,0,858,178,0,0,82.82
2020-04-13,Canada,38000000,1064,28,0,0,881,183,0,0,82.8
2020-04-14,Canada,38000000,1103,39,0,0,914,189,0,0,82.86
2020-04-15,Canada,38000000,1127,24,0,0,934,193,0,0,82.87
2020-04-16,Canada,38000000,1149,22,0,0,954,195,0,0,83.03
2020-04-17,Canada,38000000,1181,32,0,0,984,197,0,0,83.32
2020-04-18,Canada,38000000,1218,37,0,0,1013,205,0,0,83.17
2020-04-19,Canada,38000000,1241,23,0,0,1032,209,0,0,83.16
2020-04-20,Canada,38000000,1267,26,0,0,1053,214,0,0,83.11
2020-04-21,Canada,38000000,1304,37,0,0,1085,219,0,0,83.21
2020-04-22,Canada,38000000,1326,22,0,0,1103,223,0,0,83.18
2020-04-23,Canada,38000000,1356,30,0,0,1127,229,0,0,83.11
2020-04-24,Canada,38000000,1392,36,0,0,1161,231,0,0,83.41
2020-04-25,Canada,38000000,1431,39,0,0,1196,235,0,0,83.58
2020-04-26,Canada,38000000,1473,42,0,0,1229,244,0,0,83.44
2020-04-27,Canada,38000000,1496,23,0,0,1250,246,0,0,83.56
2020-04-28,Canada,38000000,1533,37,0,0,1280,253,0,0,83.5
2020-04-29,Canada,38000000,1565,32,0,0,1307,258,0,0,83.51
2020-04-30,Canada,38000000,1605,40,0,0,1342,263,0,0,83.61
2020-05-01,Canada,38000000,1644,39,0,0,1377,267,0,0,83.76
2020-05-02,Canada,38000000,1681,37,0,0,1407,274,0,0,83.7
2020-05-03,Canada,38000000,1711,30,0,0,1434,277,0,0,83.81
2020-05-04,Canada,38000000,1747,36,0,0,1466,281,0,0,83.92
2020-05-05,Canada,38000000,1784,37,0,0,1501,283,0,0,84.14
2020-05-06,Canada,38000000,1806,22,0,0,1520,286,0,0,84.16
2020-05-07,Canada,38000000,1854,48,0,0,1558,296,0,0,84.03
2020-05-08,Canada,38000000,1892,38,0,0,1591,301,0,0,84.09
2020-05-09,Canada,38000000,1939,47,0,0,1629,310,0,0,84.01
2020-05-10,Canada,38000000,1984,45,0,0,1667,317,0,0,84.02
2020-05-11,Canada,38000000,2033,49,1,1,1707,325,0,0.05,83.96
2020-05-12,Canada,38000000,2063,30,1,0,1730,332,0,0.05,83.86
2020-05-13,Canada,38000000,2110,47,1,0,1773,336,0,0.05,84.03
2020-05-14,Canada,38000000,2140,30,1,0,1800,339,0,0.05,84.11
2020-05-15,Canada,38000000,2177,37,1,0,1830,346,0,0.05,84.06
2020-05-16,Canada,38000000,2220,43,1,0,1869,350,0,0.05,84.19
2020-05-17,Canada,38000000,2267,47,1,0,1907,359,0,0.04,84.12
2020-05-18,Canada,38000000,2307,40,1,0,1938,368,0,0.04,84.01
2020-05-19,Canada,38000000,2342,35,1,0,1970,371,0,0.04,84.12
2020-05-20,Canada,38000000,2389,47,1,0,2011,377,0,0.04,84.18
2020-05-21,Canada,38000000,2427,38,1,0,2041,385,0,0.04,84.1
2020-05-22,Canada,38000000,2489,62,2,1,2096,391,0,0.08,84.21
2020-05-23,Canada,38000000,2542,53,2,0,2142,398,0,0.08,84.26
2020-05-24,Canada,38000000,2601,59,2,0,2194,405,0,0.08,84.35
2020-05-25,Canada,38000000,2657,56,2,0,2239,416,0,0.08,84.27
2020-05-26,Canada,38000000,2706,49,2,0,2282,422,0,0.07,84.33
2020-05-27,Canada,38000000,2751,45,2,0,2317,432,0,0.07,84.22
2020-05-28,Canada,38000000,2800,49,2,0,2358,440,0,0.07,84.21
2020-05-29,Canada,38000000,2846,46,2,0,2398,446,0,0.07,84.26
2020-05-30,Canada,38000000,2885,39,2,0,2431,452,0,0.07,84.26
2020-05-31,Canada,38000000,2924,39,2,0,2464,458,0,0.07,84.27
2020-06-01,Canada,38000000,2986,62,2,0,2519,465,0,0.07,84.36
2020-06-02,Canada,38000000,3029,43,2,0,2555,472,0,0.07,84.35
2020-06-03,Canada,38000000,3077,48,2,0,2601,474,0,0.06,84.53
2020-06-04,Canada,38000000,3126,49,2,0,2646,478,0,0.06,84.64
2020-06-05,Canada,38000000,3179,53,2,0,2695,482,0,0.06,84.78
2020-06-06,Canada,38000000,3223,44,2,0,2731,490,0,0.06,84.73
2020-06-07,Canada,38000000,3272,49,3,1,2776,493,0,0.09,84.84
2020-06-08,Canada,38000000,3316,44,3,0,2814,499,0,0.09,84.86
2020-06-09,Canada,38000000,3366,50,3,0,2860,503,0,0.09,84.97
2020-06-10,Canada,38000000,3427,61,3,0,2908,516,0,0.09,84.86
2020-06-11,Canada,38000000,3481,54,3,0,2952,526,0,0.09,84.8
2020-06-12,Canada,38000000,3524,43,3,0,2991,530,0,0.09,84.88
2020-06-13,Canada,38000000,3577,53,3,0,3039,535,0,0.08,84.96
2020-06-14,Canada,38000000,3637,60,3,0,3089,545,0,0.08,84.93
2020-06-15,Canada,38000000,3686,49,3,0,3131,552,0,0.08,84.94
2020-06-16,Canada,38000000,3738,52,3,0,3172,563,0,0.08,84.86
2020-06-17,Canada,38000000,3810,72,4,1,3235,571,0,0.1,84.91
2020-06-18,Canada,38000000,3860,50,4,0,3277,579,0,0.1,84.9
2020-06-19,Canada,38000000,3909,49,4,0,3319,586,0,0.1,84.91
2020-06-20,Canada,38000000,3959,50,4,0,3364,591,0,0.1,84.97
2020-06-21,Canada,38000000,4013,54,4,0,3410,599,0,0.1,84.97
2020-06-22,Canada,38000000,4054,41,4,0,3449,601,0,0.1,85.08
2020-06-23,Canada,38000000,4105,51,4,0,3494,607,0,0.1,85.12
2020-06-24,Canada,38000000,4155,50,4,0,3541,610,0,0.1,85.22
2020-06-25,Canada,38000000,4208,53,4,0,3589,615,0,0.1,85.29
2020-06-26,Canada,38000000,4274,66,4,0,3650,620,0,0.09,85.4
2020-06-27,Canada,38000000,4336,62,5,1,3704,627,0,0.12,85.42
2020-06-28,Canada,38000000,4393,57,5,0,3750,638,0,0.11,85.36
2020-06-29,Canada,38000000,4440,47,5,0,3789,646,0,0.11,85.34
2020-06-30,Canada,38000000,4491,51,6,1,3835,650,0,0.13,85.39
2020-07-01,Canada,38000000,4544,53,6,0,3881,657,0,0.13,85.41
2020-07-02,Canada,38000000,4587,43,6,0,3914,667,0,0.13,85.33
2020-07-03,Canada,38000000,4640,53,6,0,3963,671,0,0.13,85.41
2020-07-04,Canada,38000000,4717,77,6,0,4023,688,0,0.13,85.29
2020-07-05,Canada,38000000,4757,40,6,0,4056,695,0,0.13,85.26
2020-07-06,Canada,38000000,4807,50,6,0,4098,703,0,0.12,85.25
2020-07-07,Canada,38000000,4850,43,6,0,4134,710,0,0.12,85.24
2020-07-08,Canada,38000000,4913,63,7,1,4188,718,0,0.14,85.24
2020-07-09,Canada,38000000,4967,54,7,0,4231,729,0,0.14,85.18
2020-07-10,Canada,38000000,5026,59,8,1,4282,736,0,0.16,85.2
2020-07-11,Canada,38000000,5095,69,9,1,4336,750,0,0.18,85.1
2020-07-12,Canada,38000000,5154,59,10,1,4387,757,0,0.19,85.12
2020-07-13,Canada,38000000,5216,62,10,0,4437,769,0,0.19,85.07
2020-07-14,Canada,38000000,5251,35,10,0,4466,775,0,0.19,85.05
2020-07-15,Canada,38000000,5298,47,10,0,4504,784,0,0.19,85.01
2020-07-16,Canada,38000000,5348,50,10,0,4551,787,0,0.19,85.1
2020-07-17,Canada,38000000,5397,49,10,0,4596,791,0,0.19,85.16
2020-07-18,Canada,38000000,5438,41,10,0,4629,799,0,0.18,85.12
2020-07-19,Canada,38000000,5481,43,10,0,4663,808,0,0.18,85.08
2020-07-20,Canada,38000000,5535,54,10,0,4712,813,0,0.18,85.13
2020-07-21,Canada,38000000,5614,79,10,0,4781,823,0,0.18,85.16
2020-07-22,Canada,38000000,5665,51,10,0,4823,832,0,0.18,85.14
2020-07-23,Canada,38000000,5708,43,10,0,4863,835,0,0.18,85.2
2020-07-24,Canada,38000000,5764,56,10,0,4915,839,0,0.17,85.27
2020-07-25,Canada,38000000,5813,49,10,0,4958,845,0,0.17,85.29
2020-07-26,Canada,38000000,5859,46,10,0,5000,849,0,0.17,85.34
2020-07-27,Canada,38000000,5911,52,11,1,5042,858,0,0.19,85.3
2020-07-28,Canada,38000000,5971,60,12,1,5089,870,0,0.2,85.23
2020-07-29,Canada,38000000,6025,54,12,0,5132,881,0,0.2,85.18
2020-07-30,Canada,38000000,6083,58,13,1,5183,887,0,0.21,85.2
2020-07-31,Canada,38000000,6126,43,13,0,5219,894,0,0.21,85.19
2020-08-01,Canada,38000000,6160,34,13,0,5251,896,0,0.21,85.24
2020-08-02,Canada,38000000,6197,37,13,0,5285,899,0,0.21,85.28
2020-08-03,Canada,38000000,6237,40,13,0,5320,904,0,0.21,85.3
2020-08-04,Canada,38000000,6283,46,13,0,5358,912,0,0.21,85.28
2020-08-05,Canada,38000000,6343,60,14,1,5407,922,0,0.22,85.24
2020-08-06,Canada,38000000,6388,45,14,0,5443,931,0,0.22,85.21
2020-08-07,Canada,38000000,6427,39,14,0,5476,937,0,0.22,85.2
2020-08-08,Canada,38000000,6489,62,14,0,5528,947,0,0.22,85.19
2020-08-09,Canada,38000000,6527,38,14,0,5559,954,0,0.21,85.17
2020-08-10,Canada,38000000,6579,52,14,0,5604,961,0,0.21,85.18
2020-08-11,Canada,38000000,6621,42,14,0,5642,965,0,0.21,85.21
2020-08-12,Canada,38000000,6650,29,14,0,5665,971,0,0.21,85.19
2020-08-13,Canada,38000000,6699,49,14,0,5711,974,0,0.21,85.25
2020-08-14,Canada,38000000,6751,52,14,0,5754,983,0,0.21,85.23
2020-08-15,Canada,38000000,6800,49,14,0,5795,991,0,0.21,85.22
2020-08-16,Canada,38000000,6839,39,14,0,5829,996,0,0.2,85.23
2020-08-17,Canada,38000000,6888,49,14,0,5871,1003,0,0.2,85.24
2020-08-18,Canada,38000000,6938,50,14,0,5916,1008,0,0.2,85.27
2020-08-19,Canada,38000000,7004,66,14,0,5970,1020,0,0.2,85.24
2020-08-20,Canada,38000000,7067,63,15,1,6020,1032,0,0.21,85.18
2020-08-21,Canada,38000000,7108,41,15,0,6052,1041,0,0.21,85.14
2020-08-22,Canada,38000000,7149,41,15,0,6086,1048,0,0.21,85.13
2020-08-23,Canada,38000000,7206,57,16,1,6135,1055,0,0.22,85.14
2020-08-24,Canada,38000000,7263,57,16,0,6179,1068,0,0.22,85.08
2020-08-25,Canada,38000000,7306,43,16,0,6214,1076,0,0.22,85.05
2020-08-26,Canada,38000000,7348,42,16,0,6252,1080,0,0.22,85.08
2020-08-27,Canada,38000000,7379,31,16,0,6278,1085,0,0.22,85.08
2020-08-28,Canada,38000000,7406,27,16,0,6303,1087,0,0.22,85.11
2020-08-29,Canada,38000000,7454,48,16,0,6340,1098,0,0.21,85.06
2020-08-30,Canada,38000000,7491,37,16,0,6374,1101,0,0.21,85.09
2020-08-31,Canada,38000000,7528,37,16,0,6409,1103,0,0.21,85.14
2020-09-01,Canada,38000000,7568,40,16,0,6446,1106,0,0.21,85.17
2020-09-02,Canada,38000000,7598,30,16,0,6470,1112,0,0.21,85.15
2020-09-03,Canada,38000000,7633,35,16,0,6501,1116,0,0.21,85.17
2020-09-04,Canada,38000000,7682,49,16,0,6545,1121,0,0.21,85.2
2020-09-05,Canada,38000000,7718,36,16,0,6577,1125,0,0.21,85.22
2020-09-06,Canada,38000000,7758,40,16,0,6610,1132,0,0.21,85.2
2020-09-07,Canada,38000000,7795,37,16,0,6640,1139,0,0.21,85.18
2020-09-08,Canada,38000000,7827,32,16,0,6669,1142,0,0.2,85.21
2020-09-09,Canada,38000000,7873,46,16,0,6706,1151,0,0.2,85.18
2020-09-10,Canada,38000000,7909,36,16,0,6736,1157,0,0.2,85.17
2020-09-11,Canada,38000000,7941,32,16,0,6765,1160,0,0.2,85.19
2020-09-12,Canada,38000000,7981,40,16,0,6797,1168,0,0.2,85.16
2020-09-13,Canada,38000000,8012,31,16,0,6824,1172,0,0.2,85.17
2020-09-14,Canada,38000000,8052,40,16,0,6861,1175,0,0.2,85.21
2020-09-15,Canada,38000000,8096,44,16,0,6899,1181,0,0.2,85.21
2020-09-16,Canada,38000000,8152,56,16,0,6951,1185,0,0.2,85.27
2020-09-17,Canada,38000000,8186,34,16,0,6978,1192,0,0.2,85.24
2020-09-18,Canada,38000000,8221,35,16,0,7007,1198,0,0.19,85.23
2020-09-19,Canada,38000000,8258,37,16,0,7038,1204,0,0.19,85.23
2020-09-20,Canada,38000000,8294,36,16,0,7070,1208,0,0.19,85.24
2020-09-21,Canada,38000000,8329,35,16,0,7101,1212,0,0.19,85.26
2020-09-22,Canada,38000000,8378,49,16,0,7140,1222,0,0.19,85.22
2020-09-23,Canada,38000000,8405,27,16,0,7165,1224,0,0.19,85.25
2020-09-24,Canada,38000000,8429,24,16,0,7187,1226,0,0.19,85.27
2020-09-25,Canada,38000000,8467,38,16,0,7219,1232,0,0.19,85.26
2020-09-26,Canada,38000000,8503,36,16,0,7250,1237,0,0.19,85.26
2020-09-27,Canada,38000000,8534,31,16,0,7275,1243,0,0.19,85.25
2020-09-28,Canada,38000000,8562,28,16,0,7299,1247,0,0.19,85.25
2020-09-29,Canada,38000000,8599,37,16,0,7333,1250,0,0.19,85.28
2020-09-30,Canada,38000000,8637,38,16,0,7365,1256,0,0.19,85.27
2020-10-01,Canada,38000000,8671,34,16,0,7397,1258,0,0.18,85.31
2020-10-02,Canada,38000000,8704,33,16,0,7427,1261,0,0.18,85.33
2020-10-03,Canada,38000000,8732,28,16,0,7453,1263,0,0.18,85.35
2020-10-04,Canada,38000000,8760,28,16,0,7479,1265,0,0.18,85.38
2020-10-05,Canada,38000000,8798,38,16,0,7511,1271,0,0.18,85.37
2020-10-06,Canada,38000000,8836,38,16,0,7547,1273,0,0.18,85.41
2020-10-07,Canada,38000000,8864,28,16,0,7569,1279,0,0.18,85.39
2020-10-08,Canada,38000000,8893,29,16,0,7593,1284,0,0.18,85.38
2020-10-09,Canada,38000000,8935,42,16,0,7628,1291,0,0.18,85.37
2020-10-10,Canada,38000000,8967,32,16,0,7656,1295,0,0.18,85.38
2020-10-11,Canada,38000000,9006,39,16,0,7687,1303,0,0.18,85.35
2020-10-12,Canada,38000000,9045,39,16,0,7720,1309,0,0.18,85.35
2020-10-13,Canada,38000000,9088,43,16,0,7758,1314,0,0.18,85.37
2020-10-14,Canada,38000000,9119,31,16,0,7782,1321,0,0.18,85.34
2020-10-15,Canada,38000000,9160,41,16,0,7818,1326,0,0.17,85.35
2020-10-16,Canada,38000000,9192,32,16,0,7844,1332,0,0.17,85.34
2020-10-17,Canada,38000000,9231,39,16,0,7875,1340,0,0.17,85.31
2020-10-18,Canada,38000000,9265,34,16,0,7905,1344,0,0.17,85.32
2020-10-19,Canada,38000000,9297,32,16,0,7935,1346,0,0.17,85.35
2020-10-20,Canada,38000000,9322,25,16,0,7958,1348,0,0.17,85.37
2020-10-21,Canada,38000000,9351,29,16,0,7984,1351,0,0.17,85.38
2020-10-22,Canada,38000000,9385,34,16,0,8011,1358,0,0.17,85.36
2020-10-23,Canada,38000000,9413,28,16,0,8033,1364,0,0.17,85.34
2020-10-24,Canada,38000000,9439,26,16,0,8056,1367,0,0.17,85.35
2020-10-25,Canada,38000000,9484,45,16,0,8095,1373,0,0.17,85.35
2020-10-26,Canada,38000000,9511,27,16,0,8118,1377,0,0.17,85.35
2020-10-27,Canada,38000000,9545,34,16,0,8145,1384,0,0.17,85.33
2020-10-28,Canada,38000000,9577,32,16,0,8171,1390,0,0.17,85.32
2020-10-29,Canada,38000000,9611,34,16,0,8199,1396,0,0.17,85.31
2020-10-30,Canada,38000000,9643,32,16,0,8227,1400,0,0.17,85.32
2020-10-31,Canada,38000000,9681,38,16,0,8262,1403,0,0.17,85.34
2020-11-01,Canada,38000000,9717,36,16,0,8291,1410,0,0.16,85.32
2020-11-02,Canada,38000000,9759,42,16,0,8331,1412,0,0.16,85.37
2020-11-03,Canada,38000000,9797,38,16,0,8363,1418,0,0.16,85.36
2020-11-04,Canada,38000000,9833,36,16,0,8391,1426,0,0.16,85.34
2020-11-05,Canada,38000000,9871,38,16,0,8427,1428,0,0.16,85.37
2020-11-06,Canada,38000000,9906,35,16,0,8459,1431,0,0.16,85.39
2020-11-07,Canada,38000000,9942,36,16,0,8487,1439,0,0.16,85.37
2020-11-08,Canada,38000000,9978,36,16,0,8520,1442,0,0.16,85.39
2020-11-09,Canada,38000000,10017,39,16,0,8557,1444,0,0.16,85.42
2020-11-10,Canada,38000000,10071,54,16,0,8608,1447,0,0.16,85.47
2020-11-11,Canada,38000000,10107,36,16,0,8637,1454,0,0.16,85.46
2020-11-12,Canada,38000000,10152,45,16,0,8674,1462,0,0.16,85.44
2020-11-13,Canada,38000000,10188,36,16,0,8702,1470,0,0.16,85.41
2020-11-14,Canada,38000000,10239,51,16,0,8750,1473,0,0.16,85.46
2020-11-15,Canada,38000000,10284,45,16,0,8791,1477,0,0.16,85.48
2020-11-16,Canada,38000000,10322,38,16,0,8822,1484,0,0.16,85.47
2020-11-17,Canada,38000000,10355,33,16,0,8849,1490,0,0.15,85.46
2020-11-18,Canada,38000000,10382,27,16,0,8870,1496,0,0.15,85.44
2020-11-19,Canada,38000000,10434,52,16,0,8911,1507,0,0.15,85.4
2020-11-20,Canada,38000000,10485,51,16,0,8954,1515,0,0.15,85.4
2020-11-21,Canada,38000000,10530,45,16,0,8990,1524,0,0.15,85.38
2020-11-22,Canada,38000000,10572,42,16,0,9027,1529,0,0.15,85.39
2020-11-23,Canada,38000000,10607,35,16,0,9054,1537,0,0.15,85.36
2020-11-24,Canada,38000000,10639,32,16,0,9083,1540,0,0.15,85.37
2020-11-25,Canada,38000000,10679,40,16,0,9114,1549,0,0.15,85.35
2020-11-26,Canada,38000000,10719,40,16,0,9149,1554,0,0.15,85.35
2020-11-27,Canada,38000000,10760,41,16,0,9183,1561,0,0.15,85.34
2020-11-28,Canada,38000000,10800,40,16,0,9215,1569,0,0.15,85.32
2020-11-29,Canada,38000000,10841,41,16,0,9247,1578,0,0.15,85.3
2020-11-30,Canada,38000000,10886,45,16,0,9284,1586,0,0.15,85.28
2020-12-01,Canada,38000000,10932,46,16,0,9323,1593,0,0.15,85.28
2020-12-02,Canada,38000000,10969,37,16,0,9353,1600,0,0.15,85.27
2020-12-03,Canada,38000000,11008,39,16,0,9385,1607,0,0.15,85.26
2020-12-04,Canada,38000000,11060,52,16,0,9432,1612,0,0.14,85.28
2020-12-05,Canada,38000000,11099,39,16,0,9463,1620,0,0.14,85.26
2020-12-06,Canada,38000000,11162,63,17,1,9518,1627,0,0.15,85.27
2020-12-07,Canada,38000000,11214,52,17,0,9559,1638,0,0.15,85.24
2020-12-08,Canada,38000000,11255,41,17,0,9592,1646,0,0.15,85.22
2020-12-09,Canada,38000000,11313,58,18,1,9642,1653,0,0.16,85.23
2020-12-10,Canada,38000000,11374,61,19,1,9697,1658,0,0.17,85.26
2020-12-11,Canada,38000000,11429,55,19,0,9748,1662,0,0.17,85.29
2020-12-12,Canada,38000000,11494,65,20,1,9801,1673,0,0.17,85.27
2020-12-13,Canada,38000000,11561,67,20,0,9859,1682,0,0.17,85.28
2020-12-14,Canada,38000000,11609,48,20,0,9900,1689,0,0.17,85.28
2020-12-15,Canada,38000000,11678,69,21,1,9964,1693,0,0.18,85.32
2020-12-16,Canada,38000000,11736,58,22,1,10013,1701,0,0.19,85.32
2020-12-17,Canada,38000000,11780,44,22,0,10047,1711,0,0.19,85.29
2020-12-18,Canada,38000000,11827,47,22,0,10086,1719,0,0.19,85.28
2020-12-19,Canada,38000000,11892,65,22,0,10144,1726,0,0.18,85.3
2020-12-20,Canada,38000000,11941,49,22,0,10188,1731,0,0.18,85.32
2020-12-21,Canada,38000000,12011,70,22,0,10243,1746,0,0.18,85.28
2020-12-22,Canada,38000000,12069,58,22,0,10288,1759,0,0.18,85.24
2020-12-23,Canada,38000000,12132,63,23,1,10343,1766,0,0.19,85.25
2020-12-24,Canada,38000000,12196,64,23,0,10401,1772,0,0.19,85.28
2020-12-25,Canada,38000000,12239,43,23,0,10437,1779,0,0.19,85.28
2020-12-26,Canada,38000000,12302,63,23,0,10490,1789,0,0.19,85.27
2020-12-27,Canada,38000000,12370,68,23,0,10551,1796,0,0.19,85.3
2020-12-28,Canada,38000000,12429,59,23,0,10600,1806,0,0.19,85.28
2020-12-29,Canada,38000000,12490,61,24,1,10650,1816,0,0.19,85.27
2020-12-30,Canada,38000000,12531,41,24,0,10688,1819,0,0.19,85.29
2020-12-31,Canada,38000000,12606,75,24,0,10755,1827,0,0.19,85.32
2021-01-01,Canada,38000000,12650,44,24,0,10793,1833,0,0.19,85.32
2021-01-02,Canada,38000000,12715,65,24,0,10853,1838,54346,0.19,85.36
2021-01-03,Canada,38000000,12768,53,24,0,10898,1846,108692,0.19,85.35
2021-01-04,Canada,38000000,12826,58,25,1,10953,1848,163039,0.19,85.4
2021-01-05,Canada,38000000,12880,54,26,1,10998,1856,217385,0.2,85.39
2021-01-06,Canada,38000000,12949,69,26,0,11057,1866,271732,0.2,85.39
2021-01-07,Canada,38000000,13019,70,26,0,11118,1875,326078,0.2,85.4
2021-01-08,Canada,38000000,13079,60,26,0,11173,1880,380424,0.2,85.43
2021-01-09,Canada,38000000,13135,56,26,0,11223,1886,434771,0.2,85.44
2021-01-10,Canada,38000000,13212,77,27,1,11291,1894,489117,0.2,85.46
2021-01-11,Canada,38000000,13268,56,27,0,11339,1902,543464,0.2,85.46
2021-01-12,Canada,38000000,13335,67,27,0,11401,1907,597810,0.2,85.5
2021-01-13,Canada,38000000,13412,77,27,0,11469,1916,652156,0.2,85.51
2021-01-14,Canada,38000000,13465,53,28,1,11513,1924,706503,0.21,85.5
2021-01-15,Canada,38000000,13514,49,28,0,11558,1928,760849,0.21,85.53
2021-01-16,Canada,38000000,13591,77,28,0,11624,1939,815196,0.21,85.53
2021-01-17,Canada,38000000,13646,55,29,1,11671,1946,869542,0.21,85.53
2021-01-18,Canada,38000000,13703,57,29,0,11721,1953,923888,0.21,85.54
2021-01-19,Canada,38000000,13763,60,29,0,11772,1962,978235,0.21,85.53
2021-01-20,Canada,38000000,13823,60,29,0,11819,1975,1032581,0.21,85.5
2021-01-21,Canada,38000000,13911,88,30,1,11891,1990,1086928,0.22,85.48
2021-01-22,Canada,38000000,13982,71,31,1,11957,1994,1141274,0.22,85.52
2021-01-23,Canada,38000000,14061,79,32,1,12021,2008,1195620,0.23,85.49
2021-01-24,Canada,38000000,14130,69,32,0,12077,2021,1249967,0.23,85.47
2021-01-25,Canada,38000000,14221,91,33,1,12158,2030,1304313,0.23,85.49
2021-01-26,Canada,38000000,14323,102,35,2,12240,2048,1358660,0.24,85.46
2021-01-27,Canada,38000000,14378,55,35,0,12287,2056,1413006,0.24,85.46
2021-01-28,Canada,38000000,14436,58,36,1,12336,2064,1467352,0.25,85.45
2021-01-29,Canada,38000000,14522,86,37,1,12406,2079,1521699,0.25,85.43
2021-01-30,Canada,38000000,14588,66,37,0,12467,2084,1576045,0.25,85.46
2021-01-31,Canada,38000000,14658,70,37,0,12523,2098,1630392,0.25,85.43
2021-02-01,Canada,38000000,14724,66,37,0,12579,2108,1684738,0.25,85.43
2021-02-02,Canada,38000000,14807,83,38,1,12644,2125,1739084,0.26,85.39
2021-02-03,Canada,38000000,14888,81,38,0,12718,2132,1793431,0.26,85.42
2021-02-04,Canada,38000000,14940,52,38,0,12761,2141,1847777,0.25,85.41
2021-02-05,Canada,38000000,15021,81,39,1,12826,2156,1902124,0.26,85.39
2021-02-06,Canada,38000000,15121,100,40,1,12907,2174,1956470,0.26,85.36
2021-02-07,Canada,38000000,15190,69,40,0,12967,2183,2010816,0.26,85.37
2021-02-08,Canada,38000000,15275,85,41,1,13040,2194,2065163,0.27,85.37
2021-02-09,Canada,38000000,15387,112,42,1,13136,2209,2119509,0.27,85.37
2021-02-10,Canada,38000000,15478,91,43,1,13218,2217,2173856,0.28,85.4
2021-02-11,Canada,38000000,15556,78,44,1,13287,2225,2228202,0.28,85.41
2021-02-12,Canada,38000000,15627,71,45,1,13342,2240,2282548,0.29,85.38
2021-02-13,Canada,38000000,15705,78,45,0,13404,2256,2336895,0.29,85.35
2021-02-14,Canada,38000000,15783,78,45,0,13476,2262,2391241,0.29,85.38
2021-02-15,Canada,38000000,15859,76,45,0,13538,2276,2445588,0.28,85.36
2021-02-16,Canada,38000000,15947,88,46,1,13613,2288,2499934,0.29,85.36
2021-02-17,Canada,38000000,16008,61,46,0,13671,2291,2554280,0.29,85.4
2021-02-18,Canada,38000000,16086,78,46,0,13733,2307,2608627,0.29,85.37
2021-02-19,Canada,38000000,16151,65,46,0,13784,2321,2662973,0.28,85.34
2021-02-20,Canada,38000000,16234,83,47,1,13856,2331,2717320,0.29,85.35
2021-02-21,Canada,38000000,16328,94,48,1,13941,2339,2771666,0.29,85.38
2021-02-22,Canada,38000000,16427,99,50,2,14035,2342,2826012,0.3,85.44
2021-02-23,Canada,38000000,16493,66,51,1,14088,2354,2880359,0.31,85.42
2021-02-24,Canada,38000000,16555,62,52,1,14137,2366,2934705,0.31,85.39
2021-02-25,Canada,38000000,16630,75,53,1,14203,2374,2989052,0.32,85.41
2021-02-26,Canada,38000000,16706,76,53,0,14270,2383,3043398,0.32,85.42
2021-02-27,Canada,38000000,16777,71,53,0,14325,2399,3097744,0.32,85.38
2021-02-28,Canada,38000000,16857,80,53,0,14390,2414,3152091,0.31,85.37
2021-03-01,Canada,38000000,16938,81,53,0,14467,2418,3206437,0.31,85.41
2021-03-02,Canada,38000000,17008,70,54,1,14529,2425,3260784,0.32,85.42
2021-03-03,Canada,38000000,17068,60,54,0,14585,2429,3315130,0.32,85.45
2021-03-04,Canada,38000000,17137,69,55,1,14650,2432,3369477,0.32,85.49
2021-03-05,Canada,38000000,17229,92,56,1,14733,2440,3423823,0.33,85.51
2021-03-06,Canada,38000000,17306,77,57,1,14796,2453,3478169,0.33,85.5
2021-03-07,Canada,38000000,17381,75,58,1,14859,2464,3532516,0.33,85.49
2021-03-08,Canada,38000000,17493,112,59,1,14954,2480,3586862,0.34,85.49
2021-03-09,Canada,38000000,17568,75,59,0,15020,2489,3641209,0.34,85.5
2021-03-10,Canada,38000000,17655,87,60,1,15089,2506,3695555,0.34,85.47
2021-03-11,Canada,38000000,17748,93,61,1,15177,2510,3749901,0.34,85.51
2021-03-12,Canada,38000000,17853,105,62,1,15268,2523,3804248,0.35,85.52
2021-03-13,Canada,38000000,17924,71,63,1,15324,2537,3858594,0.35,85.49
2021-03-14,Canada,38000000,17986,62,63,0,15379,2544,3912941,0.35,85.51
2021-03-15,Canada,38000000,18069,83,63,0,15452,2554,3967287,0.35,85.52
2021-03-16,Canada,38000000,18165,96,63,0,15539,2563,4021633,0.35,85.54
2021-03-17,Canada,38000000,18230,65,64,1,15601,2565,4075980,0.35,85.58
2021-03-18,Canada,38000000,18307,77,64,0,15670,2573,4130326,0.35,85.6
2021-03-19,Canada,38000000,18395,88,65,1,15739,2591,4184673,0.35,85.56
2021-03-20,Canada,38000000,18479,84,66,1,15818,2595,4239019,0.36,85.6
2021-03-21,Canada,38000000,18546,67,66,0,15874,2606,4293365,0.36,85.59
2021-03-22,Canada,38000000,18626,80,67,1,15947,2612,4347712,0.36,85.62
2021-03-23,Canada,38000000,18698,72,68,1,16004,2626,4402058,0.36,85.59
2021-03-24,Canada,38000000,18788,90,68,0,16079,2641,4456405,0.36,85.58
2021-03-25,Canada,38000000,18866,78,69,1,16150,2647,4510751,0.37,85.6
2021-03-26,Canada,38000000,18943,77,70,1,16216,2657,4565097,0.37,85.6
2021-03-27,Canada,38000000,19035,92,71,1,16300,2664,4619444,0.37,85.63
2021-03-28,Canada,38000000,19112,77,72,1,16366,2674,4673790,0.38,85.63
2021-03-29,Canada,38000000,19194,82,72,0,16430,2692,4728137,0.38,85.6
2021-03-30,Canada,38000000,19260,66,73,1,16490,2697,4782483,0.38,85.62
2021-03-31,Canada,38000000,19363,103,73,0,16583,2707,4836829,0.38,85.64
2021-04-01,Canada,38000000,19438,75,74,1,16653,2711,4891176,0.38,85.67
2021-04-02,Canada,38000000,19500,62,74,0,16710,2716,4945522,0.38,85.69
2021-04-03,Canada,38000000,19573,73,75,1,16776,2722,4999869,0.38,85.71
2021-04-04,Canada,38000000,19674,101,75,0,16870,2729,5054215,0.38,85.75
2021-04-05,Canada,38000000,19742,68,76,1,16925,2741,5108561,0.38,85.73
2021-04-06,Canada,38000000,19833,91,77,1,17001,2755,5162908,0.39,85.72
2021-04-07,Canada,38000000,19907,74,78,1,17060,2769,5217254,0.39,85.7
2021-04-08,Canada,38000000,20010,103,79,1,17142,2789,5271601,0.39,85.67
2021-04-09,Canada,38000000,20082,72,80,1,17208,2794,5325947,0.4,85.69
2021-04-10,Canada,38000000,20170,88,81,1,17278,2811,5380293,0.4,85.66
2021-04-11,Canada,38000000,20246,76,82,1,17347,2817,5434640,0.41,85.68
2021-04-12,Canada,38000000,20325,79,82,0,17411,2832,5488986,0.4,85.66
2021-04-13,Canada,38000000,20372,47,82,0,17450,2840,5543333,0.4,85.66
2021-04-14,Canada,38000000,20445,73,83,1,17512,2850,5597679,0.41,85.65
2021-04-15,Canada,38000000,20508,63,83,0,17568,2857,5652025,0.4,85.66
2021-04-16,Canada,38000000,20588,80,84,1,17630,2874,5706372,0.41,85.63
2021-04-17,Canada,38000000,20707,119,84,0,17733,2890,5760718,0.41,85.64
2021-04-18,Canada,38000000,20801,94,85,1,17807,2909,5815065,0.41,85.61
2021-04-19,Canada,38000000,20882,81,86,1,17873,2923,5869411,0.41,85.59
2021-04-20,Canada,38000000,20980,98,87,1,17951,2942,5923757,0.41,85.56
2021-04-21,Canada,38000000,21039,59,88,1,18004,2947,5978104,0.42,85.57
2021-04-22,Canada,38000000,21108,69,88,0,18057,2963,6032450,0.42,85.55
2021-04-23,Canada,38000000,21173,65,89,1,18115,2969,6086797,0.42,85.56
2021-04-24,Canada,38000000,21241,68,90,1,18179,2972,6141143,0.42,85.58
2021-04-25,Canada,38000000,21317,76,91,1,18246,2980,6195489,0.43,85.59
2021-04-26,Canada,38000000,21366,49,92,1,18292,2982,6249836,0.43,85.61
2021-04-27,Canada,38000000,21435,69,93,1,18356,2986,6304182,0.43,85.64
2021-04-28,Canada,38000000,21501,66,93,0,18416,2992,6358529,0.43,85.65
2021-04-29,Canada,38000000,21569,68,93,0,18479,2997,6412875,0.43,85.67
2021-04-30,Canada,38000000,21673,104,94,1,18563,3016,6467221,0.43,85.65
2021-05-01,Canada,38000000,21759,86,95,1,18633,3031,6521568,0.44,85.63
2021-05-02,Canada,38000000,21843,84,96,1,18700,3047,6575914,0.44,85.61
2021-05-03,Canada,38000000,21939,96,97,1,18783,3059,6630261,0.44,85.61
2021-05-04,Canada,38000000,22025,86,98,1,18860,3067,6684607,0.44,85.63
2021-05-05,Canada,38000000,22083,58,98,0,18906,3079,6738954,0.44,85.61
2021-05-06,Canada,38000000,22153,70,99,1,18970,3084,6793300,0.45,85.63
2021-05-07,Canada,38000000,22219,66,100,1,19026,3093,6847646,0.45,85.63
2021-05-08,Canada,38000000,22290,71,100,0,19088,3102,6901993,0.45,85.63
2021-05-09,Canada,38000000,22372,82,101,1,19162,3109,6956339,0.45,85.65
2021-05-10,Canada,38000000,22427,55,102,1,19208,3117,7010686,0.45,85.65
2021-05-11,Canada,38000000,22515,88,103,1,19277,3135,7065032,0.46,85.62
2021-05-12,Canada,38000000,22581,66,104,1,19329,3148,7119378,0.46,85.6
2021-05-13,Canada,38000000,22648,67,104,0,19382,3162,7173725,0.46,85.58
2021-05-14,Canada,38000000,22708,60,104,0,19431,3173,7228071,0.46,85.57
2021-05-15,Canada,38000000,22774,66,104,0,19486,3184,7282418,0.46,85.56
2021-05-16,Canada,38000000,22837,63,104,0,19542,3191,7336764,0.46,85.57
2021-05-17,Canada,38000000,22911,74,105,1,19606,3200,7391110,0.46,85.57
2021-05-18,Canada,38000000,22979,68,105,0,19668,3206,7445457,0.46,85.59
2021-05-19,Canada,38000000,23044,65,105,0,19726,3213,7499803,0.46,85.6
2021-05-20,Canada,38000000,23097,53,106,1,19776,3215,7554150,0.46,85.62
2021-05-21,Canada,38000000,23156,59,107,1,19827,3222,7608496,0.46,85.62
2021-05-22,Canada,38000000,23213,57,107,0,19878,3228,7662842,0.46,85.63
2021-05-23,Canada,38000000,23282,69,108,1,19937,3237,7717189,0.46,85.63
2021-05-24,Canada,38000000,23347,65,108,0,19997,3242,7771535,0.46,85.65
2021-05-25,Canada,38000000,23432,85,109,1,20072,3251,7825882,0.47,85.66
2021-05-26,Canada,38000000,23511,79,109,0,20143,3259,7880228,0.46,85.67
2021-05-27,Canada,38000000,23597,86,110,1,20222,3265,7934574,0.47,85.7
2021-05-28,Canada,38000000,23657,60,110,0,20279,3268,7988921,0.46,85.72
2021-05-29,Canada,38000000,23714,57,110,0,20329,3275,8043267,0.46,85.73
2021-05-30,Canada,38000000,23773,59,110,0,20377,3286,8097614,0.46,85.71
2021-05-31,Canada,38000000,23824,51,110,0,20423,3291,8151960,0.46,85.72
2021-06-01,Canada,38000000,23905,81,111,1,20491,3303,8206306,0.46,85.72
2021-06-02,Canada,38000000,23951,46,111,0,20534,3306,8260653,0.46,85.73
2021-06-03,Canada,38000000,24041,90,112,1,20605,3324,8314999,0.47,85.71
2021-06-04,Canada,38000000,24097,56,112,0,20655,3330,8369346,0.46,85.72
2021-06-05,Canada,38000000,24147,50,112,0,20700,3335,8423692,0.46,85.72
2021-06-06,Canada,38000000,24209,62,112,0,20754,3343,8478038,0.46,85.73
2021-06-07,Canada,38000000,24275,66,112,0,20815,3348,8532385,0.46,85.75
2021-06-08,Canada,38000000,24325,50,112,0,20858,3355,8586731,0.46,85.75
2021-06-09,Canada,38000000,24367,42,112,0,20891,3364,8641078,0.46,85.73
2021-06-10,Canada,38000000,24416,49,112,0,20935,3369,8695424,0.46,85.74
2021-06-11,Canada,38000000,24477,61,112,0,20985,3380,8749770,0.46,85.73
2021-06-12,Canada,38000000,24547,70,112,0,21046,3389,8804117,0.46,85.74
2021-06-13,Canada,38000000,24621,74,112,0,21107,3402,8858463,0.45,85.73
2021-06-14,Canada,38000000,24670,49,113,1,21146,3411,8912810,0.46,85.72
2021-06-15,Canada,38000000,24727,57,114,1,21198,3415,8967156,0.46,85.73
2021-06-16,Canada,38000000,24785,58,115,1,21253,3417,9021502,0.46,85.75
2021-06-17,Canada,38000000,24843,58,115,0,21303,3425,9075849,0.46,85.75
2021-06-18,Canada,38000000,24902,59,115,0,21351,3436,9130195,0.46,85.74
2021-06-19,Canada,38000000,24953,51,115,0,21391,3447,9184542,0.46,85.73
2021-06-20,Canada,38000000,25004,51,115,0,21437,3452,9238888,0.46,85.73
2021-06-21,Canada,38000000,25063,59,115,0,21488,3460,9293234,0.46,85.74
2021-06-22,Canada,38000000,25137,74,116,1,21550,3471,9347581,0.46,85.73
2021-06-23,Canada,38000000,25181,44,116,0,21587,3478,9401927,0.46,85.73
2021-06-24,Canada,38000000,25245,64,116,0,21638,3491,9456274,0.46,85.71
2021-06-25,Canada,38000000,25308,63,117,1,21687,3504,9510620,0.46,85.69
2021-06-26,Canada,38000000,25359,51,117,0,21729,3513,9564966,0.46,85.69
2021-06-27,Canada,38000000,25412,53,117,0,21776,3519,9619313,0.46,85.69
2021-06-28,Canada,38000000,25462,50,117,0,21820,3525,9673659,0.46,85.7
2021-06-29,Canada,38000000,25506,44,117,0,21859,3530,9728006,0.46,85.7
2021-06-30,Canada,38000000,25566,60,117,0,21905,3544,9782352,0.46,85.68
2021-07-01,Canada,38000000,25637,71,118,1,21970,3549,9836698,0.46,85.7
2021-07-02,Canada,38000000,25687,50,118,0,22016,3553,9891045,0.46,85.71
2021-07-03,Canada,38000000,25744,57,118,0,22062,3564,9945391,0.46,85.7
2021-07-04,Canada,38000000,25812,68,118,0,22122,3572,9999738,0.46,85.7
2021-07-05,Canada,38000000,25870,58,118,0,22173,3579,10054084,0.46,85.71
2021-07-06,Canada,38000000,25938,68,118,0,22228,3592,10108431,0.45,85.7
2021-07-07,Canada,38000000,26008,70,119,1,22282,3607,10162777,0.46,85.67
2021-07-08,Canada,38000000,26078,70,119,0,22344,3615,10217123,0.46,85.68
2021-07-09,Canada,38000000,26144,66,119,0,22398,3627,10271470,0.46,85.67
2021-07-10,Canada,38000000,26207,63,119,0,22454,3634,10325816,0.45,85.68
2021-07-11,Canada,38000000,26260,53,119,0,22496,3645,10380163,0.45,85.67
2021-07-12,Canada,38000000,26303,43,119,0,22530,3654,10434509,0.45,85.66
2021-07-13,Canada,38000000,26350,47,119,0,22570,3661,10488855,0.45,85.65
2021-07-14,Canada,38000000,26413,63,119,0,22623,3671,10543202,0.45,85.65
2021-07-15,Canada,38000000,26452,39,119,0,22659,3674,10597548,0.45,85.66
2021-07-16,Canada,38000000,26507,55,119,0,22708,3680,10651895,0.45,85.67
2021-07-17,Canada,38000000,26562,55,119,0,22758,3685,10706241,0.45,85.68
2021-07-18,Canada,38000000,26607,45,119,0,22799,3689,10760587,0.45,85.69
2021-07-19,Canada,38000000,26661,54,120,1,22842,3699,10814934,0.45,85.68
2021-07-20,Canada,38000000,26706,45,120,0,22878,3708,10869280,0.45,85.67
2021-07-21,Canada,38000000,26750,44,120,0,22913,3717,10923627,0.45,85.66
2021-07-22,Canada,38000000,26813,63,121,1,22962,3730,10977973,0.45,85.64
2021-07-23,Canada,38000000,26857,44,121,0,22996,3740,11032319,0.45,85.62
2021-07-24,Canada,38000000,26912,55,121,0,23046,3745,11086666,0.45,85.63
2021-07-25,Canada,38000000,26960,48,121,0,23090,3749,11141012,0.45,85.65
2021-07-26,Canada,38000000,27008,48,121,0,23134,3753,11195359,0.45,85.66
2021-07-27,Canada,38000000,27055,47,121,0,23171,3763,11249705,0.45,85.64
2021-07-28,Canada,38000000,27102,47,121,0,23208,3773,11304051,0.45,85.63
2021-07-29,Canada,38000000,27157,55,121,0,23257,3779,11358398,0.45,85.64
2021-07-30,Canada,38000000,27198,41,121,0,23294,3783,11412744,0.44,85.65
2021-07-31,Canada,38000000,27254,56,121,0,23344,3789,11467091,0.44,85.65
2021-08-01,Canada,38000000,27294,40,121,0,23379,3794,11521437,0.44,85.66
2021-08-02,Canada,38000000,27345,51,121,0,23422,3802,11575783,0.44,85.65
2021-08-03,Canada,38000000,27389,44,121,0,23463,3805,11630130,0.44,85.67
2021-08-04,Canada,38000000,27436,47,121,0,23502,3813,11684476,0.44,85.66
2021-08-05,Canada,38000000,27483,47,121,0,23544,3818,11738823,0.44,85.67
2021-08-06,Canada,38000000,27543,60,121,0,23598,3824,11793169,0.44,85.68
2021-08-07,Canada,38000000,27605,62,121,0,23649,3835,11847515,0.44,85.67
2021-08-08,Canada,38000000,27655,50,121,0,23693,3841,11901862,0.44,85.67
2021-08-09,Canada,38000000,27707,52,121,0,23741,3845,11956208,0.44,85.69
2021-08-10,Canada,38000000,27762,55,121,0,23784,3857,12010555,0.44,85.67
2021-08-11,Canada,38000000,27820,58,121,0,23832,3867,12064901,0.43,85.66
2021-08-12,Canada,38000000,27881,61,121,0,23889,3871,12119247,0.43,85.68
2021-08-13,Canada,38000000,27931,50,121,0,23928,3882,12173594,0.43,85.67
2021-08-14,Canada,38000000,27983,52,122,1,23971,3890,12227940,0.44,85.66
2021-08-15,Canada,38000000,28027,44,122,0,24011,3894,12282287,0.44,85.67
2021-08-16,Canada,38000000,28082,55,123,1,24060,3899,12336633,0.44,85.68
2021-08-17,Canada,38000000,28131,49,123,0,24103,3905,12390979,0.44,85.68
2021-08-18,Canada,38000000,28177,46,123,0,24142,3912,12445326,0.44,85.68
2021-08-19,Canada,38000000,28250,73,123,0,24203,3924,12499672,0.44,85.67
2021-08-20,Canada,38000000,28300,50,123,0,24250,3927,12554019,0.43,85.69
2021-08-21,Canada,38000000,28374,74,123,0,24314,3937,12608365,0.43,85.69
2021-08-22,Canada,38000000,28420,46,123,0,24351,3946,12662711,0.43,85.68
2021-08-23,Canada,38000000,28467,47,123,0,24393,3951,12717058,0.43,85.69
2021-08-24,Canada,38000000,28516,49,123,0,24437,3956,12771404,0.43,85.7
2021-08-25,Canada,38000000,28571,55,124,1,24488,3959,12825751,0.43,85.71
2021-08-26,Canada,38000000,28623,52,124,0,24529,3970,12880097,0.43,85.7
2021-08-27,Canada,38000000,28672,49,124,0,24567,3981,12934443,0.43,85.68
2021-08-28,Canada,38000000,28727,55,124,0,24614,3989,12988790,0.43,85.68
2021-08-29,Canada,38000000,28764,37,124,0,24647,3993,13043136,0.43,85.69
2021-08-30,Canada,38000000,28812,48,124,0,24689,3999,13097483,0.43,85.69
2021-08-31,Canada,38000000,28859,47,124,0,24729,4006,13151829,0.43,85.69
2021-09-01,Canada,38000000,28904,45,124,0,24768,4012,13206176,0.43,85.69
2021-09-02,Canada,38000000,28959,55,124,0,24817,4018,13260522,0.43,85.7
2021-09-03,Canada,38000000,29033,74,124,0,24879,4030,13314868,0.43,85.69
2021-09-04,Canada,38000000,29088,55,124,0,24927,4037,13369215,0.43,85.7
2021-09-05,Canada,38000000,29147,59,125,1,24982,4040,13423561,0.43,85.71
2021-09-06,Canada,38000000,29206,59,125,0,25030,4051,13477908,0.43,85.7
2021-09-07,Canada,38000000,29248,42,125,0,25063,4060,13532254,0.43,85.69
2021-09-08,Canada,38000000,29312,64,126,1,25121,4065,13586600,0.43,85.7
2021-09-09,Canada,38000000,29377,65,126,0,25177,4074,13640947,0.43,85.7
2021-09-10,Canada,38000000,29419,42,126,0,25213,4080,13695293,0.43,85.7
2021-09-11,Canada,38000000,29473,54,126,0,25257,4090,13749640,0.43,85.7
2021-09-12,Canada,38000000,29537,64,127,1,25313,4097,13803986,0.43,85.7
2021-09-13,Canada,38000000,29594,57,127,0,25364,4103,13858332,0.43,85.71
2021-09-14,Canada,38000000,29657,63,128,1,25424,4105,13912679,0.43,85.73
2021-09-15,Canada,38000000,29737,80,129,1,25496,4112,13967025,0.43,85.74
2021-09-16,Canada,38000000,29796,59,130,1,25551,4115,14021372,0.44,85.75
2021-09-17,Canada,38000000,29864,68,131,1,25614,4119,14075718,0.44,85.77
2021-09-18,Canada,38000000,29913,49,131,0,25658,4124,14130064,0.44,85.78
2021-09-19,Canada,38000000,29970,57,131,0,25707,4132,14184411,0.44,85.78
2021-09-20,Canada,38000000,30058,88,132,1,25786,4140,14238757,0.44,85.79
2021-09-21,Canada,38000000,30135,77,133,1,25854,4148,14293104,0.44,85.79
2021-09-22,Canada,38000000,30191,56,133,0,25907,4151,14347450,0.44,85.81
2021-09-23,Canada,38000000,30261,70,134,1,25970,4157,14401796,0.44,85.82
2021-09-24,Canada,38000000,30302,41,134,0,26002,4166,14456143,0.44,85.81
2021-09-25,Canada,38000000,30358,56,134,0,26050,4174,14510489,0.44,85.81
2021-09-26,Canada,38000000,30450,92,135,1,26132,4183,14564836,0.44,85.82
2021-09-27,Canada,38000000,30520,70,136,1,26193,4191,14619182,0.45,85.82
2021-09-28,Canada,38000000,30576,56,136,0,26242,4198,14673528,0.44,85.83
2021-09-29,Canada,38000000,30641,65,136,0,26302,4203,14727875,0.44,85.84
2021-09-30,Canada,38000000,30717,76,137,1,26363,4217,14782221,0.45,85.83
2021-10-01,Canada,38000000,30782,65,137,0,26421,4224,14836568,0.45,85.83
2021-10-02,Canada,38000000,30834,52,137,0,26470,4227,14890914,0.44,85.85
2021-10-03,Canada,38000000,30888,54,137,0,26517,4234,14945260,0.44,85.85
2021-10-04,Canada,38000000,30974,86,138,1,26591,4245,14999607,0.45,85.85
2021-10-05,Canada,38000000,31016,42,138,0,26630,4248,15053953,0.44,85.86
2021-10-06,Canada,38000000,31091,75,139,1,26692,4260,15108300,0.45,85.85
2021-10-07,Canada,38000000,31170,79,139,0,26765,4266,15162646,0.45,85.87
2021-10-08,Canada,38000000,31236,66,139,0,26827,4270,15216992,0.44,85.88
2021-10-09,Canada,38000000,31293,57,139,0,26880,4274,15271339,0.44,85.9
2021-10-10,Canada,38000000,31349,56,140,1,26925,4284,15325685,0.45,85.89
2021-10-11,Canada,38000000,31399,50,140,0,26967,4292,15380032,0.45,85.88
2021-10-12,Canada,38000000,31460,61,140,0,27022,4298,15434378,0.45,85.89
2021-10-13,Canada,38000000,31530,70,140,0,27077,4313,15488724,0.44,85.88
2021-10-14,Canada,38000000,31597,67,140,0,27136,4321,15543071,0.44,85.88
2021-10-15,Canada,38000000,31690,93,141,1,27210,4339,15597417,0.44,85.86
2021-10-16,Canada,38000000,31778,88,141,0,27278,4359,15651764,0.44,85.84
2021-10-17,Canada,38000000,31853,75,142,1,27347,4364,15706110,0.45,85.85
2021-10-18,Canada,38000000,31924,71,143,1,27406,4375,15760456,0.45,85.85
2021-10-19,Canada,38000000,31988,64,143,0,27467,4378,15814803,0.45,85.87
2021-10-20,Canada,38000000,32055,67,144,1,27520,4391,15869149,0.45,85.85
2021-10-21,Canada,38000000,32106,51,144,0,27559,4403,15923496,0.45,85.84
2021-10-22,Canada,38000000,32167,61,145,1,27617,4405,15977842,0.45,85.86
2021-10-23,Canada,38000000,32232,65,145,0,27672,4415,16032188,0.45,85.85
2021-10-24,Canada,38000000,32289,57,146,1,27720,4423,16086535,0.45,85.85
2021-10-25,Canada,38000000,32340,51,146,0,27762,4432,16140881,0.45,85.84
2021-10-26,Canada,38000000,32412,72,147,1,27819,4446,16195228,0.45,85.83
2021-10-27,Canada,38000000,32469,57,147,0,27871,4451,16249574,0.45,85.84
2021-10-28,Canada,38000000,32536,67,147,0,27934,4455,16303920,0.45,85.86
2021-10-29,Canada,38000000,32603,67,147,0,27986,4470,16358267,0.45,85.84
2021-10-30,Canada,38000000,32653,50,147,0,28026,4480,16412613,0.45,85.83
2021-10-31,Canada,38000000,32736,83,148,1,28099,4489,16466960,0.45,85.84
2021-11-01,Canada,38000000,32793,57,148,0,28151,4494,16521306,0.45,85.84
2021-11-02,Canada,38000000,32857,64,148,0,28201,4508,16575653,0.45,85.83
2021-11-03,Canada,38000000,32935,78,149,1,28262,4524,16629999,0.45,85.81
2021-11-04,Canada,38000000,32992,57,149,0,28307,4536,16684345,0.45,85.8
2021-11-05,Canada,38000000,33052,60,150,1,28354,4548,16738692,0.45,85.79
2021-11-06,Canada,38000000,33103,51,150,0,28397,4556,16793038,0.45,85.78
2021-11-07,Canada,38000000,33174,71,150,0,28464,4560,16847385,0.45,85.8
2021-11-08,Canada,38000000,33264,90,150,0,28543,4571,16901731,0.45,85.81
2021-11-09,Canada,38000000,33352,88,151,1,28623,4578,16956077,0.45,85.82
2021-11-10,Canada,38000000,33425,73,151,0,28689,4585,17010424,0.45,85.83
2021-11-11,Canada,38000000,33510,85,152,1,28756,4602,17064770,0.45,85.81
2021-11-12,Canada,38000000,33595,85,152,0,28832,4611,17119117,0.45,85.82
2021-11-13,Canada,38000000,33665,70,153,1,28898,4614,17173463,0.45,85.84
2021-11-14,Canada,38000000,33744,79,154,1,28972,4618,17227809,0.46,85.86
2021-11-15,Canada,38000000,33818,74,154,0,29040,4624,17282156,0.46,85.87
2021-11-16,Canada,38000000,33897,79,155,1,29103,4639,17336502,0.46,85.86
2021-11-17,Canada,38000000,33964,67,156,1,29158,4650,17390849,0.46,85.85
2021-11-18,Canada,38000000,34046,82,157,1,29234,4655,17445195,0.46,85.87
2021-11-19,Canada,38000000,34118,72,158,1,29302,4658,17499541,0.46,85.88
2021-11-20,Canada,38000000,34180,62,158,0,29351,4671,17553888,0.46,85.87
2021-11-21,Canada,38000000,34272,92,159,1,29425,4688,17608234,0.46,85.86
2021-11-22,Canada,38000000,34342,70,159,0,29491,4692,17662581,0.46,85.87
2021-11-23,Canada,38000000,34435,93,160,1,29566,4709,17716927,0.46,85.86
2021-11-24,Canada,38000000,34517,82,160,0,29637,4720,17771273,0.46,85.86
2021-11-25,Canada,38000000,34592,75,161,1,29705,4726,17825620,0.47,85.87
2021-11-26,Canada,38000000,34644,52,161,0,29752,4731,17879966,0.46,85.88
2021-11-27,Canada,38000000,34717,73,161,0,29810,4746,17934313,0.46,85.87
2021-11-28,Canada,38000000,34782,65,161,0,29862,4759,17988659,0.46,85.85
2021-11-29,Canada,38000000,34863,81,162,1,29935,4766,18043005,0.46,85.86
2021-11-30,Canada,38000000,34935,72,162,0,29998,4775,18097352,0.46,85.87
2021-12-01,Canada,38000000,35002,67,162,0,30052,4788,18151698,0.46,85.86
2021-12-02,Canada,38000000,35061,59,162,0,30102,4797,18206045,0.46,85.86
2021-12-03,Canada,38000000,35127,66,163,1,30161,4803,18260391,0.46,85.86
2021-12-04,Canada,38000000,35213,86,164,1,30231,4818,18314737,0.47,85.85
2021-12-05,Canada,38000000,35297,84,165,1,30300,4832,18369084,0.47,85.84
2021-12-06,Canada,38000000,35390,93,166,1,30387,4837,18423430,0.47,85.86
2021-12-07,Canada,38000000,35450,60,166,0,30443,4841,18477777,0.47,85.88
2021-12-08,Canada,38000000,35503,53,166,0,30488,4849,18532123,0.47,85.87
2021-12-09,Canada,38000000,35574,71,167,1,30545,4862,18586469,0.47,85.86
2021-12-10,Canada,38000000,35657,83,168,1,30623,4866,18640816,0.47,85.88
2021-12-11,Canada,38000000,35710,53,168,0,30667,4875,18695162,0.47,85.88
2021-12-12,Canada,38000000,35786,76,169,1,30726,4891,18749509,0.47,85.86
2021-12-13,Canada,38000000,35863,77,170,1,30786,4907,18803855,0.47,85.84
2021-12-14,Canada,38000000,35971,108,171,1,30880,4920,18858201,0.48,85.85
2021-12-15,Canada,38000000,36046,75,171,0,30945,4930,18912548,0.47,85.85
2021-12-16,Canada,38000000,36115,69,171,0,31005,4939,18966894,0.47,85.85
2021-12-17,Canada,38000000,36175,60,171,0,31058,4946,19021241,0.47,85.85
2021-12-18,Canada,38000000,36246,71,172,1,31114,4960,19075587,0.47,85.84
2021-12-19,Canada,38000000,36329,83,172,0,31188,4969,19129933,0.47,85.85
2021-12-20,Canada,38000000,36384,55,172,0,31234,4978,19184280,0.47,85.85
2021-12-21,Canada,38000000,36459,75,173,1,31304,4982,19238626,0.47,85.86
2021-12-22,Canada,38000000,36536,77,174,1,31371,4991,19292973,0.48,85.86
2021-12-23,Canada,38000000,36588,52,175,1,31414,4999,19347319,0.48,85.86
2021-12-24,Canada,38000000,36682,94,175,0,31490,5017,19401665,0.48,85.85
2021-12-25,Canada,38000000,36747,65,176,1,31548,5023,19456012,0.48,85.85
2021-12-26,Canada,38000000,36808,61,176,0,31604,5028,19510358,0.48,85.86
2021-12-27,Canada,38000000,36940,132,177,1,31727,5036,19564705,0.48,85.89
2021-12-28,Canada,38000000,37025,85,177,0,31794,5054,19619051,0.48,85.87
2021-12-29,Canada,38000000,37108,83,178,1,31861,5069,19673397,0.48,85.86
2021-12-30,Canada,38000000,37165,57,178,0,31912,5075,19727744,0.48,85.87
2021-12-31,Canada,38000000,37221,56,179,1,31965,5077,19782090,0.48,85.88
2022-01-01,Canada,38000000,37309,88,179,0,32042,5088,19836437,0.48,85.88
2022-01-02,Canada,38000000,37362,53,179,0,32091,5092,19890783,0.48,85.89
2022-01-03,Canada,38000000,37425,63,179,0,32140,5106,19945130,0.48,85.88
2022-01-04,Canada,38000000,37507,82,180,1,32212,5115,19999476,0.48,85.88
2022-01-05,Canada,38000000,37558,51,180,0,32259,5119,20053822,0.48,85.89
2022-01-06,Canada,38000000,37660,102,181,1,32354,5125,20108169,0.48,85.91
2022-01-07,Canada,38000000,37734,74,181,0,32415,5138,20162515,0.48,85.9
2022-01-08,Canada,38000000,37802,68,181,0,32472,5149,20216862,0.48,85.9
2022-01-09,Canada,38000000,37865,63,182,1,32531,5152,20271208,0.48,85.91
2022-01-10,Canada,38000000,37927,62,182,0,32583,5162,20325554,0.48,85.91
2022-01-11,Canada,38000000,38002,75,183,1,32642,5177,20379901,0.48,85.9
2022-01-12,Canada,38000000,38085,83,183,0,32712,5190,20434247,0.48,85.89
2022-01-13,Canada,38000000,38152,67,183,0,32775,5194,20488594,0.48,85.91
2022-01-14,Canada,38000000,38216,64,183,0,32835,5198,20542940,0.48,85.92
2022-01-15,Canada,38000000,38274,58,183,0,32884,5207,20597286,0.48,85.92
2022-01-16,Canada,38000000,38350,76,183,0,32952,5215,20651633,0.48,85.92
2022-01-17,Canada,38000000,38411,61,183,0,33010,5218,20705979,0.48,85.94
2022-01-18,Canada,38000000,38498,87,184,1,33083,5231,20760326,0.48,85.93
2022-01-19,Canada,38000000,38578,80,184,0,33154,5240,20814672,0.48,85.94
2022-01-20,Canada,38000000,38640,62,185,1,33204,5251,20869018,0.48,85.93
2022-01-21,Canada,38000000,38708,68,186,1,33261,5261,20923365,0.48,85.93
2022-01-22,Canada,38000000,38763,55,186,0,33311,5266,20977711,0.48,85.94
2022-01-23,Canada,38000000,38804,41,186,0,33346,5272,21032058,0.48,85.93
2022-01-24,Canada,38000000,38875,71,187,1,33410,5278,21086404,0.48,85.94
2022-01-25,Canada,38000000,38918,43,187,0,33445,5286,21140750,0.48,85.94
2022-01-26,Canada,38000000,38973,55,187,0,33493,5293,21195097,0.48,85.94
2022-01-27,Canada,38000000,39037,64,187,0,33550,5300,21249443,0.48,85.94
2022-01-28,Canada,38000000,39111,74,187,0,33611,5313,21303790,0.48,85.94
2022-01-29,Canada,38000000,39175,64,187,0,33668,5320,21358136,0.48,85.94
2022-01-30,Canada,38000000,39247,72,188,1,33724,5335,21412482,0.48,85.93
2022-01-31,Canada,38000000,39304,57,188,0,33773,5343,21466829,0.48,85.93
2022-02-01,Canada,38000000,39354,50,189,1,33814,5351,21521175,0.48,85.92
2022-02-02,Canada,38000000,39421,67,189,0,33866,5366,21575522,0.48,85.91
2022-02-03,Canada,38000000,39482,61,189,0,33923,5370,21629868,0.48,85.92
2022-02-04,Canada,38000000,39544,62,189,0,33979,5376,21684214,0.48,85.93
2022-02-05,Canada,38000000,39608,64,190,1,34038,5380,21738561,0.48,85.94
2022-02-06,Canada,38000000,39674,66,191,1,34091,5392,21792907,0.48,85.93
2022-02-07,Canada,38000000,39743,69,192,1,34151,5400,21847254,0.48,85.93
2022-02-08,Canada,38000000,39787,44,192,0,34191,5404,21901600,0.48,85.94
2022-02-09,Canada,38000000,39843,56,192,0,34234,5417,21955946,0.48,85.92
2022-02-10,Canada,38000000,39904,61,192,0,34289,5423,22010293,0.48,85.93
2022-02-11,Canada,38000000,39982,78,192,0,34357,5433,22064639,0.48,85.93
2022-02-12,Canada,38000000,40043,61,193,1,34413,5437,22118986,0.48,85.94
2022-02-13,Canada,38000000,40117,74,193,0,34473,5451,22173332,0.48,85.93
2022-02-14,Canada,38000000,40169,52,193,0,34516,5460,22227678,0.48,85.93
2022-02-15,Canada,38000000,40238,69,193,0,34573,5472,22282025,0.48,85.92
2022-02-16,Canada,38000000,40307,69,194,1,34630,5483,22336371,0.48,85.92
2022-02-17,Canada,38000000,40380,73,194,0,34690,5496,22390718,0.48,85.91
2022-02-18,Canada,38000000,40428,48,194,0,34728,5506,22445064,0.48,85.9
2022-02-19,Canada,38000000,40480,52,194,0,34775,5511,22499410,0.48,85.91
2022-02-20,Canada,38000000,40537,57,194,0,34821,5522,22553757,0.48,85.9
2022-02-21,Canada,38000000,40591,54,194,0,34866,5531,22608103,0.48,85.9
2022-02-22,Canada,38000000,40645,54,194,0,34910,5541,22662450,0.48,85.89
2022-02-23,Canada,38000000,40693,48,194,0,34947,5552,22716796,0.48,85.88
2022-02-24,Canada,38000000,40739,46,194,0,34989,5556,22771142,0.48,85.89
2022-02-25,Canada,38000000,40783,44,194,0,35028,5561,22825489,0.48,85.89
2022-02-26,Canada,38000000,40833,50,194,0,35067,5572,22879835,0.48,85.88
2022-02-27,Canada,38000000,40873,40,194,0,35102,5577,22934182,0.47,85.88
2022-02-28,Canada,38000000,40918,45,194,0,35142,5582,22988528,0.47,85.88
2022-03-01,Canada,38000000,40959,41,194,0,35178,5587,23042875,0.47,85.89
2022-03-02,Canada,38000000,41005,46,194,0,35216,5595,23097221,0.47,85.88
2022-03-03,Canada,38000000,41048,43,194,0,35255,5599,23151567,0.47,85.89
2022-03-04,Canada,38000000,41091,43,194,0,35293,5604,23205914,0.47,85.89
2022-03-05,Canada,38000000,41136,45,194,0,35331,5611,23260260,0.47,85.89
2022-03-06,Canada,38000000,41174,38,194,0,35361,5619,23314607,0.47,85.88
2022-03-07,Canada,38000000,41228,54,194,0,35403,5631,23368953,0.47,85.87
2022-03-08,Canada,38000000,41274,46,194,0,35441,5639,23423299,0.47,85.87
2022-03-09,Canada,38000000,41314,40,194,0,35478,5642,23477646,0.47,85.87
2022-03-10,Canada,38000000,41351,37,194,0,35509,5648,23531992,0.47,85.87
2022-03-11,Canada,38000000,41390,39,194,0,35543,5653,23586339,0.47,85.87
2022-03-12,Canada,38000000,41432,42,194,0,35580,5658,23640685,0.47,85.88
2022-03-13,Canada,38000000,41480,48,194,0,35618,5668,23695031,0.47,85.87
2022-03-14,Canada,38000000,41523,43,194,0,35655,5674,23749378,0.47,85.87
2022-03-15,Canada,38000000,41571,48,194,0,35692,5685,23803724,0.47,85.86
2022-03-16,Canada,38000000,41607,36,194,0,35724,5689,23858071,0.47,85.86
2022-03-17,Canada,38000000,41647,40,194,0,35756,5697,23912417,0.47,85.85
2022-03-18,Canada,38000000,41683,36,194,0,35784,5705,23966763,0.47,85.85
2022-03-19,Canada,38000000,41747,64,194,0,35837,5716,24021110,0.46,85.84
2022-03-20,Canada,38000000,41793,46,194,0,35873,5726,24075456,0.46,85.83
2022-03-21,Canada,38000000,41830,37,194,0,35902,5734,24129803,0.46,85.83
2022-03-22,Canada,38000000,41865,35,194,0,35933,5738,24184149,0.46,85.83
2022-03-23,Canada,38000000,41909,44,194,0,35968,5747,24238495,0.46,85.82
2022-03-24,Canada,38000000,41937,28,194,0,35992,5751,24292842,0.46,85.82
2022-03-25,Canada,38000000,41977,40,194,0,36024,5759,24347188,0.46,85.82
2022-03-26,Canada,38000000,42016,39,194,0,36060,5762,24401535,0.46,85.82
2022-03-27,Canada,38000000,42055,39,194,0,36091,5770,24455881,0.46,85.82
2022-03-28,Canada,38000000,42102,47,194,0,36135,5773,24510227,0.46,85.83
2022-03-29,Canada,38000000,42139,37,194,0,36167,5778,24564574,0.46,85.83
2022-03-30,Canada,38000000,42176,37,194,0,36198,5784,24618920,0.46,85.83
2022-03-31,Canada,38000000,42206,30,194,0,36225,5787,24673267,0.46,85.83
2022-04-01,Canada,38000000,42238,32,194,0,36251,5793,24727613,0.46,85.83
2022-04-02,Canada,38000000,42276,38,194,0,36286,5796,24781959,0.46,85.83
2022-04-03,Canada,38000000,42331,55,194,0,36332,5805,24836306,0.46,85.83
2022-04-04,Canada,38000000,42369,38,194,0,36362,5813,24890652,0.46,85.82
2022-04-05,Canada,38000000,42402,33,194,0,36390,5818,24944999,0.46,85.82
2022-04-06,Canada,38000000,42448,46,194,0,36430,5824,24999345,0.46,85.82
2022-04-07,Canada,38000000,42487,39,194,0,36463,5830,25053691,0.46,85.82
2022-04-08,Canada,38000000,42527,40,194,0,36494,5839,25108038,0.46,85.81
2022-04-09,Canada,38000000,42562,35,194,0,36526,5842,25162384,0.46,85.82
2022-04-10,Canada,38000000,42597,35,194,0,36557,5846,25216731,0.46,85.82
2022-04-11,Canada,38000000,42636,39,194,0,36592,5850,25271077,0.46,85.82
2022-04-12,Canada,38000000,42665,29,194,0,36616,5855,25325423,0.45,85.82
2022-04-13,Canada,38000000,42693,28,194,0,36638,5861,25379770,0.45,85.82
2022-04-14,Canada,38000000,42735,42,194,0,36676,5865,25434116,0.45,85.82
2022-04-15,Canada,38000000,42765,30,194,0,36703,5868,25488463,0.45,85.82
2022-04-16,Canada,38000000,42794,29,194,0,36729,5871,25542809,0.45,85.83
2022-04-17,Canada,38000000,42824,30,194,0,36755,5875,25597155,0.45,85.83
2022-04-18,Canada,38000000,42855,31,194,0,36783,5878,25651502,0.45,85.83
2022-04-19,Canada,38000000,42884,29,194,0,36807,5883,25705848,0.45,85.83
2022-04-20,Canada,38000000,42912,28,194,0,36833,5885,25760195,0.45,85.83
2022-04-21,Canada,38000000,42939,27,194,0,36857,5888,25814541,0.45,85.84
2022-04-22,Canada,38000000,42964,25,194,0,36880,5890,25868887,0.45,85.84
2022-04-23,Canada,38000000,42994,30,194,0,36907,5893,25923234,0.45,85.84
2022-04-24,Canada,38000000,43024,30,194,0,36931,5899,25977580,0.45,85.84
2022-04-25,Canada,38000000,43048,24,194,0,36952,5902,26031927,0.45,85.84
2022-04-26,Canada,38000000,43073,25,194,0,36974,5905,26086273,0.45,85.84
2022-04-27,Canada,38000000,43113,40,194,0,37011,5908,26140619,0.45,85.85
2022-04-28,Canada,38000000,43143,30,194,0,37035,5914,26194966,0.45,85.84
2022-04-29,Canada,38000000,43174,31,194,0,37063,5917,26249312,0.45,85.85
2022-04-30,Canada,38000000,43202,28,194,0,37084,5924,26303659,0.45,85.84
2022-05-01,Canada,38000000,43234,32,194,0,37111,5929,26358005,0.45,85.84
2022-05-02,Canada,38000000,43263,29,194,0,37136,5933,26412352,0.45,85.84
2022-05-03,Canada,38000000,43287,24,194,0,37158,5935,26466698,0.45,85.84
2022-05-04,Canada,38000000,43310,23,194,0,37178,5938,26521044,0.45,85.84
2022-05-05,Canada,38000000,43339,29,194,0,37203,5942,26575391,0.45,85.84
2022-05-06,Canada,38000000,43365,26,194,0,37226,5945,26629737,0.45,85.84
2022-05-07,Canada,38000000,43383,18,194,0,37241,5948,26684084,0.45,85.84
2022-05-08,Canada,38000000,43405,22,194,0,37260,5951,26738430,0.45,85.84
2022-05-09,Canada,38000000,43426,21,194,0,37279,5953,26792776,0.45,85.84
2022-05-10,Canada,38000000,43448,22,194,0,37296,5958,26847123,0.45,85.84
2022-05-11,Canada,38000000,43468,20,194,0,37312,5962,26901469,0.45,85.84
2022-05-12,Canada,38000000,43493,25,194,0,37334,5965,26955816,0.45,85.84
2022-05-13,Canada,38000000,43516,23,194,0,37355,5967,27010162,0.45,85.84
2022-05-14,Canada,38000000,43536,20,194,0,37371,5971,27064508,0.45,85.84
2022-05-15,Canada,38000000,43555,19,194,0,37389,5972,27118855,0.45,85.84
2022-05-16,Canada,38000000,43574,19,194,0,37405,5975,27173201,0.45,85.84
2022-05-17,Canada,38000000,43599,25,194,0,37427,5978,27173201,0.44,85.84
2022-05-18,Canada,38000000,43627,28,194,0,37449,5984,27173201,0.44,85.84
2022-05-19,Canada,38000000,43649,22,194,0,37468,5987,27173201,0.44,85.84
2022-05-20,Canada,38000000,43667,18,194,0,37482,5991,27173201,0.44,85.84
2022-05-21,Canada,38000000,43690,23,194,0,37501,5995,27173201,0.44,85.83
2022-05-22,Canada,38000000,43708,18,194,0,37515,5999,27173201,0.44,85.83
2022-05-23,Canada,38000000,43728,20,194,0,37533,6001,27173201,0.44,85.83
2022-05-24,Canada,38000000,43749,21,194,0,37549,6006,27173201,0.44,85.83
2022-05-25,Canada,38000000,43765,16,194,0,37562,6009,27173201,0.44,85.83
2022-05-26,Canada,38000000,43784,19,194,0,37578,6012,27173201,0.44,85.83
2022-05-27,Canada,38000000,43798,14,194,0,37591,6013,27173201,0.44,85.83
2022-05-28,Canada,38000000,43812,14,194,0,37601,6017,27173201,0.44,85.82
2022-05-29,Canada,38000000,43832,20,194,0,37618,6020,27173201,0.44,85.82
2022-05-30,Canada,38000000,43844,12,194,0,37628,6022,27173201,0.44,85.82
2022-05-31,Canada,38000000,43860,16,194,0,37641,6025,27173201,0.44,85.82
2022-06-01,Canada,38000000,43872,12,194,0,37651,6027,27173201,0.44,85.82
2022-06-02,Canada,38000000,43887,15,194,0,37662,6031,27173201,0.44,85.82
2022-06-03,Canada,38000000,43899,12,194,0,37672,6033,27173201,0.44,85.82
2022-06-04,Canada,38000000,43914,15,194,0,37686,6034,27173201,0.44,85.82
2022-06-05,Canada,38000000,43933,19,194,0,37703,6036,27173201,0.44,85.82
2022-06-06,Canada,38000000,43948,15,194,0,37716,6038,27173201,0.44,85.82
2022-06-07,Canada,38000000,43962,14,194,0,37729,6039,27173201,0.44,85.82
2022-06-08,Canada,38000000,43978,16,194,0,37742,6042,27173201,0.44,85.82
2022-06-09,Canada,38000000,43990,12,194,0,37752,6044,27173201,0.44,85.82
2022-06-10,Canada,38000000,44006,16,194,0,37766,6046,27173201,0.44,85.82
2022-06-11,Canada,38000000,44023,17,194,0,37781,6048,27173201,0.44,85.82
2022-06-12,Canada,38000000,44036,13,194,0,37792,6050,27173201,0.44,85.82
2022-06-13,Canada,38000000,44048,12,194,0,37801,6053,27173201,0.44,85.82
2022-06-14,Canada,38000000,44062,14,194,0,37812,6056,27173201,0.44,85.82
2022-06-15,Canada,38000000,44073,11,194,0,37821,6058,27173201,0.44,85.81
2022-06-16,Canada,38000000,44087,14,194,0,37833,6060,27173201,0.44,85.81
2022-06-17,Canada,38000000,44100,13,194,0,37843,6063,27173201,0.44,85.81
2022-06-18,Canada,38000000,44111,11,194,0,37852,6065,27173201,0.44,85.81
2022-06-19,Canada,38000000,44124,13,194,0,37862,6068,27173201,0.44,85.81
2022-06-20,Canada,38000000,44136,12,194,0,37872,6070,27173201,0.44,85.81
2022-06-21,Canada,38000000,44147,11,194,0,37882,6071,27173201,0.44,85.81
2022-06-22,Canada,38000000,44159,12,194,0,37892,6073,27173201,0.44,85.81
2022-06-23,Canada,38000000,44168,9,194,0,37900,6074,27173201,0.44,85.81
2022-06-24,Canada,38000000,44176,8,194,0,37907,6075,27173201,0.44,85.81
2022-06-25,Canada,38000000,44186,10,194,0,37915,6077,27173201,0.44,85.81
2022-06-26,Canada,38000000,44196,10,194,0,37923,6079,27173201,0.44,85.81
2022-06-27,Canada,38000000,44207,11,194,0,37932,6081,27173201,0.44,85.81
2022-06-28,Canada,38000000,44217,10,194,0,37941,6082,27173201,0.44,85.81
2022-06-29,Canada,38000000,44225,8,194,0,37948,6083,27173201,0.44,85.81
2022-06-30,Canada,38000000,44233,8,194,0,37954,6085,27173201,0.44,85.8
2022-07-01,Canada,38000000,44243,10,194,0,37962,6087,27173201,0.44,85.8
2022-07-02,Canada,38000000,44250,7,194,0,37968,6088,27173201,0.44,85.8
2022-07-03,Canada,38000000,44259,9,194,0,37975,6090,27173201,0.44,85.8
2022-07-04,Canada,38000000,44267,8,194,0,37981,6092,27173201,0.44,85.8
2022-07-05,Canada,38000000,44276,9,194,0,37989,6093,27173201,0.44,85.8
2022-07-06,Canada,38000000,44283,7,194,0,37995,6094,27173201,0.44,85.8
2022-07-07,Canada,38000000,44291,8,194,0,38001,6096,27173201,0.44,85.8
2022-07-08,Canada,38000000,44300,9,194,0,38008,6098,27173201,0.44,85.8
2022-07-09,Canada,38000000,44309,9,194,0,38016,6099,27173201,0.44,85.8
2022-07-10,Canada,38000000,44315,6,194,0,38021,6100,27173201,0.44,85.8
2022-07-11,Canada,38000000,44323,8,194,0,38027,6102,27173201,0.44,85.8
2022-07-12,Canada,38000000,44332,9,194,0,38034,6104,27173201,0.44,85.79
2022-07-13,Canada,38000000,44339,7,194,0,38039,6106,27173201,0.44,85.79
2022-07-14,Canada,38000000,44345,6,194,0,38044,6107,27173201,0.44,85.79
2022-07-15,Canada,38000000,44352,7,194,0,38050,6108,27173201,0.44,85.79
2022-07-16,Canada,38000000,44357,5,194,0,38054,6109,27173201,0.44,85.79
2022-07-17,Canada,38000000,44361,4,194,0,38057,6110,27173201,0.44,85.79
2022-07-18,Canada,38000000,44366,5,194,0,38061,6111,27173201,0.44,85.79
2022-07-19,Canada,38000000,44373,7,194,0,38066,6113,27173201,0.44,85.79
2022-07-20,Canada,38000000,44379,6,194,0,38071,6114,27173201,0.44,85.79
2022-07-21,Canada,38000000,44386,7,194,0,38077,6115,27173201,0.44,85.79
2022-07-22,Canada,38000000,44393,7,194,0,38082,6117,27173201,0.44,85.78
2022-07-23,Canada,38000000,44397,4,194,0,38085,6118,27173201,0.44,85.78
2022-07-24,Canada,38000000,44405,8,194,0,38091,6120,27173201,0.44,85.78
2022-07-25,Canada,38000000,44409,4,194,0,38094,6121,27173201,0.44,85.78
2022-07-26,Canada,38000000,44413,4,194,0,38097,6122,27173201,0.44,85.78
2022-07-27,Canada,38000000,44417,4,194,0,38100,6123,27173201,0.44,85.78
2022-07-28,Canada,38000000,44423,6,194,0,38105,6124,27173201,0.44,85.78
2022-07-29,Canada,38000000,44427,4,194,0,38108,6125,27173201,0.44,85.78
2022-07-30,Canada,38000000,44432,5,194,0,38112,6126,27173201,0.44,85.78
2022-07-31,Canada,38000000,44436,4,194,0,38115,6127,27173201,0.44,85.78
2022-08-01,Canada,38000000,44439,3,194,0,38117,6128,27173201,0.44,85.77
2022-08-02,Canada,38000000,44444,5,194,0,38121,6129,27173201,0.44,85.77
2022-08-03,Canada,38000000,44448,4,194,0,38124,6130,27173201,0.44,85.77
2022-08-04,Canada,38000000,44452,4,194,0,38127,6131,27173201,0.44,85.77
2022-08-05,Canada,38000000,44455,3,194,0,38129,6132,27173201,0.44,85.77
2022-08-06,Canada,38000000,44458,3,194,0,38131,6133,27173201,0.44,85.77
2022-08-07,Canada,38000000,44462,4,194,0,38134,6134,27173201,0.44,85.77
2022-08-08,Canada,38000000,44466,4,194,0,38137,6135,27173201,0.44,85.77
2022-08-09,Canada,38000000,44470,4,194,0,38140,6136,27173201,0.44,85.77
2022-08-10,Canada,38000000,44473,3,194,0,38142,6137,27173201,0.44,85.76
2022-08-11,Canada,38000000,44476,3,194,0,38144,6138,27173201,0.44,85.76
2022-08-12,Canada,38000000,44480,4,194,0,38147,6139,27173201,0.44,85.76
2022-08-13,Canada,38000000,44483,3,194,0,38149,6140,27173201,0.44,85.76
2022-08-14,Canada,38000000,44488,5,194,0,38153,6141,27173201,0.44,85.76
2022-08-15,Canada,38000000,44492,4,194,0,38156,6142,27173201,0.44,85.76
2022-08-16,Canada,38000000,44496,4,194,0,38159,6143,27173201,0.44,85.76
2022-08-17,Canada,38000000,44499,3,194,0,38161,6144,27173201,0.44,85.76
2022-08-18,Canada,38000000,44502,3,194,0,38163,6145,27173201,0.44,85.76
2022-08-19,Canada,38000000,44505,3,194,0,38165,6146,27173201,0.44,85.75
2022-08-20,Canada,38000000,44508,3,194,0,38167,6147,27173201,0.44,85.75
2022-08-21,Canada,38000000,44510,2,194,0,38168,6148,27173201,0.44,85.75
2022-08-22,Canada,38000000,44512,2,194,0,38169,6149,27173201,0.44,85.75
2022-08-23,Canada,38000000,44514,2,194,0,38170,6150,27173201,0.44,85.75
2022-08-24,Canada,38000000,44516,2,194,0,38171,6151,27173201,0.44,85.75
2022-08-25,Canada,38000000,44518,2,194,0,38172,6152,27173201,0.44,85.75
2022-08-26,Canada,38000000,44520,2,194,0,38173,6153,27173201,0.44,85.74
2022-08-27,Canada,38000000,44522,2,194,0,38174,6154,27173201,0.44,85.74
2022-08-28,Canada,38000000,44524,2,194,0,38175,6155,27173201,0.44,85.74
2022-08-29,Canada,38000000,44526,2,194,0,38176,6156,27173201,0.44,85.74
2022-08-30,Canada,38000000,44528,2,194,0,38177,6157,27173201,0.44,85.74
2022-08-31,Canada,38000000,44530,2,194,0,38178,6158,27173201,0.44,85.74
2022-09-01,Canada,38000000,44532,2,194,0,38179,6159,27173201,0.44,85.73
2022-09-02,Canada,38000000,44534,2,194,0,38180,6160,27173201,0.44,85.73
2022-09-03,Canada,38000000,44536,2,194,0,38181,6161,27173201,0.44,85.73
2022-09-04,Canada,38000000,44538,2,194,0,38182,6162,27173201,0.44,85.73
2022-09-05,Canada,38000000,44539,1,194,0,38182,6163,27173201,0.44,85.73
2022-09-06,Canada,38000000,44541,2,194,0,38183,6164,27173201,0.44,85.73
2022-09-07,Canada,38000000,44542,1,194,0,38183,6165,27173201,0.44,85.72
2022-09-08,Canada,38000000,44544,2,194,0,38184,6166,27173201,0.44,85.72
2022-09-09,Canada,38000000,44546,2,194,0,38185,6167,27173201,0.44,85.72
2022-09-10,Canada,38000000,44547,1,194,0,38185,6168,27173201,0.44,85.72
2022-09-11,Canada,38000000,44548,1,194,0,38185,6169,27173201,0.44,85.72
2022-09-12,Canada,38000000,44550,2,194,0,38186,6170,27173201,0.44,85.71
2022-09-13,Canada,38000000,44552,2,194,0,38187,6171,27173201,0.44,85.71
2022-09-14,Canada,38000000,44554,2,194,0,38188,6172,27173201,0.44,85.71
2022-09-15,Canada,38000000,44555,1,194,0,38188,6173,27173201,0.44,85.71
2022-09-16,Canada,38000000,44556,1,194,0,38188,6174,27173201,0.44,85.71
2022-09-17,Canada,38000000,44557,1,194,0,38188,6175,27173201,0.44,85.71
2022-09-18,Canada,38000000,44558,1,194,0,38188,6176,27173201,0.44,85.7
2022-09-19,Canada,38000000,44559,1,194,0,38188,6177,27173201,0.44,85.7
2022-09-20,Canada,38000000,44560,1,194,0,38188,6178,27173201,0.44,85.7
2022-09-21,Canada,38000000,44561,1,194,0,38188,6179,27173201,0.44,85.7
2022-09-22,Canada,38000000,44562,1,194,0,38188,6180,27173201,0.44,85.7
2022-09-23,Canada,38000000,44563,1,194,0,38188,6181,27173201,0.44,85.69
2022-09-24,Canada,38000000,44564,1,194,0,38188,6182,27173201,0.44,85.69
2022-09-25,Canada,38000000,44565,1,194,0,38188,6183,27173201,0.44,85.69
2022-09-26,Canada,38000000,44566,1,194,0,38188,6184,27173201,0.44,85.69
2022-09-27,Canada,38000000,44567,1,194,0,38188,6185,27173201,0.44,85.69
2022-09-28,Canada,38000000,44568,1,194,0,38188,6186,27173201,0.44,85.68
2022-09-29,Canada,38000000,44569,1,194,0,38188,6187,27173201,0.44,85.68
2022-09-30,Canada,38000000,44570,1,194,0,38188,6188,27173201,0.44,85.68
2022-10-01,Canada,38000000,44570,0,194,0,38188,6188,27173201,0.44,85.68
2022-10-02,Canada,38000000,44571,1,194,0,38188,6189,27173201,0.44,85.68
2022-10-03,Canada,38000000,44572,1,194,0,38188,6190,27173201,0.44,85.68
2022-10-04,Canada,38000000,44573,1,194,0,38188,6191,27173201,0.44,85.68
2022-10-05,Canada,38000000,44573,0,194,0,38188,6191,27173201,0.44,85.68
2022-10-06,Canada,38000000,44574,1,194,0,38188,6192,27173201,0.44,85.67
2022-10-07,Canada,38000000,44574,0,194,0,38188,6192,27173201,0.44,85.67
2022-10-08,Canada,38000000,44574,0,194,0,38188,6192,27173201,0.44,85.67
2022-10-09,Canada,38000000,44574,0,194,0,38188,6192,27173201,0.44,85.67
2022-10-10,Canada,38000000,44574,0,194,0,38188,6192,27173201,0.44,85.67
2022-10-11,Canada,38000000,44574,0,194,0,38188,6192,27173201,0.44,85.67
2022-10-12,Canada,38000000,44574,0,194,0,38188,6192,27173201,0.44,85.67
2022-10-13,Canada,38000000,44574,0,194,0,38188,6192,27173201,0.44,85.67
2022-10-14,Canada,38000000,44574,0,194,0,38188,6192,27173201,0.44,85.67
2022-10-15,Canada,38000000,44575,1,194,0,38188,6193,27173201,0.44,85.67
2022-10-16,Canada,38000000,44575,0,194,0,38188,6193,27173201,0.44,85.67
2022-10-17,Canada,38000000,44575,0,194,0,38188,6193,27173201,0.44,85.67
2022-10-18,Canada,38000000,44575,0,194,0,38188,6193,27173201,0.44,85.67
2022-10-19,Canada,38000000,44575,0,194,0,38188,6193,27173201,0.44,85.67
2022-10-20,Canada,38000000,44575,0,194,0,38188,6193,27173201,0.44,85.67
2022-10-21,Canada,38000000,44575,0,194,0,38188,6193,27173201,0.44,85.67
2022-10-22,Canada,38000000,44575,0,194,0,38188,6193,27173201,0.44,85.67
2022-10-23,Canada,38000000,44575,0,194,0,38188,6193,27173201,0.44,85.67
2022-10-24,Canada,38000000,44575,0,194,0,38188,6193,27173201,0.44,85.67
2022-10-25,Canada,38000000,44575,0,194,0,38188,6193,27173201,0.44,85.67
2022-10-26,Canada,38000000,44575,0,194,0,38188,6193,27173201,0.44,85.67
2022-10-27,Canada,38000000,44575,0,194,0,38188,6193,27173201,0.44,85.67
2022-10-28,Canada,38000000,44575,0,194,0,38188,6193,27173201,0.44,85.67
2022-10-29,Canada,38000000,44575,0,194,0,38188,6193,27173201,0.44,85.67
2022-10-30,Canada,38000000,44575,0,194,0,38188,6193,27173201,0.44,85.67
2022-10-31,Canada,38000000,44575,0,194,0,38188,6193,27173201,0.44,85.67
2022-11-01,Canada,38000000,44575,0,194,0,38188,6193,27173201,0.44,85.67
2022-11-02,Canada,38000000,44575,0,194,0,38188,6193,27173201,0.44,85.67
2022-11-03,Canada,38000000,44575,0,194,0,38188,6193,27173201,0.44,85.67
2022-11-04,Canada,38000000,44575,0,194,0,38188,6193,27173201,0.44,85.67
2022-11-05,Canada,38000000,44575,0,194,0,38188,6193,27173201,0.44,85.67
2022-11-06,Canada,38000000,44575,0,194,0,38188,6193,27173201,0.44,85.67
2022-11-07,Canada,38000000,44575,0,194,0,38188,6193,27173201,0.44,85.67
2022-11-08,Canada,38000000,44575,0,194,0,38188,6193,27173201,0.44,85.67
2022-11-09,Canada,38000000,44575,0,194,0,38188,6193,27173201,0.44,85.67
2022-11-10,Canada,38000000,44575,0,194,0,38188,6193,27173201,0.44,85.67
2022-11-11,Canada,38000000,44575,0,194,0,38188,6193,27173201,0.44,85.67
2022-11-12,Canada,38000000,44575,0,194,0,38188,6193,27173201,0.44,85.67
2022-11-13,Canada,38000000,44575,0,194,0,38188,6193,27173201,0.44,85.67
2022-11-14,Canada,38000000,44575,0,194,0,38188,6193,27173201,0.44,85.67
2022-11-15,Canada,38000000,44575,0,194,0,38188,6193,27173201,0.44,85.67
2022-11-16,Canada,38000000,44575,0,194,0,38188,6193,27173201,0.44,85.67
2022-11-17,Canada,38000000,44575,0,194,0,38188,6193,27173201,0.44,85.67
2022-11-18,Canada,38000000,44575,0,194,0,38188,6193,27173201,0.44,85.67
2022-11-19,Canada,38000000,44575,0,194,0,38188,6193,27173201,0.44,85.67
2022-11-20,Canada,38000000,44575,0,194,0,38188,6193,27173201,0.44,85.67
2022-11-21,Canada,38000000,44575,0,194,0,38188,6193,27173201,0.44,85.67
2022-11-22,Canada,38000000,44575,0,194,0,38188,6193,27173201,0.44,85.67
2022-11-23,Canada,38000000,44575,0,194,0,38188,6193,27173201,0.44,85.67
2022-11-24,Canada,38000000,44575,0,194,0,38188,6193,27173201,0.44,85.67
2022-11-25,Canada,38000000,44575,0,194,0,38188,6193,27173201,0.44,85.67
2022-11-26,Canada,38000000,44575,0,194,0,38188,6193,27173201,0.44,85.67
2022-11-27,Canada,38000000,44575,0,194,0,38188,6193,27173201,0.44,85.67
2022-11-28,Canada,38000000,44575,0,194,0,38188,6193,27173201,0.44,85.67
2022-11-29,Canada,38000000,44575,0,194,0,38188,6193,27173201,0.44,85.67
2022-11-30,Canada,38000000,44575,0,194,0,38188,6193,27173201,0.44,85.67
2022-12-01,Canada,38000000,44575,0,194,0,38188,6193,27173201,0.44,85.67
2022-12-02,Canada,38000000,44575,0,194,0,38188,6193,27173201,0.44,85.67
2022-12-03,Canada,38000000,44575,0,194,0,38188,6193,27173201,0.44,85.67
2022-12-04,Canada,38000000,44575,0,194,0,38188,6193,27173201,0.44,85.67
2022-12-05,Canada,38000000,44575,0,194,0,38188,6193,27173201,0.44,85.67
2022-12-06,Canada,38000000,44575,0,194,0,38188,6193,27173201,0.44,85.67
2022-12-07,Canada,38000000,44575,0,194,0,38188,6193,27173201,0.44,85.67
2022-12-08,Canada,38000000,44575,0,194,0,38188,6193,27173201,0.44,85.67
2022-12-09,Canada,38000000,44575,0,194,0,38188,6193,27173201,0.44,85.67
2022-12-10,Canada,38000000,44575,0,194,0,38188,6193,27173201,0.44,85.67
2022-12-11,Canada,38000000,44575,0,194,0,38188,6193,27173201,0.44,85.67
2022-12-12,Canada,38000000,44575,0,194,0,38188,6193,27173201,0.44,85.67
2022-12-13,Canada,38000000,44575,0,194,0,38188,6193,27173201,0.44,85.67
2022-12-14,Canada,38000000,44575,0,194,0,38188,6193,27173201,0.44,85.67
2022-12-15,Canada,38000000,44575,0,194,0,38188,6193,27173201,0.44,85.67
2022-12-16,Canada,38000000,44575,0,194,0,38188,6193,27173201,0.44,85.67
2022-12-17,Canada,38000000,44575,0,194,0,38188,6193,27173201,0.44,85.67
2022-12-18,Canada,38000000,44575,0,194,0,38188,6193,27173201,0.44,85.67
2022-12-19,Canada,38000000,44575,0,194,0,38188,6193,27173201,0.44,85.67
2022-12-20,Canada,38000000,44575,0,194,0,38188,6193,27173201,0.44,85.67
2022-12-21,Canada,38000000,44575,0,194,0,38188,6193,27173201,0.44,85.67
2022-12-22,Canada,38000000,44575,0,194,0,38188,6193,27173201,0.44,85.67
2022-12-23,Canada,38000000,44575,0,194,0,38188,6193,27173201,0.44,85.67
2022-12-24,Canada,38000000,44575,0,194,0,38188,6193,27173201,0.44,85.67
2022-12-25,Canada,38000000,44575,0,194,0,38188,6193,27173201,0.44,85.67
2022-12-26,Canada,38000000,44575,0,194,0,38188,6193,27173201,0.44,85.67
2022-12-27,Canada,38000000,44575,0,194,0,38188,6193,27173201,0.44,85.67
2022-12-28,Canada,38000000,44575,0,194,0,38188,6193,27173201,0.44,85.67
2022-12-29,Canada,38000000,44575,0,194,0,38188,6193,27173201,0.44,85.67
2022-12-30,Canada,38000000,44575,0,194,0,38188,6193,27173201,0.44,85.67
2022-12-31,Canada,38000000,44575,0,194,0,38188,6193,27173201,0.44,85.67
2020-01-01,Australia,26000000,1,1,0,0,0,1,0,0,0
2020-01-02,Australia,26000000,2,1,0,0,0,2,0,0,0
2020-01-03,Australia,26000000,3,1,0,0,0,3,0,0,0
2020-01-04,Australia,26000000,4,1,0,0,0,4,0,0,0
2020-01-05,Australia,26000000,5,1,0,0,0,5,0,0,0
2020-01-06,Australia,26000000,6,1,0,0,0,6,0,0,0
2020-01-07,Australia,26000000,7,1,0,0,0,7,0,0,0
2020-01-08,Australia,26000000,8,1,0,0,0,8,0,0,0
2020-01-09,Australia,26000000,9,1,0,0,0,9,0,0,0
2020-01-10,Australia,26000000,10,1,0,0,0,10,0,0,0
2020-01-11,Australia,26000000,11,1,0,0,0,11,0,0,0
2020-01-12,Australia,26000000,12,1,0,0,0,12,0,0,0
2020-01-13,Australia,26000000,14,2,0,0,1,13,0,0,7.14
2020-01-14,Australia,26000000,15,1,0,0,1,14,0,0,6.67
2020-01-15,Australia,26000000,17,2,0,0,2,15,0,0,11.76
2020-01-16,Australia,26000000,19,2,0,0,3,16,0,0,15.79
2020-01-17,Australia,26000000,21,2,0,0,4,17,0,0,19.05
2020-01-18,Australia,26000000,23,2,0,0,5,18,0,0,21.74
2020-01-19,Australia,26000000,24,1,0,0,5,19,0,0,20.83
2020-01-20,Australia,26000000,26,2,0,0,6,20,0,0,23.08
2020-01-21,Australia,26000000,29,3,0,0,8,21,0,0,27.59
2020-01-22,Australia,26000000,31,2,0,0,9,22,0,0,29.03
2020-01-23,Australia,26000000,33,2,0,0,10,23,0,0,30.3
2020-01-24,Australia,26000000,35,2,0,0,11,24,0,0,31.43
2020-01-25,Australia,26000000,37,2,0,0,12,25,0,0,32.43
2020-01-26,Australia,26000000,39,2,0,0,13,26,0,0,33.33
2020-01-27,Australia,26000000,41,2,0,0,14,27,0,0,34.15
2020-01-28,Australia,26000000,43,2,0,0,15,28,0,0,34.88
2020-01-29,Australia,26000000,45,2,0,0,16,29,0,0,35.56
2020-01-30,Australia,26000000,49,4,0,0,19,30,0,0,38.78
2020-01-31,Australia,26000000,52,3,0,0,21,31,0,0,40.38
2020-02-01,Australia,26000000,55,3,0,0,23,32,0,0,41.82
2020-02-02,Australia,26000000,58,3,0,0,25,33,0,0,43.1
2020-02-03,Australia,26000000,61,3,0,0,27,34,0,0,44.26
2020-02-04,Australia,26000000,66,5,0,0,31,35,0,0,46.97
2020-02-05,Australia,26000000,70,4,0,0,34,36,0,0,48.57
2020-02-06,Australia,26000000,74,4,0,0,37,37,0,0,50
2020-02-07,Australia,26000000,78,4,0,0,40,38,0,0,51.28
2020-02-08,Australia,26000000,82,4,0,0,43,39,0,0,52.44
2020-02-09,Australia,26000000,86,4,0,0,46,40,0,0,53.49
2020-02-10,Australia,26000000,91,5,0,0,50,41,0,0,54.95
2020-02-11,Australia,26000000,96,5,0,0,54,42,0,0,56.25
2020-02-12,Australia,26000000,99,3,0,0,56,43,0,0,56.57
2020-02-13,Australia,26000000,104,5,0,0,60,44,0,0,57.69
2020-02-14,Australia,26000000,109,5,0,0,64,45,0,0,58.72
2020-02-15,Australia,26000000,115,6,0,0,69,46,0,0,60
2020-02-16,Australia,26000000,120,5,0,0,72,48,0,0,60
2020-02-17,Australia,26000000,125,5,0,0,76,49,0,0,60.8
2020-02-18,Australia,26000000,133,8,0,0,83,50,0,0,62.41
2020-02-19,Australia,26000000,139,6,0,0,88,51,0,0,63.31
2020-02-20,Australia,26000000,146,7,0,0,93,53,0,0,63.7
2020-02-21,Australia,26000000,153,7,0,0,98,55,0,0,64.05
2020-02-22,Australia,26000000,158,5,0,0,102,56,0,0,64.56
2020-02-23,Australia,26000000,164,6,0,0,107,57,0,0,65.24
2020-02-24,Australia,26000000,173,9,0,0,114,59,0,0,65.9
2020-02-25,Australia,26000000,184,11,0,0,124,60,0,0,67.39
2020-02-26,Australia,26000000,190,6,0,0,129,61,0,0,67.89
2020-02-27,Australia,26000000,197,7,0,0,134,63,0,0,68.02
2020-02-28,Australia,26000000,205,8,0,0,140,65,0,0,68.29
2020-02-29,Australia,26000000,216,11,0,0,148,68,0,0,68.52
2020-03-01,Australia,26000000,226,10,0,0,157,69,0,0,69.47
2020-03-02,Australia,26000000,237,11,0,0,166,71,0,0,70.04
2020-03-03,Australia,26000000,248,11,0,0,175,73,0,0,70.56
2020-03-04,Australia,26000000,261,13,0,0,185,76,0,0,70.88
2020-03-05,Australia,26000000,273,12,0,0,195,78,0,0,71.43
2020-03-06,Australia,26000000,286,13,0,0,205,81,0,0,71.68
2020-03-07,Australia,26000000,296,10,0,0,213,83,0,0,71.96
2020-03-08,Australia,26000000,306,10,0,0,221,85,0,0,72.22
2020-03-09,Australia,26000000,320,14,0,0,233,87,0,0,72.81
2020-03-10,Australia,26000000,335,15,0,0,246,89,0,0,73.43
2020-03-11,Australia,26000000,345,10,0,0,254,91,0,0,73.62
2020-03-12,Australia,26000000,362,17,0,0,269,93,0,0,74.31
2020-03-13,Australia,26000000,375,13,0,0,281,94,0,0,74.93
2020-03-14,Australia,26000000,389,14,0,0,294,95,0,0,75.58
2020-03-15,Australia,26000000,401,12,0,0,304,97,0,0,75.81
2020-03-16,Australia,26000000,411,10,0,0,313,98,0,0,76.16
2020-03-17,Australia,26000000,421,10,0,0,321,100,0,0,76.25
2020-03-18,Australia,26000000,436,15,0,0,332,104,0,0,76.15
2020-03-19,Australia,26000000,445,9,0,0,339,106,0,0,76.18
2020-03-20,Australia,26000000,462,17,0,0,355,107,0,0,76.84
2020-03-21,Australia,26000000,478,16,0,0,368,110,0,0,76.99
2020-03-22,Australia,26000000,495,17,0,0,382,113,0,0,77.17
2020-03-23,Australia,26000000,509,14,0,0,393,116,0,0,77.21
2020-03-24,Australia,26000000,528,19,0,0,408,120,0,0,77.27
2020-03-25,Australia,26000000,541,13,0,0,419,122,0,0,77.45
2020-03-26,Australia,26000000,565,24,0,0,440,125,0,0,77.88
2020-03-27,Australia,26000000,582,17,0,0,456,126,0,0,78.35
2020-03-28,Australia,26000000,605,23,0,0,474,131,0,0,78.35
2020-03-29,Australia,26000000,629,24,0,0,495,134,0,0,78.7
2020-03-30,Australia,26000000,643,14,0,0,507,136,0,0,78.85
2020-03-31,Australia,26000000,664,21,0,0,523,141,0,0,78.77
2020-04-01,Australia,26000000,675,11,0,0,532,143,0,0,78.81
2020-04-02,Australia,26000000,692,17,0,0,546,146,0,0,78.9
2020-04-03,Australia,26000000,723,31,0,0,570,153,0,0,78.84
2020-04-04,Australia,26000000,743,20,0,0,587,156,0,0,79
2020-04-05,Australia,26000000,766,23,0,0,607,159,0,0,79.24
2020-04-06,Australia,26000000,784,18,0,0,623,161,0,0,79.46
2020-04-07,Australia,26000000,803,19,0,0,640,163,0,0,79.7
2020-04-08,Australia,26000000,823,20,0,0,657,166,0,0,79.83
2020-04-09,Australia,26000000,847,24,0,0,677,170,0,0,79.93
2020-04-10,Australia,26000000,872,25,0,0,696,176,0,0,79.82
2020-04-11,Australia,26000000,900,28,0,0,718,182,0,0,79.78
2020-04-12,Australia,26000000,931,31,0,0,744,187,0,0,79.91
2020-04-13,Australia,26000000,962,31,0,0,769,193,0,0,79.94
2020-04-14,Australia,26000000,984,22,0,0,788,196,0,0,80.08
2020-04-15,Australia,26000000,1008,24,0,0,807,201,0,0,80.06
2020-04-16,Australia,26000000,1034,26,0,0,828,206,0,0,80.08
2020-04-17,Australia,26000000,1056,22,0,0,845,211,0,0,80.02
2020-04-18,Australia,26000000,1080,24,0,0,865,215,0,0,80.09
2020-04-19,Australia,26000000,1103,23,0,0,884,219,0,0,80.15
2020-04-20,Australia,26000000,1124,21,0,0,904,220,0,0,80.43
2020-04-21,Australia,26000000,1158,34,0,0,930,228,0,0,80.31
2020-04-22,Australia,26000000,1197,39,0,0,964,233,0,0,80.53
2020-04-23,Australia,26000000,1221,24,0,0,983,238,0,0,80.51
2020-04-24,Australia,26000000,1251,30,0,0,1007,244,0,0,80.5
2020-04-25,Australia,26000000,1276,25,0,0,1029,247,0,0,80.64
2020-04-26,Australia,26000000,1308,32,0,0,1055,253,0,0,80.66
2020-04-27,Australia,26000000,1335,27,0,0,1079,256,0,0,80.82
2020-04-28,Australia,26000000,1364,29,0,0,1104,260,0,0,80.94
2020-04-29,Australia,26000000,1387,23,0,0,1124,263,0,0,81.04
2020-04-30,Australia,26000000,1415,28,0,0,1149,266,0,0,81.2
2020-05-01,Australia,26000000,1439,24,0,0,1169,270,0,0,81.24
2020-05-02,Australia,26000000,1467,28,0,0,1193,274,0,0,81.32
2020-05-03,Australia,26000000,1493,26,0,0,1214,279,0,0,81.31
2020-05-04,Australia,26000000,1531,38,0,0,1249,282,0,0,81.58
2020-05-05,Australia,26000000,1557,26,0,0,1271,286,0,0,81.63
2020-05-06,Australia,26000000,1589,32,0,0,1298,291,0,0,81.69
2020-05-07,Australia,26000000,1631,42,0,0,1333,298,0,0,81.73
2020-05-08,Australia,26000000,1653,22,0,0,1352,301,0,0,81.79
2020-05-09,Australia,26000000,1686,33,0,0,1382,304,0,0,81.97
2020-05-10,Australia,26000000,1720,34,0,0,1412,308,0,0,82.09
2020-05-11,Australia,26000000,1771,51,0,0,1452,319,0,0,81.99
2020-05-12,Australia,26000000,1818,47,1,1,1491,326,0,0.06,82.01
2020-05-13,Australia,26000000,1851,33,1,0,1521,329,0,0.05,82.17
2020-05-14,Australia,26000000,1881,30,1,0,1549,331,0,0.05,82.35
2020-05-15,Australia,26000000,1915,34,1,0,1577,337,0,0.05,82.35
2020-05-16,Australia,26000000,1960,45,1,0,1615,344,0,0.05,82.4
2020-05-17,Australia,26000000,1996,36,1,0,1644,351,0,0.05,82.36
2020-05-18,Australia,26000000,2025,29,1,0,1670,354,0,0.05,82.47
2020-05-19,Australia,26000000,2063,38,1,0,1705,357,0,0.05,82.65
2020-05-20,Australia,26000000,2109,46,1,0,1745,363,0,0.05,82.74
2020-05-21,Australia,26000000,2149,40,1,0,1779,369,0,0.05,82.78
2020-05-22,Australia,26000000,2186,37,1,0,1809,376,0,0.05,82.75
2020-05-23,Australia,26000000,2221,35,1,0,1838,382,0,0.05,82.76
2020-05-24,Australia,26000000,2256,35,1,0,1870,385,0,0.04,82.89
2020-05-25,Australia,26000000,2293,37,1,0,1900,392,0,0.04,82.86
2020-05-26,Australia,26000000,2332,39,1,0,1932,399,0,0.04,82.85
2020-05-27,Australia,26000000,2377,45,1,0,1968,408,0,0.04,82.79
2020-05-28,Australia,26000000,2419,42,1,0,2007,411,0,0.04,82.97
2020-05-29,Australia,26000000,2461,42,1,0,2042,418,0,0.04,82.97
2020-05-30,Australia,26000000,2509,48,1,0,2086,422,0,0.04,83.14
2020-05-31,Australia,26000000,2553,44,1,0,2126,426,0,0.04,83.27
2020-06-01,Australia,26000000,2595,42,1,0,2165,429,0,0.04,83.43
2020-06-02,Australia,26000000,2643,48,1,0,2206,436,0,0.04,83.47
2020-06-03,Australia,26000000,2682,39,1,0,2238,443,0,0.04,83.45
2020-06-04,Australia,26000000,2725,43,1,0,2272,452,0,0.04,83.38
2020-06-05,Australia,26000000,2773,48,1,0,2315,457,0,0.04,83.48
2020-06-06,Australia,26000000,2815,42,1,0,2349,465,0,0.04,83.45
2020-06-07,Australia,26000000,2853,38,1,0,2380,472,0,0.04,83.42
2020-06-08,Australia,26000000,2895,42,1,0,2415,479,0,0.03,83.42
2020-06-09,Australia,26000000,2962,67,2,1,2469,491,0,0.07,83.36
2020-06-10,Australia,26000000,2995,33,2,0,2495,498,0,0.07,83.31
2020-06-11,Australia,26000000,3040,45,2,0,2530,508,0,0.07,83.22
2020-06-12,Australia,26000000,3079,39,2,0,2564,513,0,0.06,83.27
2020-06-13,Australia,26000000,3123,44,2,0,2603,518,0,0.06,83.35
2020-06-14,Australia,26000000,3160,37,2,0,2636,522,0,0.06,83.42
2020-06-15,Australia,26000000,3198,38,2,0,2667,529,0,0.06,83.4
2020-06-16,Australia,26000000,3227,29,2,0,2694,531,0,0.06,83.48
2020-06-17,Australia,26000000,3267,40,2,0,2730,535,0,0.06,83.56
2020-06-18,Australia,26000000,3305,38,2,0,2760,543,0,0.06,83.51
2020-06-19,Australia,26000000,3344,39,2,0,2792,550,0,0.06,83.49
2020-06-20,Australia,26000000,3387,43,2,0,2825,560,0,0.06,83.41
2020-06-21,Australia,26000000,3432,45,2,0,2867,563,0,0.06,83.54
2020-06-22,Australia,26000000,3472,40,2,0,2901,569,0,0.06,83.55
2020-06-23,Australia,26000000,3517,45,2,0,2937,578,0,0.06,83.51
2020-06-24,Australia,26000000,3561,44,2,0,2971,588,0,0.06,83.43
2020-06-25,Australia,26000000,3596,35,2,0,3000,594,0,0.06,83.43
2020-06-26,Australia,26000000,3641,45,2,0,3039,600,0,0.05,83.47
2020-06-27,Australia,26000000,3683,42,2,0,3071,610,0,0.05,83.38
2020-06-28,Australia,26000000,3732,49,2,0,3114,616,0,0.05,83.44
2020-06-29,Australia,26000000,3779,47,2,0,3155,622,0,0.05,83.49
2020-06-30,Australia,26000000,3830,51,2,0,3199,629,0,0.05,83.52
2020-07-01,Australia,26000000,3876,46,2,0,3241,633,0,0.05,83.62
2020-07-02,Australia,26000000,3912,36,2,0,3269,641,0,0.05,83.56
2020-07-03,Australia,26000000,3960,48,2,0,3306,652,0,0.05,83.48
2020-07-04,Australia,26000000,4014,54,2,0,3351,661,0,0.05,83.48
2020-07-05,Australia,26000000,4053,39,2,0,3387,664,0,0.05,83.57
2020-07-06,Australia,26000000,4105,52,2,0,3429,674,0,0.05,83.53
2020-07-07,Australia,26000000,4150,45,2,0,3468,680,0,0.05,83.57
2020-07-08,Australia,26000000,4182,32,2,0,3493,687,0,0.05,83.52
2020-07-09,Australia,26000000,4220,38,2,0,3524,694,0,0.05,83.51
2020-07-10,Australia,26000000,4267,47,2,0,3566,699,0,0.05,83.57
2020-07-11,Australia,26000000,4302,35,2,0,3598,702,0,0.05,83.64
2020-07-12,Australia,26000000,4354,52,2,0,3640,712,0,0.05,83.6
2020-07-13,Australia,26000000,4411,57,2,0,3691,718,0,0.05,83.68
2020-07-14,Australia,26000000,4460,49,2,0,3729,729,0,0.04,83.61
2020-07-15,Australia,26000000,4516,56,3,1,3772,741,0,0.07,83.53
2020-07-16,Australia,26000000,4565,49,3,0,3813,749,0,0.07,83.53
2020-07-17,Australia,26000000,4608,43,3,0,3849,756,0,0.07,83.53
2020-07-18,Australia,26000000,4646,38,3,0,3881,762,0,0.06,83.53
2020-07-19,Australia,26000000,4680,34,3,0,3912,765,0,0.06,83.59
2020-07-20,Australia,26000000,4727,47,3,0,3952,772,0,0.06,83.6
2020-07-21,Australia,26000000,4779,52,3,0,3998,778,0,0.06,83.66
2020-07-22,Australia,26000000,4842,63,3,0,4051,788,0,0.06,83.66
2020-07-23,Australia,26000000,4883,41,3,0,4087,793,0,0.06,83.7
2020-07-24,Australia,26000000,4927,44,3,0,4122,802,0,0.06,83.66
2020-07-25,Australia,26000000,4962,35,3,0,4154,805,0,0.06,83.72
2020-07-26,Australia,26000000,5000,38,3,0,4188,809,0,0.06,83.76
2020-07-27,Australia,26000000,5035,35,3,0,4219,813,0,0.06,83.79
2020-07-28,Australia,26000000,5067,32,3,0,4245,819,0,0.06,83.78
2020-07-29,Australia,26000000,5119,52,3,0,4288,828,0,0.06,83.77
2020-07-30,Australia,26000000,5159,40,3,0,4319,837,0,0.06,83.72
2020-07-31,Australia,26000000,5211,52,3,0,4366,842,0,0.06,83.78
2020-08-01,Australia,26000000,5269,58,4,1,4413,852,0,0.08,83.75
2020-08-02,Australia,26000000,5322,53,5,1,4456,861,0,0.09,83.73
2020-08-03,Australia,26000000,5381,59,5,0,4508,868,0,0.09,83.78
2020-08-04,Australia,26000000,5417,36,5,0,4536,876,0,0.09,83.74
2020-08-05,Australia,26000000,5467,50,6,1,4575,886,0,0.11,83.68
2020-08-06,Australia,26000000,5502,35,6,0,4607,889,0,0.11,83.73
2020-08-07,Australia,26000000,5542,40,6,0,4642,894,0,0.11,83.76
2020-08-08,Australia,26000000,5582,40,6,0,4674,902,0,0.11,83.73
2020-08-09,Australia,26000000,5619,37,6,0,4703,910,0,0.11,83.7
2020-08-10,Australia,26000000,5662,43,6,0,4743,913,0,0.11,83.77
2020-08-11,Australia,26000000,5709,47,6,0,4784,919,0,0.11,83.8
2020-08-12,Australia,26000000,5736,27,6,0,4807,923,0,0.1,83.8
2020-08-13,Australia,26000000,5775,39,6,0,4839,930,0,0.1,83.79
2020-08-14,Australia,26000000,5807,32,6,0,4864,937,0,0.1,83.76
2020-08-15,Australia,26000000,5839,32,6,0,4891,942,0,0.1,83.76
2020-08-16,Australia,26000000,5877,38,6,0,4921,950,0,0.1,83.73
2020-08-17,Australia,26000000,5911,34,6,0,4953,952,0,0.1,83.79
2020-08-18,Australia,26000000,5949,38,6,0,4984,959,0,0.1,83.78
2020-08-19,Australia,26000000,5990,41,6,0,5018,966,0,0.1,83.77
2020-08-20,Australia,26000000,6027,37,6,0,5047,974,0,0.1,83.74
2020-08-21,Australia,26000000,6064,37,6,0,5079,979,0,0.1,83.76
2020-08-22,Australia,26000000,6091,27,6,0,5100,985,0,0.1,83.73
2020-08-23,Australia,26000000,6132,41,6,0,5136,990,0,0.1,83.76
2020-08-24,Australia,26000000,6167,35,6,0,5166,995,0,0.1,83.77
2020-08-25,Australia,26000000,6205,38,6,0,5195,1004,0,0.1,83.72
2020-08-26,Australia,26000000,6234,29,6,0,5218,1010,0,0.1,83.7
2020-08-27,Australia,26000000,6268,34,6,0,5245,1017,0,0.1,83.68
2020-08-28,Australia,26000000,6305,37,6,0,5277,1022,0,0.1,83.7
2020-08-29,Australia,26000000,6344,39,6,0,5310,1028,0,0.09,83.7
2020-08-30,Australia,26000000,6368,24,6,0,5332,1030,0,0.09,83.73
2020-08-31,Australia,26000000,6394,26,6,0,5356,1032,0,0.09,83.77
2020-09-01,Australia,26000000,6428,34,6,0,5384,1038,0,0.09,83.76
2020-09-02,Australia,26000000,6461,33,6,0,5413,1042,0,0.09,83.78
2020-09-03,Australia,26000000,6489,28,6,0,5438,1045,0,0.09,83.8
2020-09-04,Australia,26000000,6525,36,6,0,5470,1049,0,0.09,83.83
2020-09-05,Australia,26000000,6558,33,6,0,5495,1057,0,0.09,83.79
2020-09-06,Australia,26000000,6586,28,6,0,5517,1063,0,0.09,83.77
2020-09-07,Australia,26000000,6629,43,6,0,5550,1073,0,0.09,83.72
2020-09-08,Australia,26000000,6669,40,6,0,5581,1082,0,0.09,83.69
2020-09-09,Australia,26000000,6701,32,6,0,5610,1085,0,0.09,83.72
2020-09-10,Australia,26000000,6723,22,6,0,5628,1089,0,0.09,83.71
2020-09-11,Australia,26000000,6750,27,6,0,5651,1093,0,0.09,83.72
2020-09-12,Australia,26000000,6787,37,6,0,5680,1101,0,0.09,83.69
2020-09-13,Australia,26000000,6821,34,6,0,5711,1104,0,0.09,83.73
2020-09-14,Australia,26000000,6859,38,6,0,5744,1109,0,0.09,83.74
2020-09-15,Australia,26000000,6885,26,6,0,5765,1114,0,0.09,83.73
2020-09-16,Australia,26000000,6913,28,6,0,5789,1118,0,0.09,83.74
2020-09-17,Australia,26000000,6947,34,6,0,5818,1123,0,0.09,83.75
2020-09-18,Australia,26000000,6975,28,6,0,5842,1127,0,0.09,83.76
2020-09-19,Australia,26000000,7003,28,6,0,5868,1129,0,0.09,83.79
2020-09-20,Australia,26000000,7023,20,6,0,5886,1131,0,0.09,83.81
2020-09-21,Australia,26000000,7054,31,6,0,5913,1135,0,0.09,83.82
2020-09-22,Australia,26000000,7087,33,6,0,5943,1138,0,0.08,83.86
2020-09-23,Australia,26000000,7126,39,6,0,5979,1141,0,0.08,83.9
2020-09-24,Australia,26000000,7168,42,6,0,6013,1149,0,0.08,83.89
2020-09-25,Australia,26000000,7200,32,6,0,6043,1151,0,0.08,83.93
2020-09-26,Australia,26000000,7229,29,6,0,6069,1154,0,0.08,83.95
2020-09-27,Australia,26000000,7252,23,6,0,6088,1158,0,0.08,83.95
2020-09-28,Australia,26000000,7276,24,6,0,6110,1160,0,0.08,83.97
2020-09-29,Australia,26000000,7312,36,6,0,6140,1166,0,0.08,83.97
2020-09-30,Australia,26000000,7336,24,6,0,6162,1168,0,0.08,84
2020-10-01,Australia,26000000,7359,23,6,0,6180,1173,0,0.08,83.98
2020-10-02,Australia,26000000,7384,25,6,0,6200,1178,0,0.08,83.97
2020-10-03,Australia,26000000,7410,26,6,0,6220,1184,0,0.08,83.94
2020-10-04,Australia,26000000,7442,32,6,0,6247,1189,0,0.08,83.94
2020-10-05,Australia,26000000,7474,32,6,0,6276,1192,0,0.08,83.97
2020-10-06,Australia,26000000,7506,32,6,0,6304,1196,0,0.08,83.99
2020-10-07,Australia,26000000,7539,33,6,0,6335,1198,0,0.08,84.03
2020-10-08,Australia,26000000,7564,25,6,0,6356,1202,0,0.08,84.03
2020-10-09,Australia,26000000,7588,24,6,0,6376,1206,0,0.08,84.03
2020-10-10,Australia,26000000,7615,27,6,0,6399,1210,0,0.08,84.03
2020-10-11,Australia,26000000,7641,26,6,0,6423,1212,0,0.08,84.06
2020-10-12,Australia,26000000,7684,43,6,0,6457,1221,0,0.08,84.03
2020-10-13,Australia,26000000,7714,30,6,0,6483,1225,0,0.08,84.04
2020-10-14,Australia,26000000,7743,29,6,0,6506,1231,0,0.08,84.02
2020-10-15,Australia,26000000,7770,27,6,0,6528,1236,0,0.08,84.02
2020-10-16,Australia,26000000,7803,33,6,0,6554,1243,0,0.08,83.99
2020-10-17,Australia,26000000,7829,26,6,0,6578,1245,0,0.08,84.02
2020-10-18,Australia,26000000,7864,35,6,0,6606,1252,0,0.08,84
2020-10-19,Australia,26000000,7895,31,6,0,6631,1258,0,0.08,83.99
2020-10-20,Australia,26000000,7921,26,6,0,6652,1263,0,0.08,83.98
2020-10-21,Australia,26000000,7949,28,6,0,6677,1266,0,0.08,84
2020-10-22,Australia,26000000,7984,35,6,0,6707,1271,0,0.08,84.01
2020-10-23,Australia,26000000,8028,44,6,0,6744,1278,0,0.07,84.01
2020-10-24,Australia,26000000,8058,30,6,0,6768,1284,0,0.07,83.99
2020-10-25,Australia,26000000,8078,20,6,0,6785,1287,0,0.07,83.99
2020-10-26,Australia,26000000,8112,34,6,0,6811,1295,0,0.07,83.96
2020-10-27,Australia,26000000,8153,41,6,0,6846,1301,0,0.07,83.97
2020-10-28,Australia,26000000,8194,41,6,0,6880,1308,0,0.07,83.96
2020-10-29,Australia,26000000,8231,37,6,0,6912,1313,0,0.07,83.98
2020-10-30,Australia,26000000,8265,34,6,0,6940,1319,0,0.07,83.97
2020-10-31,Australia,26000000,8293,28,6,0,6962,1325,0,0.07,83.95
2020-11-01,Australia,26000000,8319,26,6,0,6984,1329,0,0.07,83.95
2020-11-02,Australia,26000000,8347,28,6,0,7006,1335,0,0.07,83.93
2020-11-03,Australia,26000000,8381,34,6,0,7035,1340,0,0.07,83.94
2020-11-04,Australia,26000000,8411,30,6,0,7060,1345,0,0.07,83.94
2020-11-05,Australia,26000000,8445,34,6,0,7089,1350,0,0.07,83.94
2020-11-06,Australia,26000000,8473,28,6,0,7111,1356,0,0.07,83.93
2020-11-07,Australia,26000000,8513,40,6,0,7148,1359,0,0.07,83.97
2020-11-08,Australia,26000000,8542,29,6,0,7173,1363,0,0.07,83.97
2020-11-09,Australia,26000000,8579,37,6,0,7207,1366,0,0.07,84.01
2020-11-10,Australia,26000000,8619,40,6,0,7240,1373,0,0.07,84
2020-11-11,Australia,26000000,8648,29,6,0,7264,1378,0,0.07,84
2020-11-12,Australia,26000000,8675,27,6,0,7289,1380,0,0.07,84.02
2020-11-13,Australia,26000000,8705,30,6,0,7313,1386,0,0.07,84.01
2020-11-14,Australia,26000000,8741,36,6,0,7344,1391,0,0.07,84.02
2020-11-15,Australia,26000000,8766,25,6,0,7366,1394,0,0.07,84.03
2020-11-16,Australia,26000000,8800,34,6,0,7398,1396,0,0.07,84.07
2020-11-17,Australia,26000000,8840,40,6,0,7434,1400,0,0.07,84.1
2020-11-18,Australia,26000000,8869,29,6,0,7461,1402,0,0.07,84.12
2020-11-19,Australia,26000000,8910,41,6,0,7499,1405,0,0.07,84.16
2020-11-20,Australia,26000000,8938,28,6,0,7522,1410,0,0.07,84.16
2020-11-21,Australia,26000000,8988,50,6,0,7565,1417,0,0.07,84.17
2020-11-22,Australia,26000000,9024,36,6,0,7599,1419,0,0.07,84.21
2020-11-23,Australia,26000000,9067,43,6,0,7638,1423,0,0.07,84.24
2020-11-24,Australia,26000000,9104,37,6,0,7673,1425,0,0.07,84.28
2020-11-25,Australia,26000000,9140,36,6,0,7701,1433,0,0.07,84.26
2020-11-26,Australia,26000000,9179,39,6,0,7732,1441,0,0.07,84.24
2020-11-27,Australia,26000000,9210,31,6,0,7759,1445,0,0.07,84.25
2020-11-28,Australia,26000000,9252,42,6,0,7792,1454,0,0.06,84.22
2020-11-29,Australia,26000000,9294,42,6,0,7832,1456,0,0.06,84.27
2020-11-30,Australia,26000000,9324,30,6,0,7859,1459,0,0.06,84.29
2020-12-01,Australia,26000000,9355,31,6,0,7883,1466,0,0.06,84.27
2020-12-02,Australia,26000000,9411,56,6,0,7933,1472,0,0.06,84.29
2020-12-03,Australia,26000000,9448,37,6,0,7966,1476,0,0.06,84.31
2020-12-04,Australia,26000000,9496,48,6,0,8006,1484,0,0.06,84.31
2020-12-05,Australia,26000000,9539,43,6,0,8045,1488,0,0.06,84.34
2020-12-06,Australia,26000000,9591,52,6,0,8094,1491,0,0.06,84.39
2020-12-07,Australia,26000000,9635,44,6,0,8130,1499,0,0.06,84.38
2020-12-08,Australia,26000000,9694,59,7,1,8185,1502,0,0.07,84.43
2020-12-09,Australia,26000000,9732,38,7,0,8218,1507,0,0.07,84.44
2020-12-10,Australia,26000000,9782,50,7,0,8257,1518,0,0.07,84.41
2020-12-11,Australia,26000000,9831,49,7,0,8298,1526,0,0.07,84.41
2020-12-12,Australia,26000000,9898,67,8,1,8354,1536,0,0.08,84.4
2020-12-13,Australia,26000000,9941,43,8,0,8391,1542,0,0.08,84.41
2020-12-14,Australia,26000000,9989,48,9,1,8429,1551,0,0.09,84.38
2020-12-15,Australia,26000000,10024,35,9,0,8456,1559,0,0.09,84.36
2020-12-16,Australia,26000000,10078,54,10,1,8505,1563,0,0.1,84.39
2020-12-17,Australia,26000000,10112,34,10,0,8537,1565,0,0.1,84.42
2020-12-18,Australia,26000000,10167,55,10,0,8588,1569,0,0.1,84.47
2020-12-19,Australia,26000000,10206,39,10,0,8624,1572,0,0.1,84.5
2020-12-20,Australia,26000000,10258,52,10,0,8671,1577,0,0.1,84.53
2020-12-21,Australia,26000000,10296,38,10,0,8700,1586,0,0.1,84.5
2020-12-22,Australia,26000000,10336,40,10,0,8737,1589,0,0.1,84.53
2020-12-23,Australia,26000000,10374,38,10,0,8773,1591,0,0.1,84.57
2020-12-24,Australia,26000000,10419,45,10,0,8815,1594,0,0.1,84.61
2020-12-25,Australia,26000000,10457,38,10,0,8847,1600,0,0.1,84.6
2020-12-26,Australia,26000000,10498,41,10,0,8881,1607,0,0.1,84.6
2020-12-27,Australia,26000000,10552,54,10,0,8931,1611,0,0.09,84.64
2020-12-28,Australia,26000000,10592,40,10,0,8962,1620,0,0.09,84.61
2020-12-29,Australia,26000000,10651,59,10,0,9013,1628,0,0.09,84.62
2020-12-30,Australia,26000000,10711,60,10,0,9063,1638,0,0.09,84.61
2020-12-31,Australia,26000000,10753,42,10,0,9097,1646,0,0.09,84.6
2021-01-01,Australia,26000000,10791,38,10,0,9128,1653,0,0.09,84.59
2021-01-02,Australia,26000000,10831,40,10,0,9165,1656,46558,0.09,84.62
2021-01-03,Australia,26000000,10891,60,10,0,9217,1664,93117,0.09,84.63
2021-01-04,Australia,26000000,10955,64,10,0,9267,1678,139675,0.09,84.59
2021-01-05,Australia,26000000,11007,52,10,0,9308,1689,186234,0.09,84.56
2021-01-06,Australia,26000000,11044,37,10,0,9339,1695,232792,0.09,84.56
2021-01-07,Australia,26000000,11089,45,10,0,9376,1703,279351,0.09,84.55
2021-01-08,Australia,26000000,11141,52,10,0,9419,1712,325910,0.09,84.54
2021-01-09,Australia,26000000,11198,57,10,0,9466,1722,372468,0.09,84.53
2021-01-10,Australia,26000000,11249,51,10,0,9507,1732,419027,0.09,84.51
2021-01-11,Australia,26000000,11292,43,10,0,9546,1736,465585,0.09,84.54
2021-01-12,Australia,26000000,11355,63,10,0,9600,1745,512144,0.09,84.54
2021-01-13,Australia,26000000,11421,66,11,1,9660,1750,558702,0.1,84.58
2021-01-14,Australia,26000000,11503,82,12,1,9729,1762,605261,0.1,84.58
2021-01-15,Australia,26000000,11552,49,12,0,9774,1766,651820,0.1,84.61
2021-01-16,Australia,26000000,11604,52,12,0,9823,1769,698378,0.1,84.65
2021-01-17,Australia,26000000,11646,42,12,0,9856,1778,744937,0.1,84.63
2021-01-18,Australia,26000000,11735,89,13,1,9929,1793,791495,0.11,84.61
2021-01-19,Australia,26000000,11801,66,14,1,9987,1800,838054,0.12,84.63
2021-01-20,Australia,26000000,11845,44,14,0,10027,1804,884612,0.12,84.65
2021-01-21,Australia,26000000,11913,68,14,0,10082,1817,931171,0.12,84.63
2021-01-22,Australia,26000000,11967,54,14,0,10126,1827,977730,0.12,84.62
2021-01-23,Australia,26000000,12019,52,14,0,10172,1833,1024288,0.12,84.63
2021-01-24,Australia,26000000,12070,51,14,0,10217,1839,1070847,0.12,84.65
2021-01-25,Australia,26000000,12145,75,14,0,10283,1848,1117405,0.12,84.67
2021-01-26,Australia,26000000,12199,54,14,0,10330,1855,1163964,0.11,84.68
2021-01-27,Australia,26000000,12273,74,15,1,10397,1861,1210522,0.12,84.71
2021-01-28,Australia,26000000,12328,55,15,0,10442,1871,1257081,0.12,84.7
2021-01-29,Australia,26000000,12389,61,16,1,10493,1880,1303640,0.13,84.7
2021-01-30,Australia,26000000,12461,72,17,1,10561,1883,1350198,0.14,84.75
2021-01-31,Australia,26000000,12533,72,18,1,10619,1896,1396757,0.14,84.73
2021-02-01,Australia,26000000,12594,61,18,0,10675,1901,1443315,0.14,84.76
2021-02-02,Australia,26000000,12672,78,19,1,10748,1905,1489874,0.15,84.82
2021-02-03,Australia,26000000,12738,66,19,0,10801,1918,1536432,0.15,84.79
2021-02-04,Australia,26000000,12794,56,19,0,10848,1927,1582991,0.15,84.79
2021-02-05,Australia,26000000,12857,63,20,1,10905,1932,1629550,0.16,84.82
2021-02-06,Australia,26000000,12921,64,21,1,10955,1945,1676108,0.16,84.78
2021-02-07,Australia,26000000,12986,65,21,0,11005,1960,1722667,0.16,84.75
2021-02-08,Australia,26000000,13079,93,21,0,11082,1976,1769225,0.16,84.73
2021-02-09,Australia,26000000,13157,78,22,1,11144,1991,1815784,0.17,84.7
2021-02-10,Australia,26000000,13218,61,23,1,11194,2001,1862342,0.17,84.69
2021-02-11,Australia,26000000,13269,51,24,1,11237,2008,1908901,0.18,84.69
2021-02-12,Australia,26000000,13325,56,24,0,11283,2018,1955460,0.18,84.68
2021-02-13,Australia,26000000,13388,63,25,1,11334,2029,2002018,0.19,84.66
2021-02-14,Australia,26000000,13468,80,26,1,11398,2044,2048577,0.19,84.63
2021-02-15,Australia,26000000,13531,63,26,0,11454,2051,2095135,0.19,84.65
2021-02-16,Australia,26000000,13597,66,26,0,11511,2060,2141694,0.19,84.66
2021-02-17,Australia,26000000,13654,57,27,1,11557,2070,2188253,0.2,84.64
2021-02-18,Australia,26000000,13717,63,28,1,11614,2075,2234811,0.2,84.67
2021-02-19,Australia,26000000,13777,60,28,0,11665,2084,2281370,0.2,84.67
2021-02-20,Australia,26000000,13854,77,29,1,11738,2087,2327928,0.21,84.73
2021-02-21,Australia,26000000,13907,53,29,0,11784,2094,2374487,0.21,84.73
2021-02-22,Australia,26000000,13986,79,29,0,11855,2102,2421045,0.21,84.76
2021-02-23,Australia,26000000,14061,75,29,0,11919,2113,2467604,0.21,84.77
2021-02-24,Australia,26000000,14119,58,30,1,11964,2125,2514163,0.21,84.74
2021-02-25,Australia,26000000,14207,88,30,0,12043,2134,2560721,0.21,84.77
2021-02-26,Australia,26000000,14277,70,30,0,12103,2144,2607280,0.21,84.77
2021-02-27,Australia,26000000,14345,68,31,1,12165,2149,2653838,0.22,84.8
2021-02-28,Australia,26000000,14397,52,31,0,12208,2158,2700397,0.22,84.8
2021-03-01,Australia,26000000,14464,67,31,0,12267,2166,2746955,0.21,84.81
2021-03-02,Australia,26000000,14534,70,31,0,12322,2181,2793514,0.21,84.78
2021-03-03,Australia,26000000,14602,68,31,0,12380,2191,2840073,0.21,84.78
2021-03-04,Australia,26000000,14671,69,31,0,12437,2203,2886631,0.21,84.77
2021-03-05,Australia,26000000,14730,59,31,0,12484,2215,2933190,0.21,84.75
2021-03-06,Australia,26000000,14805,75,32,1,12547,2226,2979748,0.22,84.75
2021-03-07,Australia,26000000,14895,90,33,1,12626,2236,3026307,0.22,84.77
2021-03-08,Australia,26000000,14975,80,33,0,12696,2246,3072865,0.22,84.78
2021-03-09,Australia,26000000,15052,77,34,1,12763,2255,3119424,0.23,84.79
2021-03-10,Australia,26000000,15123,71,34,0,12828,2261,3165983,0.22,84.82
2021-03-11,Australia,26000000,15187,64,34,0,12879,2274,3212541,0.22,84.8
2021-03-12,Australia,26000000,15267,80,35,1,12943,2289,3259100,0.23,84.78
2021-03-13,Australia,26000000,15321,54,35,0,12988,2298,3305658,0.23,84.77
2021-03-14,Australia,26000000,15389,68,35,0,13047,2307,3352217,0.23,84.78
2021-03-15,Australia,26000000,15476,87,35,0,13121,2320,3398775,0.23,84.78
2021-03-16,Australia,26000000,15560,84,36,1,13198,2326,3445334,0.23,84.82
2021-03-17,Australia,26000000,15622,62,36,0,13251,2335,3491893,0.23,84.82
2021-03-18,Australia,26000000,15696,74,37,1,13320,2339,3538451,0.24,84.86
2021-03-19,Australia,26000000,15758,62,37,0,13376,2345,3585010,0.23,84.88
2021-03-20,Australia,26000000,15814,56,37,0,13428,2349,3631568,0.23,84.91
2021-03-21,Australia,26000000,15895,81,38,1,13501,2356,3678127,0.24,84.94
2021-03-22,Australia,26000000,15949,54,38,0,13544,2367,3724685,0.24,84.92
2021-03-23,Australia,26000000,16032,83,38,0,13620,2374,3771244,0.24,84.96
2021-03-24,Australia,26000000,16096,64,38,0,13670,2388,3817803,0.24,84.93
2021-03-25,Australia,26000000,16140,44,38,0,13709,2393,3864361,0.24,84.94
2021-03-26,Australia,26000000,16210,70,38,0,13766,2406,3910920,0.23,84.92
2021-03-27,Australia,26000000,16269,59,38,0,13813,2418,3957478,0.23,84.9
2021-03-28,Australia,26000000,16331,62,38,0,13869,2424,4004037,0.23,84.92
2021-03-29,Australia,26000000,16387,56,38,0,13921,2428,4050596,0.23,84.95
2021-03-30,Australia,26000000,16462,75,38,0,13990,2434,4097154,0.23,84.98
2021-03-31,Australia,26000000,16539,77,38,0,14051,2450,4143713,0.23,84.96
2021-04-01,Australia,26000000,16613,74,38,0,14120,2455,4190271,0.23,84.99
2021-04-02,Australia,26000000,16678,65,39,1,14181,2458,4236830,0.23,85.03
2021-04-03,Australia,26000000,16761,83,40,1,14250,2471,4283388,0.24,85.02
2021-04-04,Australia,26000000,16828,67,40,0,14310,2478,4329947,0.24,85.04
2021-04-05,Australia,26000000,16909,81,40,0,14380,2489,4376506,0.24,85.04
2021-04-06,Australia,26000000,16967,58,40,0,14428,2499,4423064,0.24,85.04
2021-04-07,Australia,26000000,17043,76,40,0,14498,2505,4469623,0.23,85.07
2021-04-08,Australia,26000000,17104,61,41,1,14551,2512,4516181,0.24,85.07
2021-04-09,Australia,26000000,17162,58,41,0,14596,2525,4562740,0.24,85.05
2021-04-10,Australia,26000000,17220,58,41,0,14651,2528,4609298,0.24,85.08
2021-04-11,Australia,26000000,17289,69,42,1,14715,2532,4655857,0.24,85.11
2021-04-12,Australia,26000000,17342,53,43,1,14764,2535,4702416,0.25,85.13
2021-04-13,Australia,26000000,17416,74,44,1,14828,2544,4748974,0.25,85.14
2021-04-14,Australia,26000000,17478,62,44,0,14880,2554,4795533,0.25,85.14
2021-04-15,Australia,26000000,17531,53,44,0,14926,2561,4842091,0.25,85.14
2021-04-16,Australia,26000000,17589,58,44,0,14972,2573,4888650,0.25,85.12
2021-04-17,Australia,26000000,17648,59,44,0,15024,2580,4935208,0.25,85.13
2021-04-18,Australia,26000000,17718,70,44,0,15079,2595,4981767,0.25,85.11
2021-04-19,Australia,26000000,17798,80,45,1,15146,2607,5028326,0.25,85.1
2021-04-20,Australia,26000000,17855,57,45,0,15196,2614,5074884,0.25,85.11
2021-04-21,Australia,26000000,17922,67,46,1,15254,2622,5121443,0.26,85.11
2021-04-22,Australia,26000000,17996,74,47,1,15323,2626,5168001,0.26,85.15
2021-04-23,Australia,26000000,18062,66,47,0,15385,2630,5214560,0.26,85.18
2021-04-24,Australia,26000000,18127,65,48,1,15445,2634,5261118,0.26,85.2
2021-04-25,Australia,26000000,18191,64,49,1,15496,2646,5307677,0.27,85.18
2021-04-26,Australia,26000000,18250,59,49,0,15550,2651,5354236,0.27,85.21
2021-04-27,Australia,26000000,18305,55,49,0,15598,2658,5400794,0.27,85.21
2021-04-28,Australia,26000000,18351,46,49,0,15634,2668,5447353,0.27,85.19
2021-04-29,Australia,26000000,18410,59,49,0,15687,2674,5493911,0.27,85.21
2021-04-30,Australia,26000000,18467,57,49,0,15739,2679,5540470,0.27,85.23
2021-05-01,Australia,26000000,18528,61,49,0,15795,2684,5587028,0.26,85.25
2021-05-02,Australia,26000000,18581,53,49,0,15844,2688,5633587,0.26,85.27
2021-05-03,Australia,26000000,18658,77,50,1,15911,2697,5680146,0.27,85.28
2021-05-04,Australia,26000000,18720,62,50,0,15966,2704,5726704,0.27,85.29
2021-05-05,Australia,26000000,18791,71,51,1,16033,2707,5773263,0.27,85.32
2021-05-06,Australia,26000000,18847,56,52,1,16085,2710,5819821,0.28,85.35
2021-05-07,Australia,26000000,18899,52,52,0,16130,2717,5866380,0.28,85.35
2021-05-08,Australia,26000000,18954,55,52,0,16179,2723,5912939,0.27,85.36
2021-05-09,Australia,26000000,19026,72,53,1,16242,2731,5959497,0.28,85.37
2021-05-10,Australia,26000000,19087,61,53,0,16294,2740,6006056,0.28,85.37
2021-05-11,Australia,26000000,19171,84,54,1,16363,2754,6052614,0.28,85.35
2021-05-12,Australia,26000000,19222,51,54,0,16404,2764,6099173,0.28,85.34
2021-05-13,Australia,26000000,19290,68,54,0,16459,2777,6145731,0.28,85.32
2021-05-14,Australia,26000000,19344,54,54,0,16502,2788,6192290,0.28,85.31
2021-05-15,Australia,26000000,19399,55,55,1,16548,2796,6238849,0.28,85.3
2021-05-16,Australia,26000000,19466,67,56,1,16603,2807,6285407,0.29,85.29
2021-05-17,Australia,26000000,19509,43,56,0,16642,2811,6331966,0.29,85.3
2021-05-18,Australia,26000000,19576,67,56,0,16697,2823,6378524,0.29,85.29
2021-05-19,Australia,26000000,19632,56,57,1,16744,2831,6425083,0.29,85.29
2021-05-20,Australia,26000000,19702,70,57,0,16800,2845,6471641,0.29,85.27
2021-05-21,Australia,26000000,19757,55,58,1,16847,2852,6518200,0.29,85.27
2021-05-22,Australia,26000000,19815,58,58,0,16900,2857,6564759,0.29,85.29
2021-05-23,Australia,26000000,19865,50,58,0,16946,2861,6611317,0.29,85.31
2021-05-24,Australia,26000000,19914,49,58,0,16987,2869,6657876,0.29,85.3
2021-05-25,Australia,26000000,19976,62,59,1,17036,2881,6704434,0.3,85.28
2021-05-26,Australia,26000000,20018,42,59,0,17069,2890,6750993,0.29,85.27
2021-05-27,Australia,26000000,20058,40,59,0,17103,2896,6797551,0.29,85.27
2021-05-28,Australia,26000000,20114,56,60,1,17153,2901,6844110,0.3,85.28
2021-05-29,Australia,26000000,20169,55,60,0,17198,2911,6890669,0.3,85.27
2021-05-30,Australia,26000000,20227,58,61,1,17249,2917,6937227,0.3,85.28
2021-05-31,Australia,26000000,20272,45,61,0,17286,2925,6983786,0.3,85.27
2021-06-01,Australia,26000000,20313,41,61,0,17322,2930,7030344,0.3,85.28
2021-06-02,Australia,26000000,20361,48,61,0,17363,2937,7076903,0.3,85.28
2021-06-03,Australia,26000000,20411,50,61,0,17406,2944,7123461,0.3,85.28
2021-06-04,Australia,26000000,20464,53,62,1,17452,2950,7170020,0.3,85.28
2021-06-05,Australia,26000000,20526,62,62,0,17504,2960,7216579,0.3,85.28
2021-06-06,Australia,26000000,20609,83,63,1,17572,2974,7263137,0.31,85.26
2021-06-07,Australia,26000000,20682,73,64,1,17639,2979,7309696,0.31,85.29
2021-06-08,Australia,26000000,20731,49,65,1,17680,2986,7356254,0.31,85.28
2021-06-09,Australia,26000000,20804,73,65,0,17747,2992,7402813,0.31,85.31
2021-06-10,Australia,26000000,20861,57,65,0,17791,3005,7449371,0.31,85.28
2021-06-11,Australia,26000000,20904,43,65,0,17827,3012,7495930,0.31,85.28
2021-06-12,Australia,26000000,20953,49,65,0,17872,3016,7542489,0.31,85.3
2021-06-13,Australia,26000000,21002,49,65,0,17917,3020,7589047,0.31,85.31
2021-06-14,Australia,26000000,21062,60,65,0,17968,3029,7635606,0.31,85.31
2021-06-15,Australia,26000000,21110,48,65,0,18007,3038,7682164,0.31,85.3
2021-06-16,Australia,26000000,21156,46,65,0,18043,3048,7728723,0.31,85.29
2021-06-17,Australia,26000000,21219,63,65,0,18102,3052,7775282,0.31,85.31
2021-06-18,Australia,26000000,21260,41,65,0,18135,3060,7821840,0.31,85.3
2021-06-19,Australia,26000000,21303,43,65,0,18173,3065,7868399,0.31,85.31
2021-06-20,Australia,26000000,21353,50,65,0,18217,3071,7914957,0.3,85.31
2021-06-21,Australia,26000000,21410,57,66,1,18270,3074,7961516,0.31,85.33
2021-06-22,Australia,26000000,21476,66,67,1,18332,3077,8008074,0.31,85.36
2021-06-23,Australia,26000000,21536,60,67,0,18378,3091,8054633,0.31,85.34
2021-06-24,Australia,26000000,21589,53,67,0,18422,3100,8101192,0.31,85.33
2021-06-25,Australia,26000000,21626,37,67,0,18455,3104,8147750,0.31,85.34
2021-06-26,Australia,26000000,21677,51,67,0,18502,3108,8194309,0.31,85.35
2021-06-27,Australia,26000000,21717,40,67,0,18539,3111,8240867,0.31,85.37
2021-06-28,Australia,26000000,21762,45,67,0,18580,3115,8287426,0.31,85.38
2021-06-29,Australia,26000000,21807,45,67,0,18622,3118,8333984,0.31,85.39
2021-06-30,Australia,26000000,21860,53,67,0,18664,3129,8380543,0.31,85.38
2021-07-01,Australia,26000000,21916,56,68,1,18709,3139,8427102,0.31,85.37
2021-07-02,Australia,26000000,21961,45,68,0,18744,3149,8473660,0.31,85.35
2021-07-03,Australia,26000000,22010,49,68,0,18787,3155,8520219,0.31,85.36
2021-07-04,Australia,26000000,22048,38,68,0,18821,3159,8566777,0.31,85.36
2021-07-05,Australia,26000000,22089,41,68,0,18853,3168,8613336,0.31,85.35
2021-07-06,Australia,26000000,22152,63,69,1,18905,3178,8659894,0.31,85.34
2021-07-07,Australia,26000000,22209,57,70,1,18953,3186,8706453,0.32,85.34
2021-07-08,Australia,26000000,22248,39,70,0,18989,3189,8753012,0.31,85.35
2021-07-09,Australia,26000000,22284,36,70,0,19020,3194,8799570,0.31,85.35
2021-07-10,Australia,26000000,22328,44,70,0,19060,3198,8846129,0.31,85.36
2021-07-11,Australia,26000000,22372,44,70,0,19096,3206,8892687,0.31,85.36
2021-07-12,Australia,26000000,22416,44,70,0,19134,3212,8939246,0.31,85.36
2021-07-13,Australia,26000000,22455,39,70,0,19166,3219,8985804,0.31,85.35
2021-07-14,Australia,26000000,22500,45,70,0,19208,3222,9032363,0.31,85.37
2021-07-15,Australia,26000000,22537,37,70,0,19237,3230,9078922,0.31,85.36
2021-07-16,Australia,26000000,22593,56,70,0,19289,3234,9125480,0.31,85.38
2021-07-17,Australia,26000000,22646,53,71,1,19334,3241,9172039,0.31,85.37
2021-07-18,Australia,26000000,22708,62,72,1,19382,3254,9218597,0.32,85.35
2021-07-19,Australia,26000000,22758,50,72,0,19422,3264,9265156,0.32,85.34
2021-07-20,Australia,26000000,22800,42,72,0,19460,3268,9311714,0.32,85.35
2021-07-21,Australia,26000000,22860,60,72,0,19514,3274,9358273,0.31,85.36
2021-07-22,Australia,26000000,22891,31,72,0,19543,3276,9404832,0.31,85.37
2021-07-23,Australia,26000000,22929,38,72,0,19572,3285,9451390,0.31,85.36
2021-07-24,Australia,26000000,22983,54,72,0,19616,3295,9497949,0.31,85.35
2021-07-25,Australia,26000000,23018,35,72,0,19644,3302,9544507,0.31,85.34
2021-07-26,Australia,26000000,23064,46,72,0,19684,3308,9591066,0.31,85.35
2021-07-27,Australia,26000000,23104,40,72,0,19716,3316,9637625,0.31,85.34
2021-07-28,Australia,26000000,23167,63,72,0,19770,3325,9684183,0.31,85.34
2021-07-29,Australia,26000000,23210,43,72,0,19805,3333,9730742,0.31,85.33
2021-07-30,Australia,26000000,23269,59,72,0,19859,3338,9777300,0.31,85.35
2021-07-31,Australia,26000000,23303,34,72,0,19887,3344,9823859,0.31,85.34
2021-08-01,Australia,26000000,23353,50,72,0,19927,3354,9870417,0.31,85.33
2021-08-02,Australia,26000000,23399,46,72,0,19968,3359,9916976,0.31,85.34
2021-08-03,Australia,26000000,23452,53,72,0,20017,3363,9963535,0.31,85.35
2021-08-04,Australia,26000000,23500,48,72,0,20056,3372,10010093,0.31,85.34
2021-08-05,Australia,26000000,23545,45,72,0,20095,3378,10056652,0.31,85.35
2021-08-06,Australia,26000000,23597,52,72,0,20135,3390,10103210,0.31,85.33
2021-08-07,Australia,26000000,23660,63,73,1,20185,3402,10149769,0.31,85.31
2021-08-08,Australia,26000000,23706,46,73,0,20224,3409,10196327,0.31,85.31
2021-08-09,Australia,26000000,23751,45,73,0,20261,3417,10242886,0.31,85.31
2021-08-10,Australia,26000000,23790,39,73,0,20298,3419,10289445,0.31,85.32
2021-08-11,Australia,26000000,23837,47,73,0,20341,3423,10336003,0.31,85.33
2021-08-12,Australia,26000000,23880,43,73,0,20380,3427,10382562,0.31,85.34
2021-08-13,Australia,26000000,23927,47,73,0,20417,3437,10429120,0.31,85.33
2021-08-14,Australia,26000000,23968,41,73,0,20454,3441,10475679,0.3,85.34
2021-08-15,Australia,26000000,24009,41,73,0,20491,3445,10522237,0.3,85.35
2021-08-16,Australia,26000000,24072,63,74,1,20550,3448,10568796,0.31,85.37
2021-08-17,Australia,26000000,24135,63,75,1,20608,3452,10615355,0.31,85.39
2021-08-18,Australia,26000000,24181,46,75,0,20645,3461,10661913,0.31,85.38
2021-08-19,Australia,26000000,24222,41,75,0,20682,3465,10708472,0.31,85.39
2021-08-20,Australia,26000000,24262,40,75,0,20717,3470,10755030,0.31,85.39
2021-08-21,Australia,26000000,24305,43,75,0,20754,3476,10801589,0.31,85.39
2021-08-22,Australia,26000000,24361,56,76,1,20805,3480,10848147,0.31,85.4
2021-08-23,Australia,26000000,24404,43,76,0,20844,3484,10894706,0.31,85.41
2021-08-24,Australia,26000000,24450,46,76,0,20883,3491,10941265,0.31,85.41
2021-08-25,Australia,26000000,24491,41,76,0,20922,3493,10987823,0.31,85.43
2021-08-26,Australia,26000000,24533,42,76,0,20959,3498,11034382,0.31,85.43
2021-08-27,Australia,26000000,24584,51,76,0,21006,3502,11080940,0.31,85.45
2021-08-28,Australia,26000000,24622,38,76,0,21039,3507,11127499,0.31,85.45
2021-08-29,Australia,26000000,24698,76,76,0,21110,3512,11174057,0.31,85.47
2021-08-30,Australia,26000000,24749,51,76,0,21156,3517,11220616,0.31,85.48
2021-08-31,Australia,26000000,24791,42,76,0,21192,3523,11267175,0.31,85.48
2021-09-01,Australia,26000000,24843,52,77,1,21240,3526,11313733,0.31,85.5
2021-09-02,Australia,26000000,24909,66,77,0,21294,3538,11360292,0.31,85.49
2021-09-03,Australia,26000000,24970,61,77,0,21342,3551,11406850,0.31,85.47
2021-09-04,Australia,26000000,25005,35,77,0,21371,3557,11453409,0.31,85.47
2021-09-05,Australia,26000000,25068,63,77,0,21424,3567,11499968,0.31,85.46
2021-09-06,Australia,26000000,25124,56,77,0,21477,3570,11546526,0.31,85.48
2021-09-07,Australia,26000000,25166,42,77,0,21516,3573,11593085,0.31,85.5
2021-09-08,Australia,26000000,25221,55,78,1,21560,3583,11639643,0.31,85.48
2021-09-09,Australia,26000000,25280,59,78,0,21608,3594,11686202,0.31,85.47
2021-09-10,Australia,26000000,25324,44,78,0,21642,3604,11732760,0.31,85.46
2021-09-11,Australia,26000000,25366,42,78,0,21676,3612,11779319,0.31,85.45
2021-09-12,Australia,26000000,25418,52,78,0,21720,3620,11825878,0.31,85.45
2021-09-13,Australia,26000000,25469,51,78,0,21766,3625,11872436,0.31,85.46
2021-09-14,Australia,26000000,25506,37,78,0,21801,3627,11918995,0.31,85.47
2021-09-15,Australia,26000000,25551,45,78,0,21836,3637,11965553,0.31,85.46
2021-09-16,Australia,26000000,25596,45,78,0,21872,3646,12012112,0.3,85.45
2021-09-17,Australia,26000000,25660,64,78,0,21930,3652,12058670,0.3,85.46
2021-09-18,Australia,26000000,25714,54,78,0,21972,3664,12105229,0.3,85.45
2021-09-19,Australia,26000000,25765,51,78,0,22019,3668,12151788,0.3,85.46
2021-09-20,Australia,26000000,25838,73,78,0,22088,3672,12198346,0.3,85.49
2021-09-21,Australia,26000000,25913,75,78,0,22154,3681,12244905,0.3,85.49
2021-09-22,Australia,26000000,25967,54,78,0,22198,3691,12291463,0.3,85.49
2021-09-23,Australia,26000000,26008,41,78,0,22236,3694,12338022,0.3,85.5
2021-09-24,Australia,26000000,26065,57,78,0,22284,3703,12384580,0.3,85.49
2021-09-25,Australia,26000000,26135,70,79,1,22348,3708,12431139,0.3,85.51
2021-09-26,Australia,26000000,26196,61,79,0,22395,3722,12477698,0.3,85.49
2021-09-27,Australia,26000000,26239,43,79,0,22430,3730,12524256,0.3,85.48
2021-09-28,Australia,26000000,26295,56,79,0,22481,3735,12570815,0.3,85.5
2021-09-29,Australia,26000000,26346,51,79,0,22527,3740,12617373,0.3,85.5
2021-09-30,Australia,26000000,26390,44,79,0,22562,3749,12663932,0.3,85.49
2021-10-01,Australia,26000000,26436,46,79,0,22602,3755,12710490,0.3,85.5
2021-10-02,Australia,26000000,26497,61,80,1,22650,3767,12757049,0.3,85.48
2021-10-03,Australia,26000000,26540,43,80,0,22690,3770,12803608,0.3,85.49
2021-10-04,Australia,26000000,26590,50,80,0,22733,3777,12850166,0.3,85.49
2021-10-05,Australia,26000000,26627,37,80,0,22766,3781,12896725,0.3,85.5
2021-10-06,Australia,26000000,26682,55,80,0,22818,3784,12943283,0.3,85.52
2021-10-07,Australia,26000000,26741,59,80,0,22872,3789,12989842,0.3,85.53
2021-10-08,Australia,26000000,26795,54,80,0,22916,3799,13036400,0.3,85.52
2021-10-09,Australia,26000000,26857,62,80,0,22966,3811,13082959,0.3,85.51
2021-10-10,Australia,26000000,26903,46,80,0,23005,3818,13129518,0.3,85.51
2021-10-11,Australia,26000000,26976,73,81,1,23063,3832,13176076,0.3,85.49
2021-10-12,Australia,26000000,27039,63,81,0,23114,3844,13222635,0.3,85.48
2021-10-13,Australia,26000000,27099,60,82,1,23162,3855,13269193,0.3,85.47
2021-10-14,Australia,26000000,27157,58,82,0,23209,3866,13315752,0.3,85.46
2021-10-15,Australia,26000000,27209,52,83,1,23252,3874,13362311,0.31,85.46
2021-10-16,Australia,26000000,27266,57,83,0,23303,3880,13408869,0.3,85.47
2021-10-17,Australia,26000000,27339,73,84,1,23362,3893,13455428,0.31,85.45
2021-10-18,Australia,26000000,27392,53,84,0,23410,3898,13501986,0.31,85.46
2021-10-19,Australia,26000000,27470,78,84,0,23473,3913,13548545,0.31,85.45
2021-10-20,Australia,26000000,27536,66,84,0,23531,3921,13595103,0.31,85.46
2021-10-21,Australia,26000000,27593,57,84,0,23582,3927,13641662,0.3,85.46
2021-10-22,Australia,26000000,27670,77,85,1,23644,3941,13688221,0.31,85.45
2021-10-23,Australia,26000000,27736,66,85,0,23707,3944,13734779,0.31,85.47
2021-10-24,Australia,26000000,27800,64,86,1,23764,3950,13781338,0.31,85.48
2021-10-25,Australia,26000000,27851,51,86,0,23805,3960,13827896,0.31,85.47
2021-10-26,Australia,26000000,27899,48,86,0,23846,3967,13874455,0.31,85.47
2021-10-27,Australia,26000000,27964,65,86,0,23900,3978,13921013,0.31,85.47
2021-10-28,Australia,26000000,28023,59,86,0,23956,3981,13967572,0.31,85.49
2021-10-29,Australia,26000000,28089,66,87,1,24018,3984,14014131,0.31,85.51
2021-10-30,Australia,26000000,28160,71,88,1,24076,3996,14060689,0.31,85.5
2021-10-31,Australia,26000000,28213,53,88,0,24124,4001,14107248,0.31,85.51
2021-11-01,Australia,26000000,28275,62,88,0,24182,4005,14153806,0.31,85.52
2021-11-02,Australia,26000000,28330,55,88,0,24230,4012,14200365,0.31,85.53
2021-11-03,Australia,26000000,28386,56,88,0,24278,4020,14246923,0.31,85.53
2021-11-04,Australia,26000000,28440,54,88,0,24328,4024,14293482,0.31,85.54
2021-11-05,Australia,26000000,28526,86,88,0,24404,4034,14340041,0.31,85.55
2021-11-06,Australia,26000000,28564,38,88,0,24434,4042,14386599,0.31,85.54
2021-11-07,Australia,26000000,28632,68,88,0,24491,4053,14433158,0.31,85.54
2021-11-08,Australia,26000000,28681,49,88,0,24534,4059,14479716,0.31,85.54
2021-11-09,Australia,26000000,28757,76,89,1,24601,4067,14526275,0.31,85.55
2021-11-10,Australia,26000000,28806,49,89,0,24643,4074,14572833,0.31,85.55
2021-11-11,Australia,26000000,28871,65,90,1,24699,4082,14619392,0.31,85.55
2021-11-12,Australia,26000000,28929,58,91,1,24749,4089,14665951,0.31,85.55
2021-11-13,Australia,26000000,28982,53,91,0,24798,4093,14712509,0.31,85.56
2021-11-14,Australia,26000000,29039,57,92,1,24848,4099,14759068,0.32,85.57
2021-11-15,Australia,26000000,29120,81,93,1,24917,4110,14805626,0.32,85.57
2021-11-16,Australia,26000000,29169,49,93,0,24961,4115,14852185,0.32,85.57
2021-11-17,Australia,26000000,29233,64,93,0,25012,4128,14898743,0.32,85.56
2021-11-18,Australia,26000000,29298,65,94,1,25072,4132,14945302,0.32,85.58
2021-11-19,Australia,26000000,29376,78,95,1,25145,4136,14991861,0.32,85.6
2021-11-20,Australia,26000000,29420,44,95,0,25180,4145,15038419,0.32,85.59
2021-11-21,Australia,26000000,29475,55,96,1,25224,4155,15084978,0.33,85.58
2021-11-22,Australia,26000000,29539,64,97,1,25280,4162,15131536,0.33,85.58
2021-11-23,Australia,26000000,29603,64,97,0,25338,4168,15178095,0.33,85.59
2021-11-24,Australia,26000000,29683,80,97,0,25405,4181,15224654,0.33,85.59
2021-11-25,Australia,26000000,29744,61,98,1,25458,4188,15271212,0.33,85.59
2021-11-26,Australia,26000000,29805,61,99,1,25513,4193,15317771,0.33,85.6
2021-11-27,Australia,26000000,29890,85,100,1,25585,4205,15364329,0.33,85.6
2021-11-28,Australia,26000000,29947,57,100,0,25639,4208,15410888,0.33,85.61
2021-11-29,Australia,26000000,30007,60,100,0,25685,4222,15457446,0.33,85.6
2021-11-30,Australia,26000000,30066,59,101,1,25734,4231,15504005,0.34,85.59
2021-12-01,Australia,26000000,30136,70,101,0,25796,4239,15550564,0.34,85.6
2021-12-02,Australia,26000000,30191,55,102,1,25846,4243,15597122,0.34,85.61
2021-12-03,Australia,26000000,30251,60,102,0,25896,4253,15643681,0.34,85.6
2021-12-04,Australia,26000000,30312,61,102,0,25949,4261,15690239,0.34,85.61
2021-12-05,Australia,26000000,30387,75,102,0,26014,4271,15736798,0.34,85.61
2021-12-06,Australia,26000000,30428,41,102,0,26047,4279,15783356,0.34,85.6
2021-12-07,Australia,26000000,30505,77,103,1,26119,4283,15829915,0.34,85.62
2021-12-08,Australia,26000000,30580,75,104,1,26186,4290,15876474,0.34,85.63
2021-12-09,Australia,26000000,30634,54,104,0,26229,4301,15923032,0.34,85.62
2021-12-10,Australia,26000000,30702,68,104,0,26291,4307,15969591,0.34,85.63
2021-12-11,Australia,26000000,30759,57,104,0,26342,4313,16016149,0.34,85.64
2021-12-12,Australia,26000000,30804,45,104,0,26380,4320,16062708,0.34,85.64
2021-12-13,Australia,26000000,30857,53,104,0,26428,4325,16109266,0.34,85.65
2021-12-14,Australia,26000000,30926,69,105,1,26484,4337,16155825,0.34,85.64
2021-12-15,Australia,26000000,30983,57,105,0,26530,4348,16202384,0.34,85.63
2021-12-16,Australia,26000000,31038,55,105,0,26576,4357,16248942,0.34,85.62
2021-12-17,Australia,26000000,31107,69,105,0,26636,4366,16295501,0.34,85.63
2021-12-18,Australia,26000000,31175,68,106,1,26693,4376,16342059,0.34,85.62
2021-12-19,Australia,26000000,31250,75,106,0,26759,4385,16388618,0.34,85.63
2021-12-20,Australia,26000000,31313,63,106,0,26818,4389,16435176,0.34,85.64
2021-12-21,Australia,26000000,31365,52,106,0,26859,4400,16481735,0.34,85.63
2021-12-22,Australia,26000000,31413,48,106,0,26898,4409,16528294,0.34,85.63
2021-12-23,Australia,26000000,31488,75,107,1,26968,4413,16574852,0.34,85.65
2021-12-24,Australia,26000000,31534,46,107,0,27004,4423,16621411,0.34,85.63
2021-12-25,Australia,26000000,31598,64,108,1,27057,4433,16667969,0.34,85.63
2021-12-26,Australia,26000000,31663,65,109,1,27112,4442,16714528,0.34,85.63
2021-12-27,Australia,26000000,31711,48,109,0,27154,4448,16761086,0.34,85.63
2021-12-28,Australia,26000000,31793,82,109,0,27229,4455,16807645,0.34,85.64
2021-12-29,Australia,26000000,31869,76,109,0,27301,4459,16854204,0.34,85.67
2021-12-30,Australia,26000000,31939,70,110,1,27358,4471,16900762,0.34,85.66
2021-12-31,Australia,26000000,31990,51,110,0,27402,4478,16947321,0.34,85.66
2022-01-01,Australia,26000000,32054,64,110,0,27454,4490,16993879,0.34,85.65
2022-01-02,Australia,26000000,32117,63,110,0,27504,4503,17040438,0.34,85.64
2022-01-03,Australia,26000000,32173,56,111,1,27550,4512,17086997,0.35,85.63
2022-01-04,Australia,26000000,32220,47,111,0,27589,4520,17133555,0.34,85.63
2022-01-05,Australia,26000000,32285,65,112,1,27644,4529,17180114,0.35,85.62
2022-01-06,Australia,26000000,32349,64,113,1,27695,4541,17226672,0.35,85.61
2022-01-07,Australia,26000000,32407,58,114,1,27744,4549,17273231,0.35,85.61
2022-01-08,Australia,26000000,32448,41,114,0,27777,4557,17319789,0.35,85.6
2022-01-09,Australia,26000000,32519,71,115,1,27839,4565,17366348,0.35,85.61
2022-01-10,Australia,26000000,32577,58,116,1,27891,4570,17412907,0.36,85.62
2022-01-11,Australia,26000000,32621,44,116,0,27932,4573,17459465,0.36,85.63
2022-01-12,Australia,26000000,32667,46,116,0,27969,4582,17506024,0.36,85.62
2022-01-13,Australia,26000000,32725,58,117,1,28024,4584,17552582,0.36,85.63
2022-01-14,Australia,26000000,32772,47,117,0,28063,4592,17599141,0.36,85.63
2022-01-15,Australia,26000000,32811,39,117,0,28097,4597,17645699,0.36,85.63
2022-01-16,Australia,26000000,32882,71,117,0,28156,4609,17692258,0.36,85.63
2022-01-17,Australia,26000000,32924,42,117,0,28192,4615,17738817,0.36,85.63
2022-01-18,Australia,26000000,32980,56,118,1,28245,4617,17785375,0.36,85.64
2022-01-19,Australia,26000000,33043,63,118,0,28300,4625,17831934,0.36,85.65
2022-01-20,Australia,26000000,33093,50,118,0,28344,4631,17878492,0.36,85.65
2022-01-21,Australia,26000000,33153,60,119,1,28391,4643,17925051,0.36,85.64
2022-01-22,Australia,26000000,33200,47,119,0,28431,4650,17971609,0.36,85.64
2022-01-23,Australia,26000000,33265,65,119,0,28492,4654,18018168,0.36,85.65
2022-01-24,Australia,26000000,33333,68,120,1,28553,4660,18064727,0.36,85.66
2022-01-25,Australia,26000000,33375,42,120,0,28587,4668,18111285,0.36,85.65
2022-01-26,Australia,26000000,33426,51,121,1,28628,4677,18157844,0.36,85.65
2022-01-27,Australia,26000000,33487,61,122,1,28683,4682,18204402,0.36,85.65
2022-01-28,Australia,26000000,33534,47,122,0,28724,4688,18250961,0.36,85.66
2022-01-29,Australia,26000000,33600,66,123,1,28776,4701,18297519,0.37,85.64
2022-01-30,Australia,26000000,33660,60,123,0,28830,4707,18344078,0.37,85.65
2022-01-31,Australia,26000000,33714,54,123,0,28881,4710,18390637,0.36,85.66
2022-02-01,Australia,26000000,33768,54,123,0,28927,4718,18437195,0.36,85.66
2022-02-02,Australia,26000000,33812,44,123,0,28965,4724,18483754,0.36,85.66
2022-02-03,Australia,26000000,33862,50,123,0,29006,4733,18530312,0.36,85.66
2022-02-04,Australia,26000000,33911,49,123,0,29052,4736,18576871,0.36,85.67
2022-02-05,Australia,26000000,33968,57,123,0,29096,4749,18623429,0.36,85.66
2022-02-06,Australia,26000000,34013,45,123,0,29135,4755,18669988,0.36,85.66
2022-02-07,Australia,26000000,34054,41,123,0,29172,4759,18716547,0.36,85.66
2022-02-08,Australia,26000000,34113,59,123,0,29219,4771,18763105,0.36,85.65
2022-02-09,Australia,26000000,34161,48,123,0,29263,4775,18809664,0.36,85.66
2022-02-10,Australia,26000000,34199,38,123,0,29294,4782,18856222,0.36,85.66
2022-02-11,Australia,26000000,34244,45,123,0,29335,4786,18902781,0.36,85.66
2022-02-12,Australia,26000000,34292,48,123,0,29379,4790,18949340,0.36,85.67
2022-02-13,Australia,26000000,34340,48,123,0,29419,4798,18995898,0.36,85.67
2022-02-14,Australia,26000000,34390,50,123,0,29463,4804,19042457,0.36,85.67
2022-02-15,Australia,26000000,34441,51,123,0,29510,4808,19089015,0.36,85.68
2022-02-16,Australia,26000000,34498,57,124,1,29557,4817,19135574,0.36,85.68
2022-02-17,Australia,26000000,34547,49,124,0,29603,4820,19182132,0.36,85.69
2022-02-18,Australia,26000000,34600,53,125,1,29649,4826,19228691,0.36,85.69
2022-02-19,Australia,26000000,34641,41,125,0,29682,4834,19275250,0.36,85.68
2022-02-20,Australia,26000000,34692,51,125,0,29726,4841,19321808,0.36,85.69
2022-02-21,Australia,26000000,34742,50,125,0,29765,4852,19368367,0.36,85.67
2022-02-22,Australia,26000000,34778,36,125,0,29795,4858,19414925,0.36,85.67
2022-02-23,Australia,26000000,34814,36,125,0,29824,4865,19461484,0.36,85.67
2022-02-24,Australia,26000000,34851,37,125,0,29858,4868,19508042,0.36,85.67
2022-02-25,Australia,26000000,34900,49,125,0,29899,4876,19554601,0.36,85.67
2022-02-26,Australia,26000000,34935,35,125,0,29932,4878,19601160,0.36,85.68
2022-02-27,Australia,26000000,34994,59,125,0,29979,4890,19647718,0.36,85.67
2022-02-28,Australia,26000000,35031,37,125,0,30010,4896,19694277,0.36,85.67
2022-03-01,Australia,26000000,35072,41,125,0,30042,4905,19740835,0.36,85.66
2022-03-02,Australia,26000000,35113,41,125,0,30076,4912,19787394,0.36,85.65
2022-03-03,Australia,26000000,35165,52,125,0,30117,4923,19833952,0.36,85.64
2022-03-04,Australia,26000000,35214,49,125,0,30157,4932,19880511,0.35,85.64
2022-03-05,Australia,26000000,35258,44,125,0,30195,4938,19927070,0.35,85.64
2022-03-06,Australia,26000000,35292,34,125,0,30226,4941,19973628,0.35,85.65
2022-03-07,Australia,26000000,35329,37,125,0,30255,4949,20020187,0.35,85.64
2022-03-08,Australia,26000000,35362,33,125,0,30284,4953,20066745,0.35,85.64
2022-03-09,Australia,26000000,35405,43,125,0,30321,4959,20113304,0.35,85.64
2022-03-10,Australia,26000000,35460,55,125,0,30366,4969,20159862,0.35,85.63
2022-03-11,Australia,26000000,35499,39,125,0,30400,4974,20206421,0.35,85.64
2022-03-12,Australia,26000000,35531,32,125,0,30429,4977,20252980,0.35,85.64
2022-03-13,Australia,26000000,35564,33,125,0,30458,4981,20299538,0.35,85.64
2022-03-14,Australia,26000000,35607,43,125,0,30493,4989,20346097,0.35,85.64
2022-03-15,Australia,26000000,35642,35,125,0,30523,4994,20392655,0.35,85.64
2022-03-16,Australia,26000000,35687,45,125,0,30565,4997,20439214,0.35,85.65
2022-03-17,Australia,26000000,35722,35,125,0,30593,5004,20485772,0.35,85.64
2022-03-18,Australia,26000000,35753,31,125,0,30620,5008,20532331,0.35,85.64
2022-03-19,Australia,26000000,35785,32,125,0,30646,5014,20578890,0.35,85.64
2022-03-20,Australia,26000000,35829,44,125,0,30685,5019,20625448,0.35,85.64
2022-03-21,Australia,26000000,35873,44,125,0,30723,5025,20672007,0.35,85.64
2022-03-22,Australia,26000000,35908,35,125,0,30756,5027,20718565,0.35,85.65
2022-03-23,Australia,26000000,35948,40,125,0,30787,5036,20765124,0.35,85.64
2022-03-24,Australia,26000000,35991,43,125,0,30821,5045,20811683,0.35,85.64
2022-03-25,Australia,26000000,36023,32,125,0,30850,5048,20858241,0.35,85.64
2022-03-26,Australia,26000000,36050,27,125,0,30872,5053,20904800,0.35,85.64
2022-03-27,Australia,26000000,36084,34,125,0,30903,5056,20951358,0.35,85.64
2022-03-28,Australia,26000000,36113,29,125,0,30928,5060,20997917,0.35,85.64
2022-03-29,Australia,26000000,36148,35,125,0,30956,5067,21044475,0.35,85.64
2022-03-30,Australia,26000000,36177,29,125,0,30983,5069,21091034,0.35,85.64
2022-03-31,Australia,26000000,36212,35,125,0,31010,5077,21137593,0.35,85.63
2022-04-01,Australia,26000000,36242,30,125,0,31034,5083,21184151,0.34,85.63
2022-04-02,Australia,26000000,36269,27,125,0,31056,5088,21230710,0.34,85.63
2022-04-03,Australia,26000000,36297,28,125,0,31081,5091,21277268,0.34,85.63
2022-04-04,Australia,26000000,36334,37,125,0,31111,5098,21323827,0.34,85.63
2022-04-05,Australia,26000000,36371,37,125,0,31144,5102,21370385,0.34,85.63
2022-04-06,Australia,26000000,36402,31,125,0,31169,5108,21416944,0.34,85.62
2022-04-07,Australia,26000000,36431,29,125,0,31193,5113,21463503,0.34,85.62
2022-04-08,Australia,26000000,36456,25,125,0,31214,5117,21510061,0.34,85.62
2022-04-09,Australia,26000000,36486,30,125,0,31238,5123,21556620,0.34,85.62
2022-04-10,Australia,26000000,36520,34,125,0,31265,5130,21603178,0.34,85.61
2022-04-11,Australia,26000000,36548,28,125,0,31291,5132,21649737,0.34,85.62
2022-04-12,Australia,26000000,36579,31,125,0,31317,5137,21696295,0.34,85.61
2022-04-13,Australia,26000000,36609,30,125,0,31345,5139,21742854,0.34,85.62
2022-04-14,Australia,26000000,36645,36,125,0,31375,5145,21789413,0.34,85.62
2022-04-15,Australia,26000000,36676,31,125,0,31402,5149,21835971,0.34,85.62
2022-04-16,Australia,26000000,36701,25,125,0,31422,5154,21882530,0.34,85.62
2022-04-17,Australia,26000000,36734,33,125,0,31450,5159,21929088,0.34,85.62
2022-04-18,Australia,26000000,36766,32,125,0,31475,5166,21975647,0.34,85.61
2022-04-19,Australia,26000000,36791,25,125,0,31498,5168,22022205,0.34,85.61
2022-04-20,Australia,26000000,36814,23,125,0,31519,5170,22068764,0.34,85.62
2022-04-21,Australia,26000000,36833,19,125,0,31535,5173,22115323,0.34,85.62
2022-04-22,Australia,26000000,36859,26,125,0,31557,5177,22161881,0.34,85.62
2022-04-23,Australia,26000000,36893,34,125,0,31588,5180,22208440,0.34,85.62
2022-04-24,Australia,26000000,36918,25,125,0,31608,5185,22254998,0.34,85.62
2022-04-25,Australia,26000000,36941,23,125,0,31626,5190,22301557,0.34,85.61
2022-04-26,Australia,26000000,36964,23,125,0,31643,5196,22348115,0.34,85.6
2022-04-27,Australia,26000000,36985,21,125,0,31661,5199,22394674,0.34,85.6
2022-04-28,Australia,26000000,37004,19,125,0,31678,5201,22441233,0.34,85.61
2022-04-29,Australia,26000000,37025,21,125,0,31695,5205,22487791,0.34,85.6
2022-04-30,Australia,26000000,37047,22,125,0,31714,5208,22534350,0.34,85.6
2022-05-01,Australia,26000000,37065,18,125,0,31728,5212,22580908,0.34,85.6
2022-05-02,Australia,26000000,37082,17,125,0,31741,5216,22627467,0.34,85.6
2022-05-03,Australia,26000000,37099,17,125,0,31756,5218,22674026,0.34,85.6
2022-05-04,Australia,26000000,37118,19,125,0,31773,5220,22720584,0.34,85.6
2022-05-05,Australia,26000000,37138,20,125,0,31791,5222,22767143,0.34,85.6
2022-05-06,Australia,26000000,37161,23,125,0,31810,5226,22813701,0.34,85.6
2022-05-07,Australia,26000000,37181,20,125,0,31827,5229,22860260,0.34,85.6
2022-05-08,Australia,26000000,37200,19,125,0,31842,5233,22906818,0.34,85.6
2022-05-09,Australia,26000000,37228,28,125,0,31867,5236,22953377,0.34,85.6
2022-05-10,Australia,26000000,37246,18,125,0,31883,5238,22999936,0.34,85.6
2022-05-11,Australia,26000000,37260,14,125,0,31895,5240,23046494,0.34,85.6
2022-05-12,Australia,26000000,37281,21,125,0,31913,5243,23093053,0.34,85.6
2022-05-13,Australia,26000000,37305,24,125,0,31936,5244,23139611,0.34,85.61
2022-05-14,Australia,26000000,37320,15,125,0,31949,5246,23186170,0.33,85.61
2022-05-15,Australia,26000000,37335,15,125,0,31961,5249,23232728,0.33,85.61
2022-05-16,Australia,26000000,37352,17,125,0,31975,5252,23279287,0.33,85.6
2022-05-17,Australia,26000000,37374,22,125,0,31993,5256,23279287,0.33,85.6
2022-05-18,Australia,26000000,37390,16,125,0,32008,5257,23279287,0.33,85.61
2022-05-19,Australia,26000000,37408,18,125,0,32022,5261,23279287,0.33,85.6
2022-05-20,Australia,26000000,37428,20,125,0,32039,5264,23279287,0.33,85.6
2022-05-21,Australia,26000000,37443,15,125,0,32051,5267,23279287,0.33,85.6
2022-05-22,Australia,26000000,37458,15,125,0,32064,5269,23279287,0.33,85.6
2022-05-23,Australia,26000000,37481,23,125,0,32083,5273,23279287,0.33,85.6
2022-05-24,Australia,26000000,37502,21,125,0,32102,5275,23279287,0.33,85.6
2022-05-25,Australia,26000000,37519,17,125,0,32117,5277,23279287,0.33,85.6
2022-05-26,Australia,26000000,37530,11,125,0,32126,5279,23279287,0.33,85.6
2022-05-27,Australia,26000000,37547,17,125,0,32139,5283,23279287,0.33,85.6
2022-05-28,Australia,26000000,37562,15,125,0,32151,5286,23279287,0.33,85.59
2022-05-29,Australia,26000000,37575,13,125,0,32162,5288,23279287,0.33,85.59
2022-05-30,Australia,26000000,37590,15,125,0,32174,5291,23279287,0.33,85.59
2022-05-31,Australia,26000000,37601,11,125,0,32183,5293,23279287,0.33,85.59
2022-06-01,Australia,26000000,37612,11,125,0,32192,5295,23279287,0.33,85.59
2022-06-02,Australia,26000000,37630,18,125,0,32206,5299,23279287,0.33,85.59
2022-06-03,Australia,26000000,37639,9,125,0,32213,5301,23279287,0.33,85.58
2022-06-04,Australia,26000000,37651,12,125,0,32224,5302,23279287,0.33,85.59
2022-06-05,Australia,26000000,37663,12,125,0,32235,5303,23279287,0.33,85.59
2022-06-06,Australia,26000000,37674,11,125,0,32245,5304,23279287,0.33,85.59
2022-06-07,Australia,26000000,37688,14,125,0,32258,5305,23279287,0.33,85.59
2022-06-08,Australia,26000000,37700,12,125,0,32269,5306,23279287,0.33,85.59
2022-06-09,Australia,26000000,37716,16,125,0,32283,5308,23279287,0.33,85.59
2022-06-10,Australia,26000000,37723,7,125,0,32288,5310,23279287,0.33,85.59
2022-06-11,Australia,26000000,37734,11,125,0,32297,5312,23279287,0.33,85.59
2022-06-12,Australia,26000000,37745,11,125,0,32307,5313,23279287,0.33,85.59
2022-06-13,Australia,26000000,37758,13,125,0,32319,5314,23279287,0.33,85.6
2022-06-14,Australia,26000000,37771,13,125,0,32329,5317,23279287,0.33,85.59
2022-06-15,Australia,26000000,37782,11,125,0,32338,5319,23279287,0.33,85.59
2022-06-16,Australia,26000000,37790,8,125,0,32344,5321,23279287,0.33,85.59
2022-06-17,Australia,26000000,37801,11,125,0,32353,5323,23279287,0.33,85.59
2022-06-18,Australia,26000000,37812,11,125,0,32362,5325,23279287,0.33,85.59
2022-06-19,Australia,26000000,37825,13,125,0,32372,5328,23279287,0.33,85.58
2022-06-20,Australia,26000000,37833,8,125,0,32378,5330,23279287,0.33,85.58
2022-06-21,Australia,26000000,37842,9,125,0,32385,5332,23279287,0.33,85.58
2022-06-22,Australia,26000000,37850,8,125,0,32392,5333,23279287,0.33,85.58
2022-06-23,Australia,26000000,37859,9,125,0,32400,5334,23279287,0.33,85.58
2022-06-24,Australia,26000000,37868,9,125,0,32407,5336,23279287,0.33,85.58
2022-06-25,Australia,26000000,37876,8,125,0,32413,5338,23279287,0.33,85.58
2022-06-26,Australia,26000000,37882,6,125,0,32417,5340,23279287,0.33,85.57
2022-06-27,Australia,26000000,37891,9,125,0,32425,5341,23279287,0.33,85.57
2022-06-28,Australia,26000000,37898,7,125,0,32430,5343,23279287,0.33,85.57
2022-06-29,Australia,26000000,37906,8,125,0,32437,5344,23279287,0.33,85.57
2022-06-30,Australia,26000000,37912,6,125,0,32442,5345,23279287,0.33,85.57
2022-07-01,Australia,26000000,37920,8,125,0,32449,5346,23279287,0.33,85.57
2022-07-02,Australia,26000000,37926,6,125,0,32453,5348,23279287,0.33,85.57
2022-07-03,Australia,26000000,37932,6,125,0,32457,5350,23279287,0.33,85.57
2022-07-04,Australia,26000000,37939,7,125,0,32463,5351,23279287,0.33,85.57
2022-07-05,Australia,26000000,37947,8,125,0,32470,5352,23279287,0.33,85.57
2022-07-06,Australia,26000000,37951,4,125,0,32473,5353,23279287,0.33,85.57
2022-07-07,Australia,26000000,37958,7,125,0,32479,5354,23279287,0.33,85.57
2022-07-08,Australia,26000000,37966,8,125,0,32485,5356,23279287,0.33,85.56
2022-07-09,Australia,26000000,37971,5,125,0,32489,5357,23279287,0.33,85.56
2022-07-10,Australia,26000000,37978,7,125,0,32494,5359,23279287,0.33,85.56
2022-07-11,Australia,26000000,37983,5,125,0,32498,5360,23279287,0.33,85.56
2022-07-12,Australia,26000000,37989,6,125,0,32502,5362,23279287,0.33,85.56
2022-07-13,Australia,26000000,37993,4,125,0,32505,5363,23279287,0.33,85.56
2022-07-14,Australia,26000000,37998,5,125,0,32509,5364,23279287,0.33,85.55
2022-07-15,Australia,26000000,38003,5,125,0,32513,5365,23279287,0.33,85.55
2022-07-16,Australia,26000000,38009,6,125,0,32518,5366,23279287,0.33,85.55
2022-07-17,Australia,26000000,38013,4,125,0,32521,5367,23279287,0.33,85.55
2022-07-18,Australia,26000000,38018,5,125,0,32524,5369,23279287,0.33,85.55
2022-07-19,Australia,26000000,38023,5,125,0,32528,5370,23279287,0.33,85.55
2022-07-20,Australia,26000000,38029,6,125,0,32532,5372,23279287,0.33,85.55
2022-07-21,Australia,26000000,38034,5,125,0,32536,5373,23279287,0.33,85.54
2022-07-22,Australia,26000000,38038,4,125,0,32539,5374,23279287,0.33,85.54
2022-07-23,Australia,26000000,38043,5,125,0,32543,5375,23279287,0.33,85.54
2022-07-24,Australia,26000000,38049,6,125,0,32548,5376,23279287,0.33,85.54
2022-07-25,Australia,26000000,38052,3,125,0,32550,5377,23279287,0.33,85.54
2022-07-26,Australia,26000000,38058,6,125,0,32555,5378,23279287,0.33,85.54
2022-07-27,Australia,26000000,38062,4,125,0,32558,5379,23279287,0.33,85.54
2022-07-28,Australia,26000000,38066,4,125,0,32561,5380,23279287,0.33,85.54
2022-07-29,Australia,26000000,38070,4,125,0,32564,5381,23279287,0.33,85.54
2022-07-30,Australia,26000000,38075,5,125,0,32568,5382,23279287,0.33,85.54
2022-07-31,Australia,26000000,38078,3,125,0,32570,5383,23279287,0.33,85.53
2022-08-01,Australia,26000000,38081,3,125,0,32572,5384,23279287,0.33,85.53
2022-08-02,Australia,26000000,38084,3,125,0,32574,5385,23279287,0.33,85.53
2022-08-03,Australia,26000000,38087,3,125,0,32576,5386,23279287,0.33,85.53
2022-08-04,Australia,26000000,38091,4,125,0,32579,5387,23279287,0.33,85.53
2022-08-05,Australia,26000000,38095,4,125,0,32582,5388,23279287,0.33,85.53
2022-08-06,Australia,26000000,38099,4,125,0,32585,5389,23279287,0.33,85.53
2022-08-07,Australia,26000000,38103,4,125,0,32588,5390,23279287,0.33,85.53
2022-08-08,Australia,26000000,38106,3,125,0,32590,5391,23279287,0.33,85.52
2022-08-09,Australia,26000000,38109,3,125,0,32592,5392,23279287,0.33,85.52
2022-08-10,Australia,26000000,38113,4,125,0,32595,5393,23279287,0.33,85.52
2022-08-11,Australia,26000000,38115,2,125,0,32596,5394,23279287,0.33,85.52
2022-08-12,Australia,26000000,38118,3,125,0,32598,5395,23279287,0.33,85.52
2022-08-13,Australia,26000000,38120,2,125,0,32599,5396,23279287,0.33,85.52
2022-08-14,Australia,26000000,38122,2,125,0,32600,5397,23279287,0.33,85.51
2022-08-15,Australia,26000000,38125,3,125,0,32602,5398,23279287,0.33,85.51
2022-08-16,Australia,26000000,38128,3,125,0,32604,5399,23279287,0.33,85.51
2022-08-17,Australia,26000000,38130,2,125,0,32605,5400,23279287,0.33,85.51
2022-08-18,Australia,26000000,38132,2,125,0,32606,5401,23279287,0.33,85.51
2022-08-19,Australia,26000000,38135,3,125,0,32608,5402,23279287,0.33,85.51
2022-08-20,Australia,26000000,38138,3,125,0,32610,5403,23279287,0.33,85.51
2022-08-21,Australia,26000000,38140,2,125,0,32611,5404,23279287,0.33,85.5
2022-08-22,Australia,26000000,38142,2,125,0,32612,5405,23279287,0.33,85.5
2022-08-23,Australia,26000000,38145,3,125,0,32614,5406,23279287,0.33,85.5
2022-08-24,Australia,26000000,38147,2,125,0,32615,5407,23279287,0.33,85.5
2022-08-25,Australia,26000000,38148,1,125,0,32615,5408,23279287,0.33,85.5
2022-08-26,Australia,26000000,38150,2,125,0,32616,5409,23279287,0.33,85.49
2022-08-27,Australia,26000000,38153,3,125,0,32618,5410,23279287,0.33,85.49
2022-08-28,Australia,26000000,38155,2,125,0,32619,5411,23279287,0.33,85.49
2022-08-29,Australia,26000000,38156,1,125,0,32619,5412,23279287,0.33,85.49
2022-08-30,Australia,26000000,38158,2,125,0,32620,5413,23279287,0.33,85.49
2022-08-31,Australia,26000000,38159,1,125,0,32620,5414,23279287,0.33,85.48
2022-09-01,Australia,26000000,38161,2,125,0,32621,5415,23279287,0.33,85.48
2022-09-02,Australia,26000000,38163,2,125,0,32622,5416,23279287,0.33,85.48
2022-09-03,Australia,26000000,38165,2,125,0,32623,5417,23279287,0.33,85.48
2022-09-04,Australia,26000000,38167,2,125,0,32624,5418,23279287,0.33,85.48
2022-09-05,Australia,26000000,38168,1,125,0,32624,5419,23279287,0.33,85.47
2022-09-06,Australia,26000000,38171,3,125,0,32626,5420,23279287,0.33,85.47
2022-09-07,Australia,26000000,38173,2,125,0,32627,5421,23279287,0.33,85.47
2022-09-08,Australia,26000000,38174,1,125,0,32627,5422,23279287,0.33,85.47
2022-09-09,Australia,26000000,38175,1,125,0,32627,5423,23279287,0.33,85.47
2022-09-10,Australia,26000000,38176,1,125,0,32627,5424,23279287,0.33,85.46
2022-09-11,Australia,26000000,38177,1,125,0,32627,5425,23279287,0.33,85.46
2022-09-12,Australia,26000000,38178,1,125,0,32627,5426,23279287,0.33,85.46
2022-09-13,Australia,26000000,38179,1,125,0,32627,5427,23279287,0.33,85.46
2022-09-14,Australia,26000000,38181,2,125,0,32628,5428,23279287,0.33,85.46
2022-09-15,Australia,26000000,38182,1,125,0,32628,5429,23279287,0.33,85.45
2022-09-16,Australia,26000000,38183,1,125,0,32628,5430,23279287,0.33,85.45
2022-09-17,Australia,26000000,38184,1,125,0,32628,5431,23279287,0.33,85.45
2022-09-18,Australia,26000000,38185,1,125,0,32628,5432,23279287,0.33,85.45
2022-09-19,Australia,26000000,38186,1,125,0,32628,5433,23279287,0.33,85.44
2022-09-20,Australia,26000000,38187,1,125,0,32628,5434,23279287,0.33,85.44
2022-09-21,Australia,26000000,38188,1,125,0,32628,5435,23279287,0.33,85.44
2022-09-22,Australia,26000000,38189,1,125,0,32628,5436,23279287,0.33,85.44
2022-09-23,Australia,26000000,38190,1,125,0,32628,5437,23279287,0.33,85.44
2022-09-24,Australia,26000000,38191,1,125,0,32628,5438,23279287,0.33,85.43
2022-09-25,Australia,26000000,38192,1,125,0,32628,5439,23279287,0.33,85.43
2022-09-26,Australia,26000000,38193,1,125,0,32628,5440,23279287,0.33,85.43
2022-09-27,Australia,26000000,38194,1,125,0,32628,5441,23279287,0.33,85.43
2022-09-28,Australia,26000000,38195,1,125,0,32628,5442,23279287,0.33,85.42
2022-09-29,Australia,26000000,38195,0,125,0,32628,5442,23279287,0.33,85.42
2022-09-30,Australia,26000000,38196,1,125,0,32628,5443,23279287,0.33,85.42
2022-10-01,Australia,26000000,38197,1,125,0,32628,5444,23279287,0.33,85.42
2022-10-02,Australia,26000000,38197,0,125,0,32628,5444,23279287,0.33,85.42
2022-10-03,Australia,26000000,38197,0,125,0,32628,5444,23279287,0.33,85.42
2022-10-04,Australia,26000000,38197,0,125,0,32628,5444,23279287,0.33,85.42
2022-10-05,Australia,26000000,38197,0,125,0,32628,5444,23279287,0.33,85.42
2022-10-06,Australia,26000000,38198,1,125,0,32628,5445,23279287,0.33,85.42
2022-10-07,Australia,26000000,38199,1,125,0,32628,5446,23279287,0.33,85.42
2022-10-08,Australia,26000000,38199,0,125,0,32628,5446,23279287,0.33,85.42
2022-10-09,Australia,26000000,38199,0,125,0,32628,5446,23279287,0.33,85.42
2022-10-10,Australia,26000000,38199,0,125,0,32628,5446,23279287,0.33,85.42
2022-10-11,Australia,26000000,38199,0,125,0,32628,5446,23279287,0.33,85.42
2022-10-12,Australia,26000000,38199,0,125,0,32628,5446,23279287,0.33,85.42
2022-10-13,Australia,26000000,38199,0,125,0,32628,5446,23279287,0.33,85.42
2022-10-14,Australia,26000000,38199,0,125,0,32628,5446,23279287,0.33,85.42
2022-10-15,Australia,26000000,38199,0,125,0,32628,5446,23279287,0.33,85.42
2022-10-16,Australia,26000000,38199,0,125,0,32628,5446,23279287,0.33,85.42
2022-10-17,Australia,26000000,38199,0,125,0,32628,5446,23279287,0.33,85.42
2022-10-18,Australia,26000000,38199,0,125,0,32628,5446,23279287,0.33,85.42
2022-10-19,Australia,26000000,38199,0,125,0,32628,5446,23279287,0.33,85.42
2022-10-20,Australia,26000000,38199,0,125,0,32628,5446,23279287,0.33,85.42
2022-10-21,Australia,26000000,38199,0,125,0,32628,5446,23279287,0.33,85.42
2022-10-22,Australia,26000000,38199,0,125,0,32628,5446,23279287,0.33,85.42
2022-10-23,Australia,26000000,38199,0,125,0,32628,5446,23279287,0.33,85.42
2022-10-24,Australia,26000000,38199,0,125,0,32628,5446,23279287,0.33,85.42
2022-10-25,Australia,26000000,38199,0,125,0,32628,5446,23279287,0.33,85.42
2022-10-26,Australia,26000000,38199,0,125,0,32628,5446,23279287,0.33,85.42
2022-10-27,Australia,26000000,38199,0,125,0,32628,5446,23279287,0.33,85.42
2022-10-28,Australia,26000000,38199,0,125,0,32628,5446,23279287,0.33,85.42
2022-10-29,Australia,26000000,38199,0,125,0,32628,5446,23279287,0.33,85.42
2022-10-30,Australia,26000000,38199,0,125,0,32628,5446,23279287,0.33,85.42
2022-10-31,Australia,26000000,38199,0,125,0,32628,5446,23279287,0.33,85.42
2022-11-01,Australia,26000000,38199,0,125,0,32628,5446,23279287,0.33,85.42
2022-11-02,Australia,26000000,38199,0,125,0,32628,5446,23279287,0.33,85.42
2022-11-03,Australia,26000000,38199,0,125,0,32628,5446,23279287,0.33,85.42
2022-11-04,Australia,26000000,38199,0,125,0,32628,5446,23279287,0.33,85.42
2022-11-05,Australia,26000000,38199,0,125,0,32628,5446,23279287,0.33,85.42
2022-11-06,Australia,26000000,38199,0,125,0,32628,5446,23279287,0.33,85.42
2022-11-07,Australia,26000000,38199,0,125,0,32628,5446,23279287,0.33,85.42
2022-11-08,Australia,26000000,38199,0,125,0,32628,5446,23279287,0.33,85.42
2022-11-09,Australia,26000000,38199,0,125,0,32628,5446,23279287,0.33,85.42
2022-11-10,Australia,26000000,38199,0,125,0,32628,5446,23279287,0.33,85.42
2022-11-11,Australia,26000000,38199,0,125,0,32628,5446,23279287,0.33,85.42
2022-11-12,Australia,26000000,38199,0,125,0,32628,5446,23279287,0.33,85.42
2022-11-13,Australia,26000000,38199,0,125,0,32628,5446,23279287,0.33,85.42
2022-11-14,Australia,26000000,38199,0,125,0,32628,5446,23279287,0.33,85.42
2022-11-15,Australia,26000000,38199,0,125,0,32628,5446,23279287,0.33,85.42
2022-11-16,Australia,26000000,38199,0,125,0,32628,5446,23279287,0.33,85.42
2022-11-17,Australia,26000000,38199,0,125,0,32628,5446,23279287,0.33,85.42
2022-11-18,Australia,26000000,38199,0,125,0,32628,5446,23279287,0.33,85.42
2022-11-19,Australia,26000000,38199,0,125,0,32628,5446,23279287,0.33,85.42
2022-11-20,Australia,26000000,38199,0,125,0,32628,5446,23279287,0.33,85.42
2022-11-21,Australia,26000000,38199,0,125,0,32628,5446,23279287,0.33,85.42
2022-11-22,Australia,26000000,38199,0,125,0,32628,5446,23279287,0.33,85.42
2022-11-23,Australia,26000000,38199,0,125,0,32628,5446,23279287,0.33,85.42
2022-11-24,Australia,26000000,38199,0,125,0,32628,5446,23279287,0.33,85.42
2022-11-25,Australia,26000000,38199,0,125,0,32628,5446,23279287,0.33,85.42
2022-11-26,Australia,26000000,38199,0,125,0,32628,5446,23279287,0.33,85.42
2022-11-27,Australia,26000000,38199,0,125,0,32628,5446,23279287,0.33,85.42
2022-11-28,Australia,26000000,38199,0,125,0,32628,5446,23279287,0.33,85.42
2022-11-29,Australia,26000000,38199,0,125,0,32628,5446,23279287,0.33,85.42
2022-11-30,Australia,26000000,38199,0,125,0,32628,5446,23279287,0.33,85.42
2022-12-01,Australia,26000000,38199,0,125,0,32628,5446,23279287,0.33,85.42
2022-12-02,Australia,26000000,38199,0,125,0,32628,5446,23279287,0.33,85.42
2022-12-03,Australia,26000000,38199,0,125,0,32628,5446,23279287,0.33,85.42
2022-12-04,Australia,26000000,38199,0,125,0,32628,5446,23279287,0.33,85.42
2022-12-05,Australia,26000000,38199,0,125,0,32628,5446,23279287,0.33,85.42
2022-12-06,Australia,26000000,38199,0,125,0,32628,5446,23279287,0.33,85.42
2022-12-07,Australia,26000000,38199,0,125,0,32628,5446,23279287,0.33,85.42
2022-12-08,Australia,26000000,38199,0,125,0,32628,5446,23279287,0.33,85.42
2022-12-09,Australia,26000000,38199,0,125,0,32628,5446,23279287,0.33,85.42
2022-12-10,Australia,26000000,38199,0,125,0,32628,5446,23279287,0.33,85.42
2022-12-11,Australia,26000000,38199,0,125,0,32628,5446,23279287,0.33,85.42
2022-12-12,Australia,26000000,38199,0,125,0,32628,5446,23279287,0.33,85.42
2022-12-13,Australia,26000000,38199,0,125,0,32628,5446,23279287,0.33,85.42
2022-12-14,Australia,26000000,38199,0,125,0,32628,5446,23279287,0.33,85.42
2022-12-15,Australia,26000000,38199,0,125,0,32628,5446,23279287,0.33,85.42
2022-12-16,Australia,26000000,38199,0,125,0,32628,5446,23279287,0.33,85.42
2022-12-17,Australia,26000000,38199,0,125,0,32628,5446,23279287,0.33,85.42
2022-12-18,Australia,26000000,38199,0,125,0,32628,5446,23279287,0.33,85.42
2022-12-19,Australia,26000000,38199,0,125,0,32628,5446,23279287,0.33,85.42
2022-12-20,Australia,26000000,38199,0,125,0,32628,5446,23279287,0.33,85.42
2022-12-21,Australia,26000000,38199,0,125,0,32628,5446,23279287,0.33,85.42
2022-12-22,Australia,26000000,38199,0,125,0,32628,5446,23279287,0.33,85.42
2022-12-23,Australia,26000000,38199,0,125,0,32628,5446,23279287,0.33,85.42
2022-12-24,Australia,26000000,38199,0,125,0,32628,5446,23279287,0.33,85.42
2022-12-25,Australia,26000000,38199,0,125,0,32628,5446,23279287,0.33,85.42
2022-12-26,Australia,26000000,38199,0,125,0,32628,5446,23279287,0.33,85.42
2022-12-27,Australia,26000000,38199,0,125,0,32628,5446,23279287,0.33,85.42
2022-12-28,Australia,26000000,38199,0,125,0,32628,5446,23279287,0.33,85.42
2022-12-29,Australia,26000000,38199,0,125,0,32628,5446,23279287,0.33,85.42
2022-12-30,Australia,26000000,38199,0,125,0,32628,5446,23279287,0.33,85.42
2022-12-31,Australia,26000000,38199,0,125,0,32628,5446,23279287,0.33,85.42
2020-01-01,Japan,126000000,7,7,0,0,5,2,0,0,71.43
2020-01-02,Japan,126000000,13,6,0,0,9,4,0,0,69.23
2020-01-03,Japan,126000000,19,6,0,0,14,5,0,0,73.68
2020-01-04,Japan,126000000,27,8,0,0,20,7,0,0,74.07
2020-01-05,Japan,126000000,33,6,0,0,24,9,0,0,72.73
2020-01-06,Japan,126000000,39,6,0,0,29,10,0,0,74.36
2020-01-07,Japan,126000000,45,6,0,0,34,11,0,0,75.56
2020-01-08,Japan,126000000,51,6,0,0,39,12,0,0,76.47
2020-01-09,Japan,126000000,58,7,0,0,45,13,0,0,77.59
2020-01-10,Japan,126000000,63,5,0,0,49,14,0,0,77.78
2020-01-11,Japan,126000000,70,7,0,0,55,15,0,0,78.57
2020-01-12,Japan,126000000,78,8,0,0,62,16,0,0,79.49
2020-01-13,Japan,126000000,88,10,0,0,71,17,0,0,80.68
2020-01-14,Japan,126000000,95,7,0,0,77,18,0,0,81.05
2020-01-15,Japan,126000000,103,8,0,0,83,20,0,0,80.58
2020-01-16,Japan,126000000,110,7,0,0,88,22,0,0,80
2020-01-17,Japan,126000000,119,9,0,0,96,23,0,0,80.67
2020-01-18,Japan,126000000,129,10,0,0,103,26,0,0,79.84
2020-01-19,Japan,126000000,139,10,0,0,112,27,0,0,80.58
2020-01-20,Japan,126000000,151,12,0,0,123,28,0,0,81.46
2020-01-21,Japan,126000000,162,11,0,0,131,31,0,0,80.86
2020-01-22,Japan,126000000,174,12,0,0,141,33,0,0,81.03
2020-01-23,Japan,126000000,183,9,0,0,148,35,0,0,80.87
2020-01-24,Japan,126000000,192,9,0,0,155,37,0,0,80.73
2020-01-25,Japan,126000000,202,10,0,0,164,38,0,0,81.19
2020-01-26,Japan,126000000,218,16,0,0,176,42,0,0,80.73
2020-01-27,Japan,126000000,231,13,0,0,186,45,0,0,80.52
2020-01-28,Japan,126000000,242,11,0,0,196,46,0,0,80.99
2020-01-29,Japan,126000000,256,14,0,0,207,49,0,0,80.86
2020-01-30,Japan,126000000,272,16,0,0,220,52,0,0,80.88
2020-01-31,Japan,126000000,297,25,0,0,243,54,0,0,81.82
2020-02-01,Japan,126000000,312,15,0,0,256,56,0,0,82.05
2020-02-02,Japan,126000000,327,15,0,0,269,58,0,0,82.26
2020-02-03,Japan,126000000,345,18,0,0,283,62,0,0,82.03
2020-02-04,Japan,126000000,361,16,0,0,296,65,0,0,81.99
2020-02-05,Japan,126000000,386,25,0,0,317,69,0,0,82.12
2020-02-06,Japan,126000000,403,17,0,0,332,71,0,0,82.38
2020-02-07,Japan,126000000,430,27,0,0,353,77,0,0,82.09
2020-02-08,Japan,126000000,448,18,0,0,367,81,0,0,81.92
2020-02-09,Japan,126000000,470,22,0,0,387,83,0,0,82.34
2020-02-10,Japan,126000000,490,20,0,0,406,84,0,0,82.86
2020-02-11,Japan,126000000,511,21,0,0,424,87,0,0,82.97
2020-02-12,Japan,126000000,540,29,0,0,449,91,0,0,83.15
2020-02-13,Japan,126000000,564,24,0,0,471,93,0,0,83.51
2020-02-14,Japan,126000000,594,30,0,0,496,98,0,0,83.5
2020-02-15,Japan,126000000,620,26,0,0,517,103,0,0,83.39
2020-02-16,Japan,126000000,650,30,0,0,543,107,0,0,83.54
2020-02-17,Japan,126000000,677,27,0,0,565,112,0,0,83.46
2020-02-18,Japan,126000000,710,33,0,0,591,119,0,0,83.24
2020-02-19,Japan,126000000,748,38,0,0,622,126,0,0,83.16
2020-02-20,Japan,126000000,778,30,0,0,646,132,0,0,83.03
2020-02-21,Japan,126000000,808,30,0,0,669,139,0,0,82.8
2020-02-22,Japan,126000000,845,37,0,0,699,146,0,0,82.72
2020-02-23,Japan,126000000,874,29,0,0,722,152,0,0,82.61
2020-02-24,Japan,126000000,913,39,0,0,757,156,0,0,82.91
2020-02-25,Japan,126000000,943,30,0,0,781,162,0,0,82.82
2020-02-26,Japan,126000000,980,37,0,0,810,170,0,0,82.65
2020-02-27,Japan,126000000,1017,37,0,0,839,178,0,0,82.5
2020-02-28,Japan,126000000,1052,35,0,0,871,181,0,0,82.79
2020-02-29,Japan,126000000,1083,31,0,0,896,187,0,0,82.73
2020-03-01,Japan,126000000,1116,33,0,0,923,193,0,0,82.71
2020-03-02,Japan,126000000,1148,32,0,0,949,199,0,0,82.67
2020-03-03,Japan,126000000,1187,39,0,0,982,205,0,0,82.73
2020-03-04,Japan,126000000,1238,51,0,0,1026,212,0,0,82.88
2020-03-05,Japan,126000000,1284,46,0,0,1063,221,0,0,82.79
2020-03-06,Japan,126000000,1361,77,1,1,1135,225,0,0.07,83.39
2020-03-07,Japan,126000000,1391,30,1,0,1162,228,0,0.07,83.54
2020-03-08,Japan,126000000,1440,49,1,0,1200,239,0,0.07,83.33
2020-03-09,Japan,126000000,1485,45,1,0,1235,249,0,0.07,83.16
2020-03-10,Japan,126000000,1554,69,2,1,1289,263,0,0.13,82.95
2020-03-11,Japan,126000000,1599,45,2,0,1330,267,0,0.13,83.18
2020-03-12,Japan,126000000,1656,57,2,0,1377,277,0,0.12,83.15
2020-03-13,Japan,126000000,1704,48,2,0,1417,285,0,0.12,83.16
2020-03-14,Japan,126000000,1756,52,2,0,1463,291,0,0.11,83.31
2020-03-15,Japan,126000000,1822,66,3,1,1519,300,0,0.16,83.37
2020-03-16,Japan,126000000,1883,61,3,0,1567,313,0,0.16,83.22
2020-03-17,Japan,126000000,1947,64,3,0,1626,318,0,0.15,83.51
2020-03-18,Japan,126000000,2013,66,4,1,1683,326,0,0.2,83.61
2020-03-19,Japan,126000000,2071,58,4,0,1729,338,0,0.19,83.49
2020-03-20,Japan,126000000,2129,58,4,0,1784,341,0,0.19,83.8
2020-03-21,Japan,126000000,2195,66,4,0,1835,356,0,0.18,83.6
2020-03-22,Japan,126000000,2281,86,5,1,1916,360,0,0.22,84
2020-03-23,Japan,126000000,2338,57,5,0,1962,371,0,0.21,83.92
2020-03-24,Japan,126000000,2407,69,5,0,2018,384,0,0.21,83.84
2020-03-25,Japan,126000000,2479,72,5,0,2083,391,0,0.2,84.03
2020-03-26,Japan,126000000,2575,96,5,0,2172,398,0,0.19,84.35
2020-03-27,Japan,126000000,2630,55,5,0,2224,401,0,0.19,84.56
2020-03-28,Japan,126000000,2687,57,5,0,2272,410,0,0.19,84.56
2020-03-29,Japan,126000000,2764,77,5,0,2345,414,0,0.18,84.84
2020-03-30,Japan,126000000,2831,67,6,1,2406,419,0,0.21,84.99
2020-03-31,Japan,126000000,2895,64,6,0,2467,422,0,0.21,85.22
2020-04-01,Japan,126000000,2961,66,6,0,2528,427,0,0.2,85.38
2020-04-02,Japan,126000000,3032,71,6,0,2583,443,0,0.2,85.19
2020-04-03,Japan,126000000,3134,102,6,0,2671,457,0,0.19,85.23
2020-04-04,Japan,126000000,3259,125,8,2,2776,475,0,0.25,85.18
2020-04-05,Japan,126000000,3327,68,8,0,2838,481,0,0.24,85.3
2020-04-06,Japan,126000000,3395,68,9,1,2902,484,0,0.27,85.48
2020-04-07,Japan,126000000,3468,73,10,1,2960,498,0,0.29,85.35
2020-04-08,Japan,126000000,3543,75,11,1,3021,511,0,0.31,85.27
2020-04-09,Japan,126000000,3633,90,11,0,3105,517,0,0.3,85.47
2020-04-10,Japan,126000000,3724,91,12,1,3185,527,0,0.32,85.53
2020-04-11,Japan,126000000,3801,77,12,0,3247,542,0,0.32,85.42
2020-04-12,Japan,126000000,3897,96,13,1,3328,556,0,0.33,85.4
2020-04-13,Japan,126000000,4015,118,14,1,3440,561,0,0.35,85.68
2020-04-14,Japan,126000000,4137,122,15,1,3537,585,0,0.36,85.5
2020-04-15,Japan,126000000,4218,81,16,1,3612,590,0,0.38,85.63
2020-04-16,Japan,126000000,4304,86,16,0,3693,595,0,0.37,85.8
2020-04-17,Japan,126000000,4416,112,17,1,3796,603,0,0.38,85.96
2020-04-18,Japan,126000000,4526,110,19,2,3882,625,0,0.42,85.77
2020-04-19,Japan,126000000,4630,104,20,1,3966,644,0,0.43,85.66
2020-04-20,Japan,126000000,4734,104,21,1,4053,660,0,0.44,85.61
2020-04-21,Japan,126000000,4818,84,22,1,4121,675,0,0.46,85.53
2020-04-22,Japan,126000000,4931,113,23,1,4223,685,0,0.47,85.64
2020-04-23,Japan,126000000,5037,106,24,1,4322,691,0,0.48,85.81
2020-04-24,Japan,126000000,5147,110,25,1,4421,701,0,0.49,85.89
2020-04-25,Japan,126000000,5263,116,26,1,4525,712,0,0.49,85.98
2020-04-26,Japan,126000000,5364,101,27,1,4608,729,0,0.5,85.91
2020-04-27,Japan,126000000,5475,111,28,1,4704,743,0,0.51,85.92
2020-04-28,Japan,126000000,5665,190,29,1,4886,750,0,0.51,86.25
2020-04-29,Japan,126000000,5777,112,30,1,4981,766,0,0.52,86.22
2020-04-30,Japan,126000000,5878,101,30,0,5066,782,0,0.51,86.19
2020-05-01,Japan,126000000,6034,156,32,2,5206,796,0,0.53,86.28
2020-05-02,Japan,126000000,6186,152,33,1,5341,812,0,0.53,86.34
2020-05-03,Japan,126000000,6325,139,34,1,5463,828,0,0.54,86.37
2020-05-04,Japan,126000000,6428,103,35,1,5558,835,0,0.54,86.47
2020-05-05,Japan,126000000,6572,144,36,1,5681,855,0,0.55,86.44
2020-05-06,Japan,126000000,6708,136,38,2,5807,863,0,0.57,86.57
2020-05-07,Japan,126000000,6865,157,39,1,5935,891,0,0.57,86.45
2020-05-08,Japan,126000000,7025,160,40,1,6069,916,0,0.57,86.39
2020-05-09,Japan,126000000,7187,162,42,2,6219,926,0,0.58,86.53
2020-05-10,Japan,126000000,7349,162,45,3,6368,936,0,0.61,86.65
2020-05-11,Japan,126000000,7489,140,47,2,6487,955,0,0.63,86.62
2020-05-12,Japan,126000000,7637,148,48,1,6611,978,0,0.63,86.57
2020-05-13,Japan,126000000,7766,129,50,2,6722,994,0,0.64,86.56
2020-05-14,Japan,126000000,7899,133,51,1,6836,1012,0,0.65,86.54
2020-05-15,Japan,126000000,8093,194,55,4,7015,1023,0,0.68,86.68
2020-05-16,Japan,126000000,8232,139,57,2,7126,1049,0,0.69,86.56
2020-05-17,Japan,126000000,8353,121,58,1,7226,1069,0,0.69,86.51
2020-05-18,Japan,126000000,8462,109,58,0,7323,1081,0,0.69,86.54
2020-05-19,Japan,126000000,8666,204,59,1,7504,1103,0,0.68,86.59
2020-05-20,Japan,126000000,8763,97,59,0,7590,1114,0,0.67,86.61
2020-05-21,Japan,126000000,9033,270,62,3,7820,1151,0,0.69,86.57
2020-05-22,Japan,126000000,9248,215,63,1,7992,1193,0,0.68,86.42
2020-05-23,Japan,126000000,9459,211,65,2,8182,1212,0,0.69,86.5
2020-05-24,Japan,126000000,9672,213,68,3,8380,1224,0,0.7,86.64
2020-05-25,Japan,126000000,9850,178,70,2,8529,1251,0,0.71,86.59
2020-05-26,Japan,126000000,10001,151,72,2,8652,1277,0,0.72,86.51
2020-05-27,Japan,126000000,10188,187,75,3,8811,1302,0,0.74,86.48
2020-05-28,Japan,126000000,10377,189,76,1,8990,1311,0,0.73,86.63
2020-05-29,Japan,126000000,10518,141,77,1,9116,1325,0,0.73,86.67
2020-05-30,Japan,126000000,10725,207,81,4,9306,1338,0,0.76,86.77
2020-05-31,Japan,126000000,10880,155,84,3,9429,1367,0,0.77,86.66
2020-06-01,Japan,126000000,11059,179,87,3,9590,1382,0,0.79,86.72
2020-06-02,Japan,126000000,11255,196,88,1,9764,1403,0,0.78,86.75
2020-06-03,Japan,126000000,11438,183,90,2,9911,1437,0,0.79,86.65
2020-06-04,Japan,126000000,11596,158,93,3,10059,1444,0,0.8,86.75
2020-06-05,Japan,126000000,11778,182,96,3,10222,1460,0,0.82,86.79
2020-06-06,Japan,126000000,11964,186,97,1,10397,1470,0,0.81,86.9
2020-06-07,Japan,126000000,12154,190,100,3,10564,1490,0,0.82,86.92
2020-06-08,Japan,126000000,12351,197,102,2,10751,1498,0,0.83,87.05
2020-06-09,Japan,126000000,12617,266,105,3,10988,1524,0,0.83,87.09
2020-06-10,Japan,126000000,12781,164,107,2,11134,1540,0,0.84,87.11
2020-06-11,Japan,126000000,12910,129,109,2,11255,1546,0,0.84,87.18
2020-06-12,Japan,126000000,13097,187,110,1,11405,1582,0,0.84,87.08
2020-06-13,Japan,126000000,13293,196,113,3,11574,1606,0,0.85,87.07
2020-06-14,Japan,126000000,13482,189,116,3,11726,1640,0,0.86,86.98
2020-06-15,Japan,126000000,13646,164,117,1,11864,1665,0,0.86,86.94
2020-06-16,Japan,126000000,13769,123,117,0,11964,1688,0,0.85,86.89
2020-06-17,Japan,126000000,13995,226,119,2,12154,1722,0,0.85,86.85
2020-06-18,Japan,126000000,14162,167,120,1,12301,1741,0,0.85,86.86
2020-06-19,Japan,126000000,14386,224,124,4,12487,1775,0,0.86,86.8
2020-06-20,Japan,126000000,14584,198,125,1,12647,1812,0,0.86,86.72
2020-06-21,Japan,126000000,14772,188,126,1,12798,1848,0,0.85,86.64
2020-06-22,Japan,126000000,14961,189,128,2,12952,1881,0,0.86,86.57
2020-06-23,Japan,126000000,15161,200,131,3,13124,1906,0,0.86,86.56
2020-06-24,Japan,126000000,15401,240,133,2,13336,1932,0,0.86,86.59
2020-06-25,Japan,126000000,15564,163,135,2,13487,1942,0,0.87,86.66
2020-06-26,Japan,126000000,15809,245,137,2,13702,1970,0,0.87,86.67
2020-06-27,Japan,126000000,16050,241,138,1,13919,1993,0,0.86,86.72
2020-06-28,Japan,126000000,16209,159,139,1,14044,2026,0,0.86,86.64
2020-06-29,Japan,126000000,16430,221,143,4,14237,2050,0,0.87,86.65
2020-06-30,Japan,126000000,16673,243,146,3,14457,2070,0,0.88,86.71
2020-07-01,Japan,126000000,16857,184,147,1,14608,2102,0,0.87,86.66
2020-07-02,Japan,126000000,17045,188,149,2,14786,2110,0,0.87,86.75
2020-07-03,Japan,126000000,17247,202,153,4,14960,2134,0,0.89,86.74
2020-07-04,Japan,126000000,17392,145,155,2,15076,2161,0,0.89,86.68
2020-07-05,Japan,126000000,17528,136,156,1,15203,2169,0,0.89,86.74
2020-07-06,Japan,126000000,17678,150,157,1,15346,2175,0,0.89,86.81
2020-07-07,Japan,126000000,17942,264,159,2,15583,2200,0,0.89,86.85
2020-07-08,Japan,126000000,18147,205,163,4,15748,2236,0,0.9,86.78
2020-07-09,Japan,126000000,18324,177,164,1,15889,2271,0,0.9,86.71
2020-07-10,Japan,126000000,18490,166,166,2,16024,2300,0,0.9,86.66
2020-07-11,Japan,126000000,18711,221,169,3,16201,2341,0,0.9,86.59
2020-07-12,Japan,126000000,18914,203,172,3,16373,2369,0,0.91,86.57
2020-07-13,Japan,126000000,19063,149,175,3,16509,2379,0,0.92,86.6
2020-07-14,Japan,126000000,19216,153,176,1,16641,2399,0,0.92,86.6
2020-07-15,Japan,126000000,19446,230,179,3,16829,2438,0,0.92,86.54
2020-07-16,Japan,126000000,19584,138,181,2,16944,2459,0,0.92,86.52
2020-07-17,Japan,126000000,19735,151,183,2,17079,2473,0,0.93,86.54
2020-07-18,Japan,126000000,19981,246,186,3,17302,2493,0,0.93,86.59
2020-07-19,Japan,126000000,20135,154,187,1,17428,2520,0,0.93,86.56
2020-07-20,Japan,126000000,20316,181,188,1,17592,2536,0,0.93,86.59
2020-07-21,Japan,126000000,20477,161,191,3,17737,2549,0,0.93,86.62
2020-07-22,Japan,126000000,20653,176,193,2,17882,2578,0,0.93,86.58
2020-07-23,Japan,126000000,20831,178,196,3,18026,2609,0,0.94,86.53
2020-07-24,Japan,126000000,20978,147,198,2,18166,2614,0,0.94,86.6
2020-07-25,Japan,126000000,21133,155,200,2,18309,2624,0,0.95,86.64
2020-07-26,Japan,126000000,21393,260,204,4,18552,2637,0,0.95,86.72
2020-07-27,Japan,126000000,21620,227,208,4,18749,2663,0,0.96,86.72
2020-07-28,Japan,126000000,21801,181,210,2,18910,2681,0,0.96,86.74
2020-07-29,Japan,126000000,21999,198,211,1,19090,2698,0,0.96,86.78
2020-07-30,Japan,126000000,22194,195,214,3,19266,2714,0,0.96,86.81
2020-07-31,Japan,126000000,22417,223,218,4,19449,2750,0,0.97,86.76
2020-08-01,Japan,126000000,22585,168,220,2,19604,2761,0,0.97,86.8
2020-08-02,Japan,126000000,22782,197,221,1,19783,2778,0,0.97,86.84
2020-08-03,Japan,126000000,23005,223,225,4,19985,2795,0,0.98,86.87
2020-08-04,Japan,126000000,23166,161,228,3,20132,2806,0,0.98,86.9
2020-08-05,Japan,126000000,23391,225,231,3,20345,2815,0,0.99,86.98
2020-08-06,Japan,126000000,23600,209,233,2,20517,2850,0,0.99,86.94
2020-08-07,Japan,126000000,23871,271,236,3,20756,2879,0,0.99,86.95
2020-08-08,Japan,126000000,24046,175,238,2,20909,2899,0,0.99,86.95
2020-08-09,Japan,126000000,24211,165,240,2,21039,2932,0,0.99,86.9
2020-08-10,Japan,126000000,24368,157,242,2,21178,2948,0,0.99,86.91
2020-08-11,Japan,126000000,24557,189,244,2,21343,2970,0,0.99,86.91
2020-08-12,Japan,126000000,24706,149,246,2,21480,2980,0,1,86.94
2020-08-13,Japan,126000000,24847,141,247,1,21595,3005,0,0.99,86.91
2020-08-14,Japan,126000000,25017,170,249,2,21731,3037,0,1,86.86
2020-08-15,Japan,126000000,25161,144,251,2,21848,3062,0,1,86.83
2020-08-16,Japan,126000000,25274,113,253,2,21940,3081,0,1,86.81
2020-08-17,Japan,126000000,25436,162,255,2,22094,3087,0,1,86.86
2020-08-18,Japan,126000000,25629,193,257,2,22248,3124,0,1,86.81
2020-08-19,Japan,126000000,25752,123,258,1,22364,3130,0,1,86.84
2020-08-20,Japan,126000000,25982,230,261,3,22560,3161,0,1,86.83
2020-08-21,Japan,126000000,26116,134,263,2,22670,3183,0,1.01,86.81
2020-08-22,Japan,126000000,26245,129,265,2,22778,3202,0,1.01,86.79
2020-08-23,Japan,126000000,26350,105,266,1,22863,3221,0,1.01,86.77
2020-08-24,Japan,126000000,26524,174,269,3,23013,3242,0,1.01,86.76
2020-08-25,Japan,126000000,26644,120,270,1,23126,3248,0,1.01,86.8
2020-08-26,Japan,126000000,26805,161,272,2,23271,3262,0,1.01,86.82
2020-08-27,Japan,126000000,26936,131,274,2,23390,3272,0,1.02,86.84
2020-08-28,Japan,126000000,27059,123,275,1,23486,3298,0,1.02,86.8
2020-08-29,Japan,126000000,27174,115,277,2,23577,3320,0,1.02,86.76
2020-08-30,Japan,126000000,27350,176,280,3,23731,3339,0,1.02,86.77
2020-08-31,Japan,126000000,27520,170,282,2,23872,3366,0,1.02,86.74
2020-09-01,Japan,126000000,27644,124,284,2,23972,3388,0,1.03,86.72
2020-09-02,Japan,126000000,27822,178,285,1,24126,3411,0,1.02,86.72
2020-09-03,Japan,126000000,27983,161,286,1,24255,3442,0,1.02,86.68
2020-09-04,Japan,126000000,28145,162,287,1,24395,3463,0,1.02,86.68
2020-09-05,Japan,126000000,28236,91,288,1,24472,3476,0,1.02,86.67
2020-09-06,Japan,126000000,28411,175,291,3,24616,3504,0,1.02,86.64
2020-09-07,Japan,126000000,28587,176,292,1,24766,3529,0,1.02,86.63
2020-09-08,Japan,126000000,28768,181,294,2,24912,3562,0,1.02,86.6
2020-09-09,Japan,126000000,28856,88,294,0,24987,3575,0,1.02,86.59
2020-09-10,Japan,126000000,28979,123,295,1,25085,3599,0,1.02,86.56
2020-09-11,Japan,126000000,29121,142,297,2,25219,3605,0,1.02,86.6
2020-09-12,Japan,126000000,29234,113,297,0,25309,3628,0,1.02,86.57
2020-09-13,Japan,126000000,29367,133,299,2,25422,3646,0,1.02,86.57
2020-09-14,Japan,126000000,29483,116,301,2,25526,3656,0,1.02,86.58
2020-09-15,Japan,126000000,29611,128,301,0,25647,3663,0,1.02,86.61
2020-09-16,Japan,126000000,29736,125,302,1,25756,3678,0,1.02,86.62
2020-09-17,Japan,126000000,29841,105,302,0,25843,3696,0,1.01,86.6
2020-09-18,Japan,126000000,29952,111,303,1,25948,3701,0,1.01,86.63
2020-09-19,Japan,126000000,30115,163,304,1,26099,3712,0,1.01,86.66
2020-09-20,Japan,126000000,30312,197,305,1,26284,3723,0,1.01,86.71
2020-09-21,Japan,126000000,30412,100,306,1,26379,3727,0,1.01,86.74
2020-09-22,Japan,126000000,30540,128,307,1,26485,3748,0,1.01,86.72
2020-09-23,Japan,126000000,30670,130,307,0,26604,3759,0,1,86.74
2020-09-24,Japan,126000000,30774,104,309,2,26702,3763,0,1,86.77
2020-09-25,Japan,126000000,30900,126,309,0,26813,3778,0,1,86.77
2020-09-26,Japan,126000000,31003,103,310,1,26903,3790,0,1,86.78
2020-09-27,Japan,126000000,31131,128,311,1,27017,3803,0,1,86.78
2020-09-28,Japan,126000000,31260,129,311,0,27126,3823,0,0.99,86.78
2020-09-29,Japan,126000000,31425,165,313,2,27277,3835,0,1,86.8
2020-09-30,Japan,126000000,31525,100,314,1,27360,3851,0,1,86.79
2020-10-01,Japan,126000000,31657,132,316,2,27462,3879,0,1,86.75
2020-10-02,Japan,126000000,31826,169,317,1,27622,3887,0,1,86.79
2020-10-03,Japan,126000000,31935,109,317,0,27709,3909,0,0.99,86.77
2020-10-04,Japan,126000000,32022,87,317,0,27785,3920,0,0.99,86.77
2020-10-05,Japan,126000000,32136,114,318,1,27885,3933,0,0.99,86.77
2020-10-06,Japan,126000000,32268,132,319,1,28009,3940,0,0.99,86.8
2020-10-07,Japan,126000000,32383,115,320,1,28114,3949,0,0.99,86.82
2020-10-08,Japan,126000000,32460,77,321,1,28177,3962,0,0.99,86.81
2020-10-09,Japan,126000000,32586,126,322,1,28275,3989,0,0.99,86.77
2020-10-10,Japan,126000000,32734,148,324,2,28395,4015,0,0.99,86.74
2020-10-11,Japan,126000000,32837,103,324,0,28484,4029,0,0.99,86.74
2020-10-12,Japan,126000000,32938,101,325,1,28580,4033,0,0.99,86.77
2020-10-13,Japan,126000000,33096,158,326,1,28714,4056,0,0.99,86.76
2020-10-14,Japan,126000000,33264,168,327,1,28868,4069,0,0.98,86.78
2020-10-15,Japan,126000000,33411,147,328,1,29008,4075,0,0.98,86.82
2020-10-16,Japan,126000000,33514,103,328,0,29088,4098,0,0.98,86.79
2020-10-17,Japan,126000000,33645,131,330,2,29192,4123,0,0.98,86.76
2020-10-18,Japan,126000000,33767,122,331,1,29307,4129,0,0.98,86.79
2020-10-19,Japan,126000000,33888,121,333,2,29416,4139,0,0.98,86.8
2020-10-20,Japan,126000000,33990,102,334,1,29512,4144,0,0.98,86.83
2020-10-21,Japan,126000000,34101,111,335,1,29611,4155,0,0.98,86.83
2020-10-22,Japan,126000000,34219,118,336,1,29720,4163,0,0.98,86.85
2020-10-23,Japan,126000000,34385,166,337,1,29871,4177,0,0.98,86.87
2020-10-24,Japan,126000000,34507,122,338,1,29969,4200,0,0.98,86.85
2020-10-25,Japan,126000000,34634,127,339,1,30088,4207,0,0.98,86.87
2020-10-26,Japan,126000000,34745,111,340,1,30181,4224,0,0.98,86.86
2020-10-27,Japan,126000000,34849,104,341,1,30273,4235,0,0.98,86.87
2020-10-28,Japan,126000000,34964,115,343,2,30366,4255,0,0.98,86.85
2020-10-29,Japan,126000000,35076,112,344,1,30461,4271,0,0.98,86.84
2020-10-30,Japan,126000000,35194,118,346,2,30566,4282,0,0.98,86.85
2020-10-31,Japan,126000000,35305,111,346,0,30657,4302,0,0.98,86.83
2020-11-01,Japan,126000000,35458,153,347,1,30792,4319,0,0.98,86.84
2020-11-02,Japan,126000000,35607,149,350,3,30917,4340,0,0.98,86.83
2020-11-03,Japan,126000000,35725,118,352,2,31023,4350,0,0.99,86.84
2020-11-04,Japan,126000000,35868,143,353,1,31143,4372,0,0.98,86.83
2020-11-05,Japan,126000000,35979,111,354,1,31246,4379,0,0.98,86.85
2020-11-06,Japan,126000000,36095,116,355,1,31352,4388,0,0.98,86.86
2020-11-07,Japan,126000000,36222,127,357,2,31468,4397,0,0.99,86.88
2020-11-08,Japan,126000000,36358,136,359,2,31578,4421,0,0.99,86.85
2020-11-09,Japan,126000000,36498,140,360,1,31712,4426,0,0.99,86.89
2020-11-10,Japan,126000000,36651,153,360,0,31855,4436,0,0.98,86.91
2020-11-11,Japan,126000000,36794,143,362,2,31970,4462,0,0.98,86.89
2020-11-12,Japan,126000000,36935,141,364,2,32091,4480,0,0.99,86.89
2020-11-13,Japan,126000000,37087,152,367,3,32222,4498,0,0.99,86.88
2020-11-14,Japan,126000000,37213,126,369,2,32327,4517,0,0.99,86.87
2020-11-15,Japan,126000000,37342,129,370,1,32427,4545,0,0.99,86.84
2020-11-16,Japan,126000000,37498,156,372,2,32566,4560,0,0.99,86.85
2020-11-17,Japan,126000000,37631,133,374,2,32682,4575,0,0.99,86.85
2020-11-18,Japan,126000000,37761,130,376,2,32785,4600,0,1,86.82
2020-11-19,Japan,126000000,37930,169,378,2,32936,4616,0,1,86.83
2020-11-20,Japan,126000000,38063,133,379,1,33042,4642,0,1,86.81
2020-11-21,Japan,126000000,38180,117,380,1,33154,4646,0,1,86.84
2020-11-22,Japan,126000000,38379,199,381,1,33314,4684,0,0.99,86.8
2020-11-23,Japan,126000000,38600,221,384,3,33525,4691,0,0.99,86.85
2020-11-24,Japan,126000000,38741,141,386,2,33649,4706,0,1,86.86
2020-11-25,Japan,126000000,38916,175,388,2,33807,4721,0,1,86.87
2020-11-26,Japan,126000000,39093,177,390,2,33947,4756,0,1,86.84
2020-11-27,Japan,126000000,39246,153,391,1,34082,4773,0,1,86.84
2020-11-28,Japan,126000000,39397,151,392,1,34221,4784,0,0.99,86.86
2020-11-29,Japan,126000000,39532,135,393,1,34342,4797,0,0.99,86.87
2020-11-30,Japan,126000000,39743,211,394,1,34529,4820,0,0.99,86.88
2020-12-01,Japan,126000000,39861,118,395,1,34622,4844,0,0.99,86.86
2020-12-02,Japan,126000000,40030,169,396,1,34772,4862,0,0.99,86.86
2020-12-03,Japan,126000000,40200,170,398,2,34904,4898,0,0.99,86.83
2020-12-04,Japan,126000000,40370,170,400,2,35065,4905,0,0.99,86.86
2020-12-05,Japan,126000000,40534,164,402,2,35193,4939,0,0.99,86.82
2020-12-06,Japan,126000000,40708,174,404,2,35332,4972,0,0.99,86.79
2020-12-07,Japan,126000000,40866,158,406,2,35478,4982,0,0.99,86.82
2020-12-08,Japan,126000000,41013,147,407,1,35618,4988,0,0.99,86.85
2020-12-09,Japan,126000000,41213,200,411,4,35785,5017,0,1,86.83
2020-12-10,Japan,126000000,41376,163,412,1,35917,5047,0,1,86.81
2020-12-11,Japan,126000000,41563,187,413,1,36091,5059,0,0.99,86.83
2020-12-12,Japan,126000000,41697,134,415,2,36214,5068,0,1,86.85
2020-12-13,Japan,126000000,41893,196,416,1,36389,5088,0,0.99,86.86
2020-12-14,Japan,126000000,42108,215,419,3,36563,5126,0,1,86.83
2020-12-15,Japan,126000000,42326,218,421,2,36766,5139,0,0.99,86.86
2020-12-16,Japan,126000000,42501,175,422,1,36929,5150,0,0.99,86.89
2020-12-17,Japan,126000000,42706,205,424,2,37101,5181,0,0.99,86.88
2020-12-18,Japan,126000000,42863,157,425,1,37239,5199,0,0.99,86.88
2020-12-19,Japan,126000000,43000,137,425,0,37369,5206,0,0.99,86.9
2020-12-20,Japan,126000000,43203,203,426,1,37529,5248,0,0.99,86.87
2020-12-21,Japan,126000000,43426,223,427,1,37715,5284,0,0.98,86.85
2020-12-22,Japan,126000000,43629,203,429,2,37892,5308,0,0.98,86.85
2020-12-23,Japan,126000000,43825,196,432,3,38051,5342,0,0.99,86.82
2020-12-24,Japan,126000000,44025,200,434,2,38240,5351,0,0.99,86.86
2020-12-25,Japan,126000000,44254,229,437,3,38438,5379,0,0.99,86.86
2020-12-26,Japan,126000000,44520,266,439,2,38686,5395,0,0.99,86.9
2020-12-27,Japan,126000000,44742,222,443,4,38881,5418,0,0.99,86.9
2020-12-28,Japan,126000000,44980,238,445,2,39109,5426,0,0.99,86.95
2020-12-29,Japan,126000000,45203,223,448,3,39299,5456,0,0.99,86.94
2020-12-30,Japan,126000000,45421,218,449,1,39500,5472,0,0.99,86.96
2020-12-31,Japan,126000000,45723,302,453,4,39778,5492,0,0.99,87
2021-01-01,Japan,126000000,45940,217,456,3,39985,5499,0,0.99,87.04
2021-01-02,Japan,126000000,46112,172,459,3,40145,5508,190843,1,87.06
2021-01-03,Japan,126000000,46354,242,461,2,40342,5551,381686,0.99,87.03
2021-01-04,Japan,126000000,46552,198,462,1,40527,5563,572530,0.99,87.06
2021-01-05,Japan,126000000,46789,237,466,4,40729,5594,763373,1,87.05
2021-01-06,Japan,126000000,46956,167,468,2,40864,5624,954216,1,87.03
2021-01-07,Japan,126000000,47154,198,470,2,41039,5645,1145060,1,87.03
2021-01-08,Japan,126000000,47362,208,472,2,41232,5658,1335903,1,87.06
2021-01-09,Japan,126000000,47567,205,474,2,41425,5668,1526746,1,87.09
2021-01-10,Japan,126000000,47753,186,477,3,41571,5705,1717590,1,87.05
2021-01-11,Japan,126000000,47975,222,481,4,41756,5738,1908433,1,87.04
2021-01-12,Japan,126000000,48135,160,482,1,41890,5763,2099276,1,87.03
2021-01-13,Japan,126000000,48350,215,483,1,42076,5791,2290120,1,87.02
2021-01-14,Japan,126000000,48555,205,487,4,42239,5829,2480963,1,86.99
2021-01-15,Japan,126000000,48774,219,491,4,42435,5848,2671806,1.01,87
2021-01-16,Japan,126000000,49009,235,495,4,42638,5876,2862650,1.01,87
2021-01-17,Japan,126000000,49239,230,498,3,42846,5895,3053493,1.01,87.02
2021-01-18,Japan,126000000,49517,278,501,3,43072,5944,3244337,1.01,86.98
2021-01-19,Japan,126000000,49733,216,503,2,43264,5966,3435180,1.01,86.99
2021-01-20,Japan,126000000,49964,231,504,1,43470,5990,3626023,1.01,87
2021-01-21,Japan,126000000,50195,231,506,2,43687,6002,3816867,1.01,87.03
2021-01-22,Japan,126000000,50476,281,510,4,43911,6055,4007710,1.01,86.99
2021-01-23,Japan,126000000,50812,336,515,5,44210,6087,4198553,1.01,87.01
2021-01-24,Japan,126000000,51023,211,518,3,44404,6101,4389397,1.02,87.03
2021-01-25,Japan,126000000,51332,309,524,6,44666,6142,4580240,1.02,87.01
2021-01-26,Japan,126000000,51541,209,527,3,44838,6176,4771083,1.02,86.99
2021-01-27,Japan,126000000,51807,266,528,1,45055,6224,4961927,1.02,86.97
2021-01-28,Japan,126000000,52054,247,531,3,45265,6258,5152770,1.02,86.96
2021-01-29,Japan,126000000,52261,207,532,1,45440,6289,5343613,1.02,86.95
2021-01-30,Japan,126000000,52541,280,536,4,45686,6319,5534457,1.02,86.95
2021-01-31,Japan,126000000,52853,312,539,3,45972,6342,5725300,1.02,86.98
2021-02-01,Japan,126000000,53238,385,541,2,46286,6411,5916144,1.02,86.94
2021-02-02,Japan,126000000,53460,222,544,3,46472,6444,6106987,1.02,86.93
2021-02-03,Japan,126000000,53771,311,548,4,46733,6490,6297830,1.02,86.91
2021-02-04,Japan,126000000,54077,306,552,4,47002,6523,6488674,1.02,86.92
2021-02-05,Japan,126000000,54354,277,556,4,47242,6556,6679517,1.02,86.92
2021-02-06,Japan,126000000,54629,275,561,5,47457,6611,6870360,1.03,86.87
2021-02-07,Japan,126000000,54945,316,567,6,47710,6668,7061204,1.03,86.83
2021-02-08,Japan,126000000,55184,239,571,4,47923,6690,7252047,1.03,86.84
2021-02-09,Japan,126000000,55543,359,574,3,48236,6733,7442890,1.03,86.84
2021-02-10,Japan,126000000,55835,292,579,5,48468,6788,7633734,1.04,86.81
2021-02-11,Japan,126000000,56034,199,581,2,48645,6808,7824577,1.04,86.81
2021-02-12,Japan,126000000,56312,278,584,3,48870,6858,8015420,1.04,86.78
2021-02-13,Japan,126000000,56581,269,586,2,49106,6889,8206264,1.04,86.79
2021-02-14,Japan,126000000,56801,220,587,1,49300,6914,8397107,1.03,86.79
2021-02-15,Japan,126000000,57052,251,590,3,49502,6960,8587951,1.03,86.77
2021-02-16,Japan,126000000,57354,302,596,6,49785,6973,8778794,1.04,86.8
2021-02-17,Japan,126000000,57635,281,601,5,50014,7020,8969637,1.04,86.78
2021-02-18,Japan,126000000,57902,267,605,4,50263,7034,9160481,1.04,86.81
2021-02-19,Japan,126000000,58125,223,607,2,50456,7062,9351324,1.04,86.81
2021-02-20,Japan,126000000,58368,243,610,3,50655,7103,9542167,1.05,86.79
2021-02-21,Japan,126000000,58768,400,618,8,51001,7149,9733011,1.05,86.78
2021-02-22,Japan,126000000,58981,213,621,3,51176,7184,9923854,1.05,86.77
2021-02-23,Japan,126000000,59269,288,623,2,51414,7232,10114697,1.05,86.75
2021-02-24,Japan,126000000,59594,325,625,2,51670,7299,10305541,1.05,86.7
2021-02-25,Japan,126000000,59863,269,630,5,51885,7348,10496384,1.05,86.67
2021-02-26,Japan,126000000,60169,306,633,3,52160,7376,10687227,1.05,86.69
2021-02-27,Japan,126000000,60477,308,637,4,52450,7390,10878071,1.05,86.73
2021-02-28,Japan,126000000,60740,263,639,2,52688,7413,11068914,1.05,86.74
2021-03-01,Japan,126000000,60969,229,642,3,52889,7438,11259757,1.05,86.75
2021-03-02,Japan,126000000,61306,337,648,6,53166,7492,11450601,1.06,86.72
2021-03-03,Japan,126000000,61670,364,652,4,53459,7559,11641444,1.06,86.69
2021-03-04,Japan,126000000,62058,388,658,6,53811,7589,11832288,1.06,86.71
2021-03-05,Japan,126000000,62312,254,660,2,54039,7613,12023131,1.06,86.72
2021-03-06,Japan,126000000,62624,312,663,3,54316,7645,12213974,1.06,86.73
2021-03-07,Japan,126000000,62900,276,667,4,54576,7657,12404818,1.06,86.77
2021-03-08,Japan,126000000,63098,198,669,2,54741,7688,12595661,1.06,86.76
2021-03-09,Japan,126000000,63340,242,672,3,54970,7698,12786504,1.06,86.79
2021-03-10,Japan,126000000,63633,293,677,5,55203,7753,12977348,1.06,86.75
2021-03-11,Japan,126000000,63869,236,680,3,55423,7766,13168191,1.06,86.78
2021-03-12,Japan,126000000,64155,286,681,1,55651,7823,13359034,1.06,86.74
2021-03-13,Japan,126000000,64492,337,686,5,55921,7885,13549878,1.06,86.71
2021-03-14,Japan,126000000,64799,307,691,5,56207,7901,13740721,1.07,86.74
2021-03-15,Japan,126000000,65057,258,692,1,56417,7948,13931564,1.06,86.72
2021-03-16,Japan,126000000,65370,313,697,5,56716,7957,14122408,1.07,86.76
2021-03-17,Japan,126000000,65698,328,703,6,57002,7993,14313251,1.07,86.76
2021-03-18,Japan,126000000,66018,320,708,5,57270,8040,14504095,1.07,86.75
2021-03-19,Japan,126000000,66224,206,711,3,57434,8079,14694938,1.07,86.73
2021-03-20,Japan,126000000,66572,348,713,2,57737,8122,14885781,1.07,86.73
2021-03-21,Japan,126000000,66855,283,715,2,58003,8137,15076625,1.07,86.76
2021-03-22,Japan,126000000,67158,303,717,2,58255,8186,15267468,1.07,86.74
2021-03-23,Japan,126000000,67473,315,721,4,58534,8218,15458311,1.07,86.75
2021-03-24,Japan,126000000,67723,250,723,2,58750,8250,15649155,1.07,86.75
2021-03-25,Japan,126000000,68044,321,725,2,59040,8279,15839998,1.07,86.77
2021-03-26,Japan,126000000,68419,375,727,2,59397,8295,16030841,1.06,86.81
2021-03-27,Japan,126000000,68727,308,728,1,59655,8344,16221685,1.06,86.8
2021-03-28,Japan,126000000,68994,267,729,1,59866,8399,16412528,1.06,86.77
2021-03-29,Japan,126000000,69280,286,733,4,60135,8412,16603371,1.06,86.8
2021-03-30,Japan,126000000,69691,411,737,4,60456,8498,16794215,1.06,86.75
2021-03-31,Japan,126000000,70034,343,739,2,60778,8517,16985058,1.06,86.78
2021-04-01,Japan,126000000,70339,305,745,6,61035,8559,17175902,1.06,86.77
2021-04-02,Japan,126000000,70574,235,749,4,61233,8592,17366745,1.06,86.76
2021-04-03,Japan,126000000,70807,233,753,4,61425,8629,17557588,1.06,86.75
2021-04-04,Japan,126000000,71054,247,755,2,61662,8637,17748432,1.06,86.78
2021-04-05,Japan,126000000,71293,239,760,5,61864,8669,17939275,1.07,86.77
2021-04-06,Japan,126000000,71492,199,762,2,62048,8682,18130118,1.07,86.79
2021-04-07,Japan,126000000,71719,227,764,2,62253,8702,18320962,1.07,86.8
2021-04-08,Japan,126000000,71958,239,765,1,62455,8738,18511805,1.06,86.79
2021-04-09,Japan,126000000,72177,219,768,3,62637,8772,18702648,1.06,86.78
2021-04-10,Japan,126000000,72416,239,771,3,62845,8800,18893492,1.06,86.78
2021-04-11,Japan,126000000,72655,239,773,2,63033,8849,19084335,1.06,86.76
2021-04-12,Japan,126000000,72887,232,776,3,63242,8869,19275178,1.06,86.77
2021-04-13,Japan,126000000,73177,290,782,6,63472,8923,19466022,1.07,86.74
2021-04-14,Japan,126000000,73398,221,785,3,63673,8940,19656865,1.07,86.75
2021-04-15,Japan,126000000,73647,249,787,2,63889,8971,19847708,1.07,86.75
2021-04-16,Japan,126000000,73976,329,789,2,64176,9011,20038552,1.07,86.75
2021-04-17,Japan,126000000,74131,155,790,1,64306,9035,20229395,1.07,86.75
2021-04-18,Japan,126000000,74358,227,792,2,64513,9053,20420239,1.07,86.76
2021-04-19,Japan,126000000,74647,289,795,3,64772,9080,20611082,1.07,86.77
2021-04-20,Japan,126000000,74858,211,798,3,64952,9108,20801925,1.07,86.77
2021-04-21,Japan,126000000,75084,226,802,4,65157,9125,20992769,1.07,86.78
2021-04-22,Japan,126000000,75444,360,807,5,65494,9143,21183612,1.07,86.81
2021-04-23,Japan,126000000,75711,267,808,1,65729,9174,21374455,1.07,86.82
2021-04-24,Japan,126000000,76039,328,811,3,66016,9212,21565299,1.07,86.82
2021-04-25,Japan,126000000,76368,329,816,5,66312,9240,21756142,1.07,86.83
2021-04-26,Japan,126000000,76697,329,818,2,66579,9300,21946985,1.07,86.81
2021-04-27,Japan,126000000,76903,206,821,3,66744,9338,22137829,1.07,86.79
2021-04-28,Japan,126000000,77254,351,824,3,67053,9377,22328672,1.07,86.8
2021-04-29,Japan,126000000,77440,186,826,2,67199,9415,22519515,1.07,86.78
2021-04-30,Japan,126000000,77694,254,827,1,67401,9466,22710359,1.06,86.75
2021-05-01,Japan,126000000,78000,306,830,3,67641,9529,22901202,1.06,86.72
2021-05-02,Japan,126000000,78262,262,834,4,67885,9543,23092046,1.07,86.74
2021-05-03,Japan,126000000,78499,237,836,2,68074,9589,23282889,1.06,86.72
2021-05-04,Japan,126000000,78707,208,839,3,68272,9596,23473732,1.07,86.74
2021-05-05,Japan,126000000,79000,293,841,2,68506,9653,23664576,1.06,86.72
2021-05-06,Japan,126000000,79241,241,845,4,68710,9686,23855419,1.07,86.71
2021-05-07,Japan,126000000,79543,302,848,3,68976,9719,24046262,1.07,86.72
2021-05-08,Japan,126000000,79740,197,850,2,69157,9733,24237106,1.07,86.73
2021-05-09,Japan,126000000,80000,260,851,1,69396,9753,24427949,1.06,86.75
2021-05-10,Japan,126000000,80171,171,853,2,69535,9783,24618792,1.06,86.73
2021-05-11,Japan,126000000,80384,213,856,3,69722,9806,24809636,1.06,86.74
2021-05-12,Japan,126000000,80591,207,858,2,69909,9824,25000479,1.06,86.75
2021-05-13,Japan,126000000,80920,329,863,5,70166,9891,25191322,1.07,86.71
2021-05-14,Japan,126000000,81100,180,864,1,70308,9928,25382166,1.07,86.69
2021-05-15,Japan,126000000,81435,335,866,2,70589,9980,25573009,1.06,86.68
2021-05-16,Japan,126000000,81713,278,869,3,70846,9998,25763853,1.06,86.7
2021-05-17,Japan,126000000,81957,244,873,4,71072,10012,25954696,1.07,86.72
2021-05-18,Japan,126000000,82139,182,876,3,71223,10040,26145539,1.07,86.71
2021-05-19,Japan,126000000,82396,257,880,4,71426,10090,26336383,1.07,86.69
2021-05-20,Japan,126000000,82660,264,881,1,71664,10115,26527226,1.07,86.7
2021-05-21,Japan,126000000,82897,237,883,2,71877,10137,26718069,1.07,86.71
2021-05-22,Japan,126000000,83184,287,887,4,72135,10162,26908913,1.07,86.72
2021-05-23,Japan,126000000,83406,222,888,1,72344,10174,27099756,1.06,86.74
2021-05-24,Japan,126000000,83654,248,890,2,72568,10196,27290599,1.06,86.75
2021-05-25,Japan,126000000,83865,211,894,4,72745,10226,27481443,1.07,86.74
2021-05-26,Japan,126000000,84122,257,898,4,72948,10276,27672286,1.07,86.72
2021-05-27,Japan,126000000,84405,283,901,3,73203,10301,27863129,1.07,86.73
2021-05-28,Japan,126000000,84678,273,906,5,73452,10320,28053973,1.07,86.74
2021-05-29,Japan,126000000,84897,219,909,3,73633,10355,28244816,1.07,86.73
2021-05-30,Japan,126000000,85140,243,914,5,73824,10402,28435660,1.07,86.71
2021-05-31,Japan,126000000,85311,171,916,2,73985,10410,28626503,1.07,86.72
2021-06-01,Japan,126000000,85494,183,918,2,74157,10419,28817346,1.07,86.74
2021-06-02,Japan,126000000,85759,265,921,3,74378,10460,29008190,1.07,86.73
2021-06-03,Japan,126000000,85966,207,923,2,74555,10488,29199033,1.07,86.73
2021-06-04,Japan,126000000,86149,183,924,1,74708,10517,29389876,1.07,86.72
2021-06-05,Japan,126000000,86327,178,926,2,74859,10542,29580720,1.07,86.72
2021-06-06,Japan,126000000,86515,188,927,1,75018,10570,29771563,1.07,86.71
2021-06-07,Japan,126000000,86657,142,929,2,75134,10594,29962406,1.07,86.7
2021-06-08,Japan,126000000,86852,195,932,3,75307,10613,30153250,1.07,86.71
2021-06-09,Japan,126000000,87023,171,935,3,75468,10620,30344093,1.07,86.72
2021-06-10,Japan,126000000,87253,230,938,3,75652,10663,30534936,1.08,86.7
2021-06-11,Japan,126000000,87387,134,939,1,75757,10691,30725780,1.07,86.69
2021-06-12,Japan,126000000,87585,198,940,1,75942,10703,30916623,1.07,86.71
2021-06-13,Japan,126000000,87780,195,944,4,76103,10733,31107466,1.08,86.7
2021-06-14,Japan,126000000,87952,172,946,2,76258,10748,31298310,1.08,86.7
2021-06-15,Japan,126000000,88111,159,948,2,76409,10754,31489153,1.08,86.72
2021-06-16,Japan,126000000,88317,206,950,2,76583,10784,31679997,1.08,86.71
2021-06-17,Japan,126000000,88518,201,953,3,76773,10792,31870840,1.08,86.73
2021-06-18,Japan,126000000,88758,240,957,4,76974,10827,32061683,1.08,86.72
2021-06-19,Japan,126000000,88988,230,961,4,77185,10842,32252527,1.08,86.74
2021-06-20,Japan,126000000,89289,301,966,5,77464,10859,32443370,1.08,86.76
2021-06-21,Japan,126000000,89578,289,969,3,77731,10878,32634213,1.08,86.77
2021-06-22,Japan,126000000,89758,180,972,3,77877,10909,32825057,1.08,86.76
2021-06-23,Japan,126000000,89982,224,973,1,78074,10935,33015900,1.08,86.77
2021-06-24,Japan,126000000,90181,199,976,3,78259,10946,33206743,1.08,86.78
2021-06-25,Japan,126000000,90431,250,981,5,78488,10962,33397587,1.08,86.79
2021-06-26,Japan,126000000,90616,185,983,2,78640,10993,33588430,1.08,86.78
2021-06-27,Japan,126000000,90825,209,986,3,78808,11031,33779273,1.09,86.77
2021-06-28,Japan,126000000,91026,201,989,3,78996,11041,33970117,1.09,86.78
2021-06-29,Japan,126000000,91216,190,990,1,79157,11069,34160960,1.09,86.78
2021-06-30,Japan,126000000,91383,167,991,1,79304,11088,34351804,1.08,86.78
2021-07-01,Japan,126000000,91532,149,992,1,79421,11119,34542647,1.08,86.77
2021-07-02,Japan,126000000,91765,233,996,4,79623,11146,34733490,1.09,86.77
2021-07-03,Japan,126000000,91993,228,1000,4,79838,11155,34924334,1.09,86.79
2021-07-04,Japan,126000000,92127,134,1000,0,79959,11168,35115177,1.09,86.79
2021-07-05,Japan,126000000,92396,269,1004,4,80214,11178,35306020,1.09,86.82
2021-07-06,Japan,126000000,92559,163,1007,3,80364,11188,35496864,1.09,86.82
2021-07-07,Japan,126000000,92735,176,1008,1,80525,11202,35687707,1.09,86.83
2021-07-08,Japan,126000000,92896,161,1010,2,80677,11209,35878550,1.09,86.85
2021-07-09,Japan,126000000,93093,197,1012,2,80858,11223,36069394,1.09,86.86
2021-07-10,Japan,126000000,93283,190,1014,2,81028,11241,36260237,1.09,86.86
2021-07-11,Japan,126000000,93497,214,1018,4,81201,11278,36451080,1.09,86.85
2021-07-12,Japan,126000000,93652,155,1020,2,81336,11296,36641924,1.09,86.85
2021-07-13,Japan,126000000,93831,179,1023,3,81488,11320,36832767,1.09,86.85
2021-07-14,Japan,126000000,94056,225,1025,2,81690,11341,37023611,1.09,86.85
2021-07-15,Japan,126000000,94250,194,1028,3,81852,11370,37214454,1.09,86.85
2021-07-16,Japan,126000000,94439,189,1030,2,82008,11401,37405297,1.09,86.84
2021-07-17,Japan,126000000,94589,150,1033,3,82138,11418,37596141,1.09,86.84
2021-07-18,Japan,126000000,94766,177,1036,3,82301,11429,37786984,1.09,86.85
2021-07-19,Japan,126000000,94967,201,1039,3,82471,11457,37977827,1.09,86.84
2021-07-20,Japan,126000000,95264,297,1044,5,82748,11472,38168671,1.1,86.86
2021-07-21,Japan,126000000,95439,175,1045,1,82912,11482,38359514,1.09,86.87
2021-07-22,Japan,126000000,95631,192,1046,1,83090,11495,38550357,1.09,86.89
2021-07-23,Japan,126000000,95842,211,1049,3,83285,11508,38741201,1.09,86.9
2021-07-24,Japan,126000000,96017,175,1052,3,83430,11535,38932044,1.1,86.89
2021-07-25,Japan,126000000,96308,291,1054,2,83703,11551,39122887,1.09,86.91
2021-07-26,Japan,126000000,96511,203,1056,2,83882,11573,39313731,1.09,86.91
2021-07-27,Japan,126000000,96672,161,1058,2,84019,11595,39504574,1.09,86.91
2021-07-28,Japan,126000000,96822,150,1060,2,84146,11616,39695417,1.09,86.91
2021-07-29,Japan,126000000,96954,132,1060,0,84271,11623,39886261,1.09,86.92
2021-07-30,Japan,126000000,97090,136,1061,1,84382,11647,40077104,1.09,86.91
2021-07-31,Japan,126000000,97248,158,1062,1,84509,11677,40267948,1.09,86.9
2021-08-01,Japan,126000000,97422,174,1064,2,84664,11694,40458791,1.09,86.9
2021-08-02,Japan,126000000,97595,173,1066,2,84798,11731,40649634,1.09,86.89
2021-08-03,Japan,126000000,97780,185,1069,3,84947,11764,40840478,1.09,86.88
2021-08-04,Japan,126000000,97981,201,1072,3,85109,11800,41031321,1.09,86.86
2021-08-05,Japan,126000000,98166,185,1074,2,85271,11821,41222164,1.09,86.86
2021-08-06,Japan,126000000,98297,131,1074,0,85383,11840,41413008,1.09,86.86
2021-08-07,Japan,126000000,98546,249,1075,1,85586,11885,41603851,1.09,86.85
2021-08-08,Japan,126000000,98813,267,1077,2,85817,11919,41794694,1.09,86.85
2021-08-09,Japan,126000000,98993,180,1078,1,85971,11944,41985538,1.09,86.85
2021-08-10,Japan,126000000,99252,259,1080,2,86208,11964,42176381,1.09,86.86
2021-08-11,Japan,126000000,99440,188,1083,3,86362,11995,42367224,1.09,86.85
2021-08-12,Japan,126000000,99592,152,1084,1,86495,12013,42558068,1.09,86.85
2021-08-13,Japan,126000000,99788,196,1087,3,86659,12042,42748911,1.09,86.84
2021-08-14,Japan,126000000,99960,172,1089,2,86821,12050,42939755,1.09,86.86
2021-08-15,Japan,126000000,100157,197,1090,1,86999,12068,43130598,1.09,86.86
2021-08-16,Japan,126000000,100349,192,1093,3,87178,12078,43321441,1.09,86.87
2021-08-17,Japan,126000000,100533,184,1094,1,87352,12087,43512285,1.09,86.89
2021-08-18,Japan,126000000,100710,177,1096,2,87519,12095,43703128,1.09,86.9
2021-08-19,Japan,126000000,100881,171,1097,1,87670,12114,43893971,1.09,86.9
2021-08-20,Japan,126000000,101063,182,1100,3,87824,12139,44084815,1.09,86.9
2021-08-21,Japan,126000000,101252,189,1103,3,87996,12153,44275658,1.09,86.91
2021-08-22,Japan,126000000,101458,206,1105,2,88157,12196,44466501,1.09,86.89
2021-08-23,Japan,126000000,101639,181,1108,3,88329,12202,44657345,1.09,86.9
2021-08-24,Japan,126000000,101831,192,1111,3,88503,12217,44848188,1.09,86.91
2021-08-25,Japan,126000000,102025,194,1114,3,88673,12238,45039031,1.09,86.91
2021-08-26,Japan,126000000,102221,196,1117,3,88853,12251,45229875,1.09,86.92
2021-08-27,Japan,126000000,102384,163,1120,3,88993,12271,45420718,1.09,86.92
2021-08-28,Japan,126000000,102574,190,1123,3,89156,12295,45611562,1.09,86.92
2021-08-29,Japan,126000000,102754,180,1126,3,89315,12313,45802405,1.1,86.92
2021-08-30,Japan,126000000,102937,183,1128,2,89473,12336,45993248,1.1,86.92
2021-08-31,Japan,126000000,103089,152,1129,1,89599,12361,46184092,1.1,86.91
2021-09-01,Japan,126000000,103302,213,1131,2,89784,12387,46374935,1.09,86.91
2021-09-02,Japan,126000000,103491,189,1133,2,89941,12417,46565778,1.09,86.91
2021-09-03,Japan,126000000,103656,165,1136,3,90071,12449,46756622,1.1,86.89
2021-09-04,Japan,126000000,103824,168,1139,3,90229,12456,46947465,1.1,86.91
2021-09-05,Japan,126000000,104047,223,1141,2,90435,12471,47138308,1.1,86.92
2021-09-06,Japan,126000000,104231,184,1143,2,90589,12499,47329152,1.1,86.91
2021-09-07,Japan,126000000,104422,191,1145,2,90750,12527,47519995,1.1,86.91
2021-09-08,Japan,126000000,104699,277,1147,2,90966,12586,47710838,1.1,86.88
2021-09-09,Japan,126000000,104882,183,1149,2,91123,12610,47901682,1.1,86.88
2021-09-10,Japan,126000000,105038,156,1152,3,91249,12637,48092525,1.1,86.87
2021-09-11,Japan,126000000,105249,211,1153,1,91430,12666,48283369,1.1,86.87
2021-09-12,Japan,126000000,105410,161,1155,2,91572,12683,48474212,1.1,86.87
2021-09-13,Japan,126000000,105617,207,1157,2,91736,12724,48665055,1.1,86.86
2021-09-14,Japan,126000000,105848,231,1161,4,91926,12761,48855899,1.1,86.85
2021-09-15,Japan,126000000,106125,277,1165,4,92147,12813,49046742,1.1,86.83
2021-09-16,Japan,126000000,106378,253,1169,4,92358,12851,49237585,1.1,86.82
2021-09-17,Japan,126000000,106547,169,1172,3,92510,12865,49428429,1.1,86.83
2021-09-18,Japan,126000000,106796,249,1175,3,92733,12888,49619272,1.1,86.83
2021-09-19,Japan,126000000,106998,202,1177,2,92907,12914,49810115,1.1,86.83
2021-09-20,Japan,126000000,107196,198,1178,1,93092,12926,50000959,1.1,86.84
2021-09-21,Japan,126000000,107446,250,1182,4,93303,12961,50191802,1.1,86.84
2021-09-22,Japan,126000000,107686,240,1183,1,93508,12995,50382645,1.1,86.83
2021-09-23,Japan,126000000,107868,182,1184,1,93669,13015,50573489,1.1,86.84
2021-09-24,Japan,126000000,108090,222,1187,3,93861,13042,50764332,1.1,86.84
2021-09-25,Japan,126000000,108299,209,1188,1,94027,13084,50955175,1.1,86.82
2021-09-26,Japan,126000000,108505,206,1191,3,94187,13127,51146019,1.1,86.8
2021-09-27,Japan,126000000,108661,156,1193,2,94328,13140,51336862,1.1,86.81
2021-09-28,Japan,126000000,108816,155,1196,3,94470,13150,51527706,1.1,86.82
2021-09-29,Japan,126000000,109012,196,1200,4,94636,13176,51718549,1.1,86.81
2021-09-30,Japan,126000000,109201,189,1202,2,94804,13195,51909392,1.1,86.82
2021-10-01,Japan,126000000,109346,145,1203,1,94939,13204,52100236,1.1,86.82
2021-10-02,Japan,126000000,109610,264,1204,1,95174,13232,52291079,1.1,86.83
2021-10-03,Japan,126000000,109840,230,1206,2,95374,13260,52481922,1.1,86.83
2021-10-04,Japan,126000000,110035,195,1207,1,95550,13278,52672766,1.1,86.84
2021-10-05,Japan,126000000,110295,260,1210,3,95763,13322,52863609,1.1,86.82
2021-10-06,Japan,126000000,110430,135,1212,2,95868,13350,53054452,1.1,86.81
2021-10-07,Japan,126000000,110616,186,1214,2,96033,13369,53245296,1.1,86.82
2021-10-08,Japan,126000000,110866,250,1217,3,96243,13406,53436139,1.1,86.81
2021-10-09,Japan,126000000,111109,243,1218,1,96447,13444,53626982,1.1,86.8
2021-10-10,Japan,126000000,111326,217,1220,2,96620,13486,53817826,1.1,86.79
2021-10-11,Japan,126000000,111619,293,1225,5,96894,13500,54008669,1.1,86.81
2021-10-12,Japan,126000000,111884,265,1227,2,97111,13546,54199513,1.1,86.8
2021-10-13,Japan,126000000,112064,180,1228,1,97270,13566,54390356,1.1,86.8
2021-10-14,Japan,126000000,112285,221,1231,3,97450,13604,54581199,1.1,86.79
2021-10-15,Japan,126000000,112493,208,1235,4,97623,13635,54772043,1.1,86.78
2021-10-16,Japan,126000000,112685,192,1236,1,97775,13674,54962886,1.1,86.77
2021-10-17,Japan,126000000,112894,209,1238,2,97970,13686,55153729,1.1,86.78
2021-10-18,Japan,126000000,113164,270,1240,2,98202,13722,55344573,1.1,86.78
2021-10-19,Japan,126000000,113417,253,1242,2,98432,13743,55535416,1.1,86.79
2021-10-20,Japan,126000000,113654,237,1243,1,98618,13793,55726259,1.09,86.77
2021-10-21,Japan,126000000,113890,236,1244,1,98813,13833,55917103,1.09,86.76
2021-10-22,Japan,126000000,114096,206,1246,2,99002,13848,56107946,1.09,86.77
2021-10-23,Japan,126000000,114275,179,1247,1,99146,13882,56298789,1.09,86.76
2021-10-24,Japan,126000000,114567,292,1249,2,99418,13900,56489633,1.09,86.78
2021-10-25,Japan,126000000,114908,341,1252,3,99706,13950,56680476,1.09,86.77
2021-10-26,Japan,126000000,115083,175,1254,2,99854,13975,56871320,1.09,86.77
2021-10-27,Japan,126000000,115292,209,1256,2,100051,13985,57062163,1.09,86.78
2021-10-28,Japan,126000000,115588,296,1259,3,100305,14024,57253006,1.09,86.78
2021-10-29,Japan,126000000,115788,200,1260,1,100488,14040,57443850,1.09,86.79
2021-10-30,Japan,126000000,116032,244,1263,3,100714,14055,57634693,1.09,86.8
2021-10-31,Japan,126000000,116324,292,1265,2,100976,14083,57825536,1.09,86.81
2021-11-01,Japan,126000000,116655,331,1267,2,101269,14119,58016380,1.09,86.81
2021-11-02,Japan,126000000,116892,237,1270,3,101489,14133,58207223,1.09,86.82
2021-11-03,Japan,126000000,117173,281,1275,5,101728,14170,58398066,1.09,86.82
2021-11-04,Japan,126000000,117435,262,1277,2,101962,14196,58588910,1.09,86.82
2021-11-05,Japan,126000000,117641,206,1278,1,102147,14216,58779753,1.09,86.83
2021-11-06,Japan,126000000,117894,253,1282,4,102371,14241,58970596,1.09,86.83
2021-11-07,Japan,126000000,118073,179,1285,3,102539,14249,59161440,1.09,86.84
2021-11-08,Japan,126000000,118321,248,1289,4,102767,14265,59352283,1.09,86.85
2021-11-09,Japan,126000000,118528,207,1293,4,102951,14284,59543126,1.09,86.86
2021-11-10,Japan,126000000,118734,206,1295,2,103131,14308,59733970,1.09,86.86
2021-11-11,Japan,126000000,118939,205,1298,3,103292,14349,59924813,1.09,86.84
2021-11-12,Japan,126000000,119220,281,1301,3,103545,14374,60115657,1.09,86.85
2021-11-13,Japan,126000000,119451,231,1305,4,103753,14393,60306500,1.09,86.86
2021-11-14,Japan,126000000,119678,227,1308,3,103938,14432,60497343,1.09,86.85
2021-11-15,Japan,126000000,119969,291,1310,2,104190,14469,60688187,1.09,86.85
2021-11-16,Japan,126000000,120147,178,1312,2,104344,14491,60879030,1.09,86.85
2021-11-17,Japan,126000000,120468,321,1317,5,104601,14550,61069873,1.09,86.83
2021-11-18,Japan,126000000,120702,234,1319,2,104796,14587,61260717,1.09,86.82
2021-11-19,Japan,126000000,121030,328,1325,6,105098,14607,61451560,1.09,86.84
2021-11-20,Japan,126000000,121377,347,1331,6,105424,14622,61642403,1.1,86.86
2021-11-21,Japan,126000000,121602,225,1333,2,105622,14647,61833247,1.1,86.86
2021-11-22,Japan,126000000,121906,304,1338,5,105880,14688,62024090,1.1,86.85
2021-11-23,Japan,126000000,122100,194,1341,3,106032,14727,62214933,1.1,86.84
2021-11-24,Japan,126000000,122478,378,1344,3,106384,14750,62405777,1.1,86.86
2021-11-25,Japan,126000000,122704,226,1348,4,106574,14782,62596620,1.1,86.85
2021-11-26,Japan,126000000,123037,333,1353,5,106871,14813,62787464,1.1,86.86
2021-11-27,Japan,126000000,123263,226,1357,4,107054,14852,62978307,1.1,86.85
2021-11-28,Japan,126000000,123478,215,1358,1,107240,14880,63169150,1.1,86.85
2021-11-29,Japan,126000000,123740,262,1360,2,107482,14898,63359994,1.1,86.86
2021-11-30,Japan,126000000,123956,216,1363,3,107665,14928,63550837,1.1,86.86
2021-12-01,Japan,126000000,124215,259,1367,4,107901,14947,63741680,1.1,86.87
2021-12-02,Japan,126000000,124467,252,1368,1,108098,15001,63932524,1.1,86.85
2021-12-03,Japan,126000000,124685,218,1370,2,108282,15033,64123367,1.1,86.84
2021-12-04,Japan,126000000,124916,231,1374,4,108498,15044,64314210,1.1,86.86
2021-12-05,Japan,126000000,125203,287,1379,5,108760,15064,64505054,1.1,86.87
2021-12-06,Japan,126000000,125518,315,1383,4,109024,15111,64695897,1.1,86.86
2021-12-07,Japan,126000000,125815,297,1389,6,109286,15140,64886740,1.1,86.86
2021-12-08,Japan,126000000,126017,202,1393,4,109444,15180,65077584,1.11,86.85
2021-12-09,Japan,126000000,126287,270,1397,4,109699,15191,65268427,1.11,86.86
2021-12-10,Japan,126000000,126553,266,1401,4,109917,15235,65459271,1.11,86.85
2021-12-11,Japan,126000000,126815,262,1406,5,110124,15285,65650114,1.11,86.84
2021-12-12,Japan,126000000,127006,191,1408,2,110299,15299,65840957,1.11,86.85
2021-12-13,Japan,126000000,127200,194,1409,1,110457,15334,66031801,1.11,86.84
2021-12-14,Japan,126000000,127414,214,1410,1,110647,15357,66222644,1.11,86.84
2021-12-15,Japan,126000000,127718,304,1414,4,110936,15368,66413487,1.11,86.86
2021-12-16,Japan,126000000,128017,299,1420,6,111220,15377,66604331,1.11,86.88
2021-12-17,Japan,126000000,128310,293,1425,5,111466,15419,66795174,1.11,86.87
2021-12-18,Japan,126000000,128545,235,1426,1,111678,15441,66986017,1.11,86.88
2021-12-19,Japan,126000000,128773,228,1429,3,111883,15461,67176861,1.11,86.88
2021-12-20,Japan,126000000,128988,215,1433,4,112073,15482,67367704,1.11,86.89
2021-12-21,Japan,126000000,129185,197,1436,3,112242,15507,67558547,1.11,86.88
2021-12-22,Japan,126000000,129483,298,1441,5,112495,15547,67749391,1.11,86.88
2021-12-23,Japan,126000000,129639,156,1443,2,112643,15553,67940234,1.11,86.89
2021-12-24,Japan,126000000,129836,197,1445,2,112813,15578,68131078,1.11,86.89
2021-12-25,Japan,126000000,130107,271,1448,3,113029,15630,68321921,1.11,86.87
2021-12-26,Japan,126000000,130364,257,1451,3,113254,15659,68512764,1.11,86.88
2021-12-27,Japan,126000000,130556,192,1452,1,113427,15677,68703608,1.11,86.88
2021-12-28,Japan,126000000,130783,227,1456,4,113641,15686,68894451,1.11,86.89
2021-12-29,Japan,126000000,131066,283,1458,2,113893,15715,69085294,1.11,86.9
2021-12-30,Japan,126000000,131328,262,1459,1,114130,15739,69276138,1.11,86.9
2021-12-31,Japan,126000000,131640,312,1465,6,114385,15790,69466981,1.11,86.89
2022-01-01,Japan,126000000,131887,247,1469,4,114589,15829,69657824,1.11,86.88
2022-01-02,Japan,126000000,132151,264,1471,2,114802,15878,69848668,1.11,86.87
2022-01-03,Japan,126000000,132356,205,1474,3,114992,15890,70039511,1.11,86.88
2022-01-04,Japan,126000000,132626,270,1479,5,115230,15917,70230354,1.12,86.88
2022-01-05,Japan,126000000,132842,216,1482,3,115400,15960,70421198,1.12,86.87
2022-01-06,Japan,126000000,133026,184,1483,1,115556,15987,70612041,1.11,86.87
2022-01-07,Japan,126000000,133230,204,1485,2,115741,16004,70802884,1.11,86.87
2022-01-08,Japan,126000000,133499,269,1487,2,115953,16059,70993728,1.11,86.86
2022-01-09,Japan,126000000,133740,241,1490,3,116141,16109,71184571,1.11,86.84
2022-01-10,Japan,126000000,133973,233,1493,3,116337,16143,71375415,1.11,86.84
2022-01-11,Japan,126000000,134275,302,1496,3,116595,16184,71566258,1.11,86.83
2022-01-12,Japan,126000000,134461,186,1499,3,116749,16213,71757101,1.11,86.83
2022-01-13,Japan,126000000,134691,230,1500,1,116938,16253,71947945,1.11,86.82
2022-01-14,Japan,126000000,134907,216,1501,1,117119,16287,72138788,1.11,86.81
2022-01-15,Japan,126000000,135131,224,1503,2,117325,16303,72329631,1.11,86.82
2022-01-16,Japan,126000000,135343,212,1504,1,117514,16325,72520475,1.11,86.83
2022-01-17,Japan,126000000,135587,244,1508,4,117746,16333,72711318,1.11,86.84
2022-01-18,Japan,126000000,135845,258,1509,1,117978,16358,72902161,1.11,86.85
2022-01-19,Japan,126000000,136092,247,1511,2,118173,16408,73093005,1.11,86.83
2022-01-20,Japan,126000000,136270,178,1514,3,118335,16421,73283848,1.11,86.84
2022-01-21,Japan,126000000,136490,220,1518,4,118521,16451,73474691,1.11,86.83
2022-01-22,Japan,126000000,136801,311,1521,3,118793,16487,73665535,1.11,86.84
2022-01-23,Japan,126000000,137009,208,1523,2,118961,16525,73856378,1.11,86.83
2022-01-24,Japan,126000000,137191,182,1526,3,119125,16540,74047222,1.11,86.83
2022-01-25,Japan,126000000,137505,314,1528,2,119397,16580,74238065,1.11,86.83
2022-01-26,Japan,126000000,137702,197,1531,3,119558,16613,74428908,1.11,86.82
2022-01-27,Japan,126000000,137928,226,1534,3,119772,16622,74619752,1.11,86.84
2022-01-28,Japan,126000000,138082,154,1534,0,119895,16653,74810595,1.11,86.83
2022-01-29,Japan,126000000,138373,291,1538,4,120147,16688,75001438,1.11,86.83
2022-01-30,Japan,126000000,138612,239,1540,2,120356,16716,75192282,1.11,86.83
2022-01-31,Japan,126000000,138815,203,1543,3,120533,16739,75383125,1.11,86.83
2022-02-01,Japan,126000000,138959,144,1545,2,120657,16757,75573968,1.11,86.83
2022-02-02,Japan,126000000,139157,198,1547,2,120834,16776,75764812,1.11,86.83
2022-02-03,Japan,126000000,139462,305,1552,5,121119,16791,75955655,1.11,86.85
2022-02-04,Japan,126000000,139675,213,1554,2,121316,16805,76146498,1.11,86.86
2022-02-05,Japan,126000000,139913,238,1555,1,121502,16856,76337342,1.11,86.84
2022-02-06,Japan,126000000,140076,163,1556,1,121638,16882,76528185,1.11,86.84
2022-02-07,Japan,126000000,140282,206,1558,2,121825,16899,76719029,1.11,86.84
2022-02-08,Japan,126000000,140472,190,1559,1,121980,16933,76909872,1.11,86.84
2022-02-09,Japan,126000000,140618,146,1560,1,122120,16938,77100715,1.11,86.85
2022-02-10,Japan,126000000,140774,156,1561,1,122261,16952,77291559,1.11,86.85
2022-02-11,Japan,126000000,140986,212,1563,2,122460,16963,77482402,1.11,86.86
2022-02-12,Japan,126000000,141172,186,1565,2,122605,17002,77673245,1.11,86.85
2022-02-13,Japan,126000000,141493,321,1567,2,122868,17058,77864089,1.11,86.84
2022-02-14,Japan,126000000,141766,273,1572,5,123082,17112,78054932,1.11,86.82
2022-02-15,Japan,126000000,142105,339,1577,5,123348,17180,78245775,1.11,86.8
2022-02-16,Japan,126000000,142262,157,1579,2,123470,17213,78436619,1.11,86.79
2022-02-17,Japan,126000000,142452,190,1582,3,123622,17248,78627462,1.11,86.78
2022-02-18,Japan,126000000,142590,138,1583,1,123746,17261,78818305,1.11,86.78
2022-02-19,Japan,126000000,142833,243,1588,5,123978,17267,79009149,1.11,86.8
2022-02-20,Japan,126000000,142976,143,1589,1,124102,17285,79199992,1.11,86.8
2022-02-21,Japan,126000000,143101,125,1590,1,124221,17290,79390835,1.11,86.81
2022-02-22,Japan,126000000,143258,157,1592,2,124354,17312,79581679,1.11,86.8
2022-02-23,Japan,126000000,143438,180,1595,3,124503,17340,79772522,1.11,86.8
2022-02-24,Japan,126000000,143666,228,1597,2,124690,17379,79963366,1.11,86.79
2022-02-25,Japan,126000000,143795,129,1598,1,124813,17384,80154209,1.11,86.8
2022-02-26,Japan,126000000,143984,189,1601,3,124982,17401,80345052,1.11,86.8
2022-02-27,Japan,126000000,144167,183,1604,3,125143,17420,80535896,1.11,86.8
2022-02-28,Japan,126000000,144419,252,1606,2,125356,17457,80726739,1.11,86.8
2022-03-01,Japan,126000000,144617,198,1609,3,125541,17467,80917582,1.11,86.81
2022-03-02,Japan,126000000,144786,169,1612,3,125682,17492,81108426,1.11,86.81
2022-03-03,Japan,126000000,144932,146,1613,1,125817,17502,81299269,1.11,86.81
2022-03-04,Japan,126000000,145122,190,1616,3,125993,17513,81490112,1.11,86.82
2022-03-05,Japan,126000000,145318,196,1617,1,126165,17536,81680956,1.11,86.82
2022-03-06,Japan,126000000,145461,143,1618,1,126290,17553,81871799,1.11,86.82
2022-03-07,Japan,126000000,145616,155,1620,2,126426,17570,82062642,1.11,86.82
2022-03-08,Japan,126000000,145754,138,1622,2,126546,17586,82253486,1.11,86.82
2022-03-09,Japan,126000000,145881,127,1623,1,126647,17611,82444329,1.11,86.82
2022-03-10,Japan,126000000,146008,127,1624,1,126751,17633,82635173,1.11,86.81
2022-03-11,Japan,126000000,146186,178,1626,2,126895,17665,82826016,1.11,86.8
2022-03-12,Japan,126000000,146312,126,1628,2,127013,17671,83016859,1.11,86.81
2022-03-13,Japan,126000000,146460,148,1629,1,127131,17700,83207703,1.11,86.8
2022-03-14,Japan,126000000,146646,186,1630,1,127283,17733,83398546,1.11,86.8
2022-03-15,Japan,126000000,146817,171,1632,2,127440,17745,83589389,1.11,86.8
2022-03-16,Japan,126000000,146993,176,1635,3,127596,17762,83780233,1.11,86.8
2022-03-17,Japan,126000000,147137,144,1637,2,127716,17784,83971076,1.11,86.8
2022-03-18,Japan,126000000,147279,142,1639,2,127842,17798,84161919,1.11,86.8
2022-03-19,Japan,126000000,147368,89,1640,1,127917,17811,84352763,1.11,86.8
2022-03-20,Japan,126000000,147513,145,1643,3,128047,17823,84543606,1.11,86.8
2022-03-21,Japan,126000000,147675,162,1646,3,128179,17850,84734449,1.11,86.8
2022-03-22,Japan,126000000,147825,150,1648,2,128300,17877,84925293,1.11,86.79
2022-03-23,Japan,126000000,147945,120,1649,1,128403,17893,85116136,1.11,86.79
2022-03-24,Japan,126000000,148083,138,1651,2,128527,17905,85306980,1.11,86.79
2022-03-25,Japan,126000000,148190,107,1653,2,128621,17916,85497823,1.12,86.79
2022-03-26,Japan,126000000,148351,161,1655,2,128775,17921,85688666,1.12,86.8
2022-03-27,Japan,126000000,148494,143,1657,2,128889,17948,85879510,1.12,86.8
2022-03-28,Japan,126000000,148592,98,1658,1,128979,17955,86070353,1.12,86.8
2022-03-29,Japan,126000000,148725,133,1660,2,129098,17967,86261196,1.12,86.8
2022-03-30,Japan,126000000,148824,99,1661,1,129190,17973,86452040,1.12,86.81
2022-03-31,Japan,126000000,148997,173,1664,3,129334,17999,86642883,1.12,86.8
2022-04-01,Japan,126000000,149109,112,1666,2,129438,18005,86833726,1.12,86.81
2022-04-02,Japan,126000000,149262,153,1668,2,129569,18025,87024570,1.12,86.81
2022-04-03,Japan,126000000,149364,102,1670,2,129661,18033,87215413,1.12,86.81
2022-04-04,Japan,126000000,149466,102,1671,1,129748,18047,87406256,1.12,86.81
2022-04-05,Japan,126000000,149606,140,1673,2,129872,18061,87597100,1.12,86.81
2022-04-06,Japan,126000000,149723,117,1674,1,129978,18071,87787943,1.12,86.81
2022-04-07,Japan,126000000,149833,110,1675,1,130073,18085,87978787,1.12,86.81
2022-04-08,Japan,126000000,149945,112,1676,1,130176,18093,88169630,1.12,86.82
2022-04-09,Japan,126000000,150050,105,1676,0,130266,18108,88360473,1.12,86.82
2022-04-10,Japan,126000000,150171,121,1678,2,130381,18112,88551317,1.12,86.82
2022-04-11,Japan,126000000,150288,117,1680,2,130487,18121,88742160,1.12,86.82
2022-04-12,Japan,126000000,150414,126,1682,2,130595,18137,88933003,1.12,86.82
2022-04-13,Japan,126000000,150535,121,1683,1,130699,18153,89123847,1.12,86.82
2022-04-14,Japan,126000000,150673,138,1685,2,130817,18171,89314690,1.12,86.82
2022-04-15,Japan,126000000,150798,125,1686,1,130936,18176,89505533,1.12,86.83
2022-04-16,Japan,126000000,150894,96,1687,1,131013,18194,89696377,1.12,86.82
2022-04-17,Japan,126000000,150989,95,1688,1,131092,18209,89887220,1.12,86.82
2022-04-18,Japan,126000000,151101,112,1689,1,131188,18224,90078063,1.12,86.82
2022-04-19,Japan,126000000,151186,85,1689,0,131266,18231,90268907,1.12,86.82
2022-04-20,Japan,126000000,151271,85,1689,0,131338,18244,90459750,1.12,86.82
2022-04-21,Japan,126000000,151352,81,1690,1,131408,18254,90650593,1.12,86.82
2022-04-22,Japan,126000000,151445,93,1691,1,131482,18272,90841437,1.12,86.82
2022-04-23,Japan,126000000,151547,102,1692,1,131568,18287,91032280,1.12,86.82
2022-04-24,Japan,126000000,151628,81,1693,1,131634,18301,91223124,1.12,86.81
2022-04-25,Japan,126000000,151692,64,1694,1,131688,18310,91413967,1.12,86.81
2022-04-26,Japan,126000000,151797,105,1694,0,131772,18331,91604810,1.12,86.81
2022-04-27,Japan,126000000,151882,85,1695,1,131848,18339,91795654,1.12,86.81
2022-04-28,Japan,126000000,152014,132,1696,1,131962,18356,91986497,1.12,86.81
2022-04-29,Japan,126000000,152122,108,1697,1,132065,18360,92177340,1.12,86.82
2022-04-30,Japan,126000000,152212,90,1698,1,132151,18363,92368184,1.12,86.82
2022-05-01,Japan,126000000,152299,87,1699,1,132220,18380,92559027,1.12,86.82
2022-05-02,Japan,126000000,152360,61,1700,1,132268,18392,92749870,1.12,86.81
2022-05-03,Japan,126000000,152470,110,1701,1,132363,18406,92940714,1.12,86.81
2022-05-04,Japan,126000000,152564,94,1702,1,132448,18414,93131557,1.12,86.81
2022-05-05,Japan,126000000,152637,73,1702,0,132516,18419,93322400,1.12,86.82
2022-05-06,Japan,126000000,152715,78,1703,1,132577,18435,93513244,1.12,86.81
2022-05-07,Japan,126000000,152789,74,1703,0,132640,18446,93704087,1.11,86.81
2022-05-08,Japan,126000000,152855,66,1703,0,132695,18457,93894931,1.11,86.81
2022-05-09,Japan,126000000,152934,79,1703,0,132757,18474,94085774,1.11,86.81
2022-05-10,Japan,126000000,153026,92,1703,0,132841,18482,94276617,1.11,86.81
2022-05-11,Japan,126000000,153134,108,1704,1,132934,18496,94467461,1.11,86.81
2022-05-12,Japan,126000000,153196,62,1704,0,132986,18506,94658304,1.11,86.81
2022-05-13,Japan,126000000,153284,88,1705,1,133062,18517,94849147,1.11,86.81
2022-05-14,Japan,126000000,153387,103,1706,1,133143,18538,95039991,1.11,86.8
2022-05-15,Japan,126000000,153459,72,1706,0,133203,18550,95230834,1.11,86.8
2022-05-16,Japan,126000000,153513,54,1706,0,133247,18560,95421677,1.11,86.8
2022-05-17,Japan,126000000,153578,65,1707,1,133306,18565,95421677,1.11,86.8
2022-05-18,Japan,126000000,153653,75,1708,1,133367,18578,95421677,1.11,86.8
2022-05-19,Japan,126000000,153713,60,1709,1,133420,18584,95421677,1.11,86.8
2022-05-20,Japan,126000000,153775,62,1710,1,133473,18592,95421677,1.11,86.8
2022-05-21,Japan,126000000,153844,69,1711,1,133536,18597,95421677,1.11,86.8
2022-05-22,Japan,126000000,153893,49,1711,0,133575,18607,95421677,1.11,86.8
2022-05-23,Japan,126000000,153961,68,1712,1,133629,18620,95421677,1.11,86.79
2022-05-24,Japan,126000000,154010,49,1712,0,133671,18627,95421677,1.11,86.79
2022-05-25,Japan,126000000,154062,52,1713,1,133718,18631,95421677,1.11,86.79
2022-05-26,Japan,126000000,154118,56,1713,0,133768,18637,95421677,1.11,86.8
2022-05-27,Japan,126000000,154175,57,1713,0,133813,18649,95421677,1.11,86.79
2022-05-28,Japan,126000000,154222,47,1713,0,133850,18659,95421677,1.11,86.79
2022-05-29,Japan,126000000,154288,66,1714,1,133907,18667,95421677,1.11,86.79
2022-05-30,Japan,126000000,154334,46,1714,0,133949,18671,95421677,1.11,86.79
2022-05-31,Japan,126000000,154401,67,1715,1,134008,18678,95421677,1.11,86.79
2022-06-01,Japan,126000000,154450,49,1715,0,134053,18682,95421677,1.11,86.79
2022-06-02,Japan,126000000,154508,58,1715,0,134107,18686,95421677,1.11,86.8
2022-06-03,Japan,126000000,154568,60,1716,1,134157,18695,95421677,1.11,86.79
2022-06-04,Japan,126000000,154614,46,1716,0,134198,18700,95421677,1.11,86.8
2022-06-05,Japan,126000000,154669,55,1716,0,134242,18711,95421677,1.11,86.79
2022-06-06,Japan,126000000,154717,48,1716,0,134285,18716,95421677,1.11,86.79
2022-06-07,Japan,126000000,154758,41,1716,0,134323,18719,95421677,1.11,86.8
2022-06-08,Japan,126000000,154801,43,1716,0,134361,18724,95421677,1.11,86.8
2022-06-09,Japan,126000000,154856,55,1716,0,134409,18731,95421677,1.11,86.8
2022-06-10,Japan,126000000,154901,45,1716,0,134448,18737,95421677,1.11,86.8
2022-06-11,Japan,126000000,154954,53,1717,1,134494,18743,95421677,1.11,86.8
2022-06-12,Japan,126000000,155008,54,1717,0,134544,18747,95421677,1.11,86.8
2022-06-13,Japan,126000000,155052,44,1717,0,134585,18750,95421677,1.11,86.8
2022-06-14,Japan,126000000,155086,34,1717,0,134612,18757,95421677,1.11,86.8
2022-06-15,Japan,126000000,155125,39,1717,0,134646,18762,95421677,1.11,86.8
2022-06-16,Japan,126000000,155161,36,1717,0,134678,18766,95421677,1.11,86.8
2022-06-17,Japan,126000000,155209,48,1717,0,134717,18775,95421677,1.11,86.8
2022-06-18,Japan,126000000,155248,39,1717,0,134752,18779,95421677,1.11,86.8
2022-06-19,Japan,126000000,155294,46,1717,0,134794,18783,95421677,1.11,86.8
2022-06-20,Japan,126000000,155349,55,1717,0,134844,18788,95421677,1.11,86.8
2022-06-21,Japan,126000000,155381,32,1717,0,134869,18795,95421677,1.11,86.8
2022-06-22,Japan,126000000,155427,46,1717,0,134906,18804,95421677,1.1,86.8
2022-06-23,Japan,126000000,155477,50,1717,0,134950,18810,95421677,1.1,86.8
2022-06-24,Japan,126000000,155528,51,1717,0,134998,18813,95421677,1.1,86.8
2022-06-25,Japan,126000000,155569,41,1717,0,135030,18822,95421677,1.1,86.8
2022-06-26,Japan,126000000,155597,28,1717,0,135054,18826,95421677,1.1,86.8
2022-06-27,Japan,126000000,155630,33,1717,0,135084,18829,95421677,1.1,86.8
2022-06-28,Japan,126000000,155677,47,1717,0,135122,18838,95421677,1.1,86.8
2022-06-29,Japan,126000000,155712,35,1717,0,135153,18842,95421677,1.1,86.8
2022-06-30,Japan,126000000,155733,21,1717,0,135171,18845,95421677,1.1,86.8
2022-07-01,Japan,126000000,155758,25,1717,0,135193,18848,95421677,1.1,86.8
2022-07-02,Japan,126000000,155783,25,1717,0,135215,18851,95421677,1.1,86.8
2022-07-03,Japan,126000000,155809,26,1717,0,135237,18855,95421677,1.1,86.8
2022-07-04,Japan,126000000,155842,33,1717,0,135265,18860,95421677,1.1,86.8
2022-07-05,Japan,126000000,155869,27,1717,0,135290,18862,95421677,1.1,86.8
2022-07-06,Japan,126000000,155902,33,1717,0,135316,18869,95421677,1.1,86.8
2022-07-07,Japan,126000000,155935,33,1717,0,135343,18875,95421677,1.1,86.79
2022-07-08,Japan,126000000,155970,35,1717,0,135375,18878,95421677,1.1,86.8
2022-07-09,Japan,126000000,156018,48,1717,0,135412,18889,95421677,1.1,86.79
2022-07-10,Japan,126000000,156048,30,1717,0,135436,18895,95421677,1.1,86.79
2022-07-11,Japan,126000000,156076,28,1717,0,135458,18901,95421677,1.1,86.79
2022-07-12,Japan,126000000,156102,26,1717,0,135478,18907,95421677,1.1,86.79
2022-07-13,Japan,126000000,156129,27,1717,0,135500,18912,95421677,1.1,86.79
2022-07-14,Japan,126000000,156156,27,1717,0,135521,18918,95421677,1.1,86.79
2022-07-15,Japan,126000000,156188,32,1717,0,135547,18924,95421677,1.1,86.78
2022-07-16,Japan,126000000,156222,34,1717,0,135576,18929,95421677,1.1,86.78
2022-07-17,Japan,126000000,156250,28,1717,0,135597,18936,95421677,1.1,86.78
2022-07-18,Japan,126000000,156274,24,1717,0,135618,18939,95421677,1.1,86.78
2022-07-19,Japan,126000000,156299,25,1717,0,135637,18945,95421677,1.1,86.78
2022-07-20,Japan,126000000,156326,27,1717,0,135661,18948,95421677,1.1,86.78
2022-07-21,Japan,126000000,156347,21,1717,0,135679,18951,95421677,1.1,86.78
2022-07-22,Japan,126000000,156370,23,1717,0,135700,18953,95421677,1.1,86.78
2022-07-23,Japan,126000000,156390,20,1717,0,135718,18955,95421677,1.1,86.78
2022-07-24,Japan,126000000,156407,17,1717,0,135734,18956,95421677,1.1,86.78
2022-07-25,Japan,126000000,156430,23,1717,0,135754,18959,95421677,1.1,86.78
2022-07-26,Japan,126000000,156447,17,1717,0,135769,18961,95421677,1.1,86.78
2022-07-27,Japan,126000000,156463,16,1717,0,135782,18964,95421677,1.1,86.78
2022-07-28,Japan,126000000,156479,16,1717,0,135794,18968,95421677,1.1,86.78
2022-07-29,Japan,126000000,156496,17,1717,0,135810,18969,95421677,1.1,86.78
2022-07-30,Japan,126000000,156511,15,1717,0,135821,18973,95421677,1.1,86.78
2022-07-31,Japan,126000000,156533,22,1717,0,135838,18978,95421677,1.1,86.78
2022-08-01,Japan,126000000,156553,20,1717,0,135856,18980,95421677,1.1,86.78
2022-08-02,Japan,126000000,156572,19,1717,0,135872,18983,95421677,1.1,86.78
2022-08-03,Japan,126000000,156585,13,1717,0,135883,18985,95421677,1.1,86.78
2022-08-04,Japan,126000000,156605,20,1717,0,135900,18988,95421677,1.1,86.78
2022-08-05,Japan,126000000,156620,15,1717,0,135911,18992,95421677,1.1,86.78
2022-08-06,Japan,126000000,156632,12,1717,0,135922,18993,95421677,1.1,86.78
2022-08-07,Japan,126000000,156649,17,1717,0,135935,18997,95421677,1.1,86.78
2022-08-08,Japan,126000000,156666,17,1717,0,135948,19001,95421677,1.1,86.78
2022-08-09,Japan,126000000,156680,14,1717,0,135961,19002,95421677,1.1,86.78
2022-08-10,Japan,126000000,156698,18,1717,0,135975,19006,95421677,1.1,86.78
2022-08-11,Japan,126000000,156711,13,1717,0,135985,19009,95421677,1.1,86.77
2022-08-12,Japan,126000000,156725,14,1717,0,135997,19011,95421677,1.1,86.77
2022-08-13,Japan,126000000,156738,13,1717,0,136008,19013,95421677,1.1,86.77
2022-08-14,Japan,126000000,156746,8,1717,0,136014,19015,95421677,1.1,86.77
2022-08-15,Japan,126000000,156765,19,1717,0,136031,19017,95421677,1.1,86.77
2022-08-16,Japan,126000000,156777,12,1717,0,136041,19019,95421677,1.1,86.77
2022-08-17,Japan,126000000,156789,12,1717,0,136051,19021,95421677,1.1,86.77
2022-08-18,Japan,126000000,156804,15,1717,0,136065,19022,95421677,1.09,86.77
2022-08-19,Japan,126000000,156817,13,1717,0,136075,19025,95421677,1.09,86.77
2022-08-20,Japan,126000000,156826,9,1717,0,136083,19026,95421677,1.09,86.77
2022-08-21,Japan,126000000,156839,13,1717,0,136095,19027,95421677,1.09,86.77
2022-08-22,Japan,126000000,156849,10,1717,0,136103,19029,95421677,1.09,86.77
2022-08-23,Japan,126000000,156859,10,1717,0,136112,19030,95421677,1.09,86.77
2022-08-24,Japan,126000000,156867,8,1717,0,136118,19032,95421677,1.09,86.77
2022-08-25,Japan,126000000,156879,12,1717,0,136128,19034,95421677,1.09,86.77
2022-08-26,Japan,126000000,156891,12,1717,0,136138,19036,95421677,1.09,86.77
2022-08-27,Japan,126000000,156899,8,1717,0,136144,19038,95421677,1.09,86.77
2022-08-28,Japan,126000000,156909,10,1717,0,136152,19040,95421677,1.09,86.77
2022-08-29,Japan,126000000,156920,11,1717,0,136161,19042,95421677,1.09,86.77
2022-08-30,Japan,126000000,156927,7,1717,0,136166,19044,95421677,1.09,86.77
2022-08-31,Japan,126000000,156935,8,1717,0,136172,19046,95421677,1.09,86.77
2022-09-01,Japan,126000000,156944,9,1717,0,136179,19048,95421677,1.09,86.77
2022-09-02,Japan,126000000,156952,8,1717,0,136186,19049,95421677,1.09,86.77
2022-09-03,Japan,126000000,156960,8,1717,0,136192,19051,95421677,1.09,86.77
2022-09-04,Japan,126000000,156968,8,1717,0,136199,19052,95421677,1.09,86.77
2022-09-05,Japan,126000000,156973,5,1717,0,136203,19053,95421677,1.09,86.77
2022-09-06,Japan,126000000,156981,8,1717,0,136210,19054,95421677,1.09,86.77
2022-09-07,Japan,126000000,156991,10,1717,0,136218,19056,95421677,1.09,86.77
2022-09-08,Japan,126000000,157000,9,1717,0,136225,19058,95421677,1.09,86.77
2022-09-09,Japan,126000000,157005,5,1717,0,136229,19059,95421677,1.09,86.77
2022-09-10,Japan,126000000,157010,5,1717,0,136233,19060,95421677,1.09,86.77
2022-09-11,Japan,126000000,157016,6,1717,0,136237,19062,95421677,1.09,86.77
2022-09-12,Japan,126000000,157024,8,1717,0,136243,19064,95421677,1.09,86.77
2022-09-13,Japan,126000000,157029,5,1717,0,136247,19065,95421677,1.09,86.77
2022-09-14,Japan,126000000,157037,8,1717,0,136253,19067,95421677,1.09,86.76
2022-09-15,Japan,126000000,157043,6,1717,0,136257,19069,95421677,1.09,86.76
2022-09-16,Japan,126000000,157048,5,1717,0,136261,19070,95421677,1.09,86.76
2022-09-17,Japan,126000000,157055,7,1717,0,136267,19071,95421677,1.09,86.76
2022-09-18,Japan,126000000,157061,6,1717,0,136271,19073,95421677,1.09,86.76
2022-09-19,Japan,126000000,157066,5,1717,0,136275,19074,95421677,1.09,86.76
2022-09-20,Japan,126000000,157072,6,1717,0,136280,19075,95421677,1.09,86.76
2022-09-21,Japan,126000000,157076,4,1717,0,136283,19076,95421677,1.09,86.76
2022-09-22,Japan,126000000,157079,3,1717,0,136285,19077,95421677,1.09,86.76
2022-09-23,Japan,126000000,157084,5,1717,0,136288,19079,95421677,1.09,86.76
2022-09-24,Japan,126000000,157088,4,1717,0,136291,19080,95421677,1.09,86.76
2022-09-25,Japan,126000000,157092,4,1717,0,136294,19081,95421677,1.09,86.76
2022-09-26,Japan,126000000,157096,4,1717,0,136297,19082,95421677,1.09,86.76
2022-09-27,Japan,126000000,157101,5,1717,0,136301,19083,95421677,1.09,86.76
2022-09-28,Japan,126000000,157105,4,1717,0,136304,19084,95421677,1.09,86.76
2022-09-29,Japan,126000000,157110,5,1717,0,136308,19085,95421677,1.09,86.76
2022-09-30,Japan,126000000,157114,4,1717,0,136311,19086,95421677,1.09,86.76
2022-10-01,Japan,126000000,157117,3,1717,0,136313,19087,95421677,1.09,86.76
2022-10-02,Japan,126000000,157121,4,1717,0,136316,19088,95421677,1.09,86.76
2022-10-03,Japan,126000000,157124,3,1717,0,136318,19089,95421677,1.09,86.76
2022-10-04,Japan,126000000,157128,4,1717,0,136321,19090,95421677,1.09,86.76
2022-10-05,Japan,126000000,157132,4,1717,0,136324,19091,95421677,1.09,86.76
2022-10-06,Japan,126000000,157135,3,1717,0,136326,19092,95421677,1.09,86.76
2022-10-07,Japan,126000000,157138,3,1717,0,136328,19093,95421677,1.09,86.76
2022-10-08,Japan,126000000,157141,3,1717,0,136330,19094,95421677,1.09,86.76
2022-10-09,Japan,126000000,157144,3,1717,0,136332,19095,95421677,1.09,86.76
2022-10-10,Japan,126000000,157146,2,1717,0,136333,19096,95421677,1.09,86.76
2022-10-11,Japan,126000000,157149,3,1717,0,136335,19097,95421677,1.09,86.76
2022-10-12,Japan,126000000,157151,2,1717,0,136336,19098,95421677,1.09,86.75
2022-10-13,Japan,126000000,157153,2,1717,0,136337,19099,95421677,1.09,86.75
2022-10-14,Japan,126000000,157155,2,1717,0,136338,19100,95421677,1.09,86.75
2022-10-15,Japan,126000000,157156,1,1717,0,136338,19101,95421677,1.09,86.75
2022-10-16,Japan,126000000,157158,2,1717,0,136339,19102,95421677,1.09,86.75
2022-10-17,Japan,126000000,157160,2,1717,0,136340,19103,95421677,1.09,86.75
2022-10-18,Japan,126000000,157162,2,1717,0,136341,19104,95421677,1.09,86.75
2022-10-19,Japan,126000000,157164,2,1717,0,136342,19105,95421677,1.09,86.75
2022-10-20,Japan,126000000,157166,2,1717,0,136343,19106,95421677,1.09,86.75
2022-10-21,Japan,126000000,157169,3,1717,0,136345,19107,95421677,1.09,86.75
2022-10-22,Japan,126000000,157170,1,1717,0,136345,19108,95421677,1.09,86.75
2022-10-23,Japan,126000000,157172,2,1717,0,136346,19109,95421677,1.09,86.75
2022-10-24,Japan,126000000,157174,2,1717,0,136347,19110,95421677,1.09,86.75
2022-10-25,Japan,126000000,157176,2,1717,0,136348,19111,95421677,1.09,86.75
2022-10-26,Japan,126000000,157178,2,1717,0,136349,19112,95421677,1.09,86.75
2022-10-27,Japan,126000000,157179,1,1717,0,136349,19113,95421677,1.09,86.75
2022-10-28,Japan,126000000,157180,1,1717,0,136349,19114,95421677,1.09,86.75
2022-10-29,Japan,126000000,157181,1,1717,0,136349,19115,95421677,1.09,86.75
2022-10-30,Japan,126000000,157182,1,1717,0,136349,19116,95421677,1.09,86.75
2022-10-31,Japan,126000000,157183,1,1717,0,136349,19117,95421677,1.09,86.75
2022-11-01,Japan,126000000,157184,1,1717,0,136349,19118,95421677,1.09,86.74
2022-11-02,Japan,126000000,157185,1,1717,0,136349,19119,95421677,1.09,86.74
2022-11-03,Japan,126000000,157186,1,1717,0,136349,19120,95421677,1.09,86.74
2022-11-04,Japan,126000000,157187,1,1717,0,136349,19121,95421677,1.09,86.74
2022-11-05,Japan,126000000,157188,1,1717,0,136349,19122,95421677,1.09,86.74
2022-11-06,Japan,126000000,157189,1,1717,0,136349,19123,95421677,1.09,86.74
2022-11-07,Japan,126000000,157190,1,1717,0,136349,19124,95421677,1.09,86.74
2022-11-08,Japan,126000000,157191,1,1717,0,136349,19125,95421677,1.09,86.74
2022-11-09,Japan,126000000,157192,1,1717,0,136349,19126,95421677,1.09,86.74
2022-11-10,Japan,126000000,157193,1,1717,0,136349,19127,95421677,1.09,86.74
2022-11-11,Japan,126000000,157194,1,1717,0,136349,19128,95421677,1.09,86.74
2022-11-12,Japan,126000000,157195,1,1717,0,136349,19129,95421677,1.09,86.74
2022-11-13,Japan,126000000,157195,0,1717,0,136349,19129,95421677,1.09,86.74
2022-11-14,Japan,126000000,157196,1,1717,0,136349,19130,95421677,1.09,86.74
2022-11-15,Japan,126000000,157197,1,1717,0,136349,19131,95421677,1.09,86.74
2022-11-16,Japan,126000000,157198,1,1717,0,136349,19132,95421677,1.09,86.74
2022-11-17,Japan,126000000,157199,1,1717,0,136349,19133,95421677,1.09,86.74
2022-11-18,Japan,126000000,157199,0,1717,0,136349,19133,95421677,1.09,86.74
2022-11-19,Japan,126000000,157199,0,1717,0,136349,19133,95421677,1.09,86.74
2022-11-20,Japan,126000000,157200,1,1717,0,136349,19134,95421677,1.09,86.74
2022-11-21,Japan,126000000,157201,1,1717,0,136349,19135,95421677,1.09,86.74
2022-11-22,Japan,126000000,157201,0,1717,0,136349,19135,95421677,1.09,86.74
2022-11-23,Japan,126000000,157201,0,1717,0,136349,19135,95421677,1.09,86.74
2022-11-24,Japan,126000000,157201,0,1717,0,136349,19135,95421677,1.09,86.74
2022-11-25,Japan,126000000,157201,0,1717,0,136349,19135,95421677,1.09,86.74
2022-11-26,Japan,126000000,157201,0,1717,0,136349,19135,95421677,1.09,86.74
2022-11-27,Japan,126000000,157201,0,1717,0,136349,19135,95421677,1.09,86.74
2022-11-28,Japan,126000000,157201,0,1717,0,136349,19135,95421677,1.09,86.74
2022-11-29,Japan,126000000,157201,0,1717,0,136349,19135,95421677,1.09,86.74
2022-11-30,Japan,126000000,157201,0,1717,0,136349,19135,95421677,1.09,86.74
2022-12-01,Japan,126000000,157201,0,1717,0,136349,19135,95421677,1.09,86.74
2022-12-02,Japan,126000000,157201,0,1717,0,136349,19135,95421677,1.09,86.74
2022-12-03,Japan,126000000,157201,0,1717,0,136349,19135,95421677,1.09,86.74
2022-12-04,Japan,126000000,157201,0,1717,0,136349,19135,95421677,1.09,86.74
2022-12-05,Japan,126000000,157201,0,1717,0,136349,19135,95421677,1.09,86.74
2022-12-06,Japan,126000000,157201,0,1717,0,136349,19135,95421677,1.09,86.74
2022-12-07,Japan,126000000,157201,0,1717,0,136349,19135,95421677,1.09,86.74
2022-12-08,Japan,126000000,157201,0,1717,0,136349,19135,95421677,1.09,86.74
2022-12-09,Japan,126000000,157201,0,1717,0,136349,19135,95421677,1.09,86.74
2022-12-10,Japan,126000000,157201,0,1717,0,136349,19135,95421677,1.09,86.74
2022-12-11,Japan,126000000,157201,0,1717,0,136349,19135,95421677,1.09,86.74
2022-12-12,Japan,126000000,157201,0,1717,0,136349,19135,95421677,1.09,86.74
2022-12-13,Japan,126000000,157201,0,1717,0,136349,19135,95421677,1.09,86.74
2022-12-14,Japan,126000000,157201,0,1717,0,136349,19135,95421677,1.09,86.74
2022-12-15,Japan,126000000,157201,0,1717,0,136349,19135,95421677,1.09,86.74
2022-12-16,Japan,126000000,157201,0,1717,0,136349,19135,95421677,1.09,86.74
2022-12-17,Japan,126000000,157201,0,1717,0,136349,19135,95421677,1.09,86.74
2022-12-18,Japan,126000000,157201,0,1717,0,136349,19135,95421677,1.09,86.74
2022-12-19,Japan,126000000,157201,0,1717,0,136349,19135,95421677,1.09,86.74
2022-12-20,Japan,126000000,157201,0,1717,0,136349,19135,95421677,1.09,86.74
2022-12-21,Japan,126000000,157201,0,1717,0,136349,19135,95421677,1.09,86.74
2022-12-22,Japan,126000000,157201,0,1717,0,136349,19135,95421677,1.09,86.74
2022-12-23,Japan,126000000,157201,0,1717,0,136349,19135,95421677,1.09,86.74
2022-12-24,Japan,126000000,157201,0,1717,0,136349,19135,95421677,1.09,86.74
2022-12-25,Japan,126000000,157201,0,1717,0,136349,19135,95421677,1.09,86.74
2022-12-26,Japan,126000000,157201,0,1717,0,136349,19135,95421677,1.09,86.74
2022-12-27,Japan,126000000,157201,0,1717,0,136349,19135,95421677,1.09,86.74
2022-12-28,Japan,126000000,157201,0,1717,0,136349,19135,95421677,1.09,86.74
2022-12-29,Japan,126000000,157201,0,1717,0,136349,19135,95421677,1.09,86.74
2022-12-30,Japan,126000000,157201,0,1717,0,136349,19135,95421677,1.09,86.74
2022-12-31,Japan,126000000,157201,0,1717,0,136349,19135,95421677,1.09,86.74